Annotation,cell_class,Max_TopStruct,NT_binary,Meta_Class,Annotation Reduced,Anno + Topstruct,Anno + Topstruct + Layer
Ex_Ebf2_Prox1_Pou4f3,neuron,MB,VGLUT2,MC_209:Tectal neurons,Ex_Ebf2_Prox1_Pou4f3,Ex_Ebf2_Prox1_Pou4f3_MB,Ex_Ebf2_Prox1_Pou4f3_MB
Ex_Ebf2_Bmp6,neuron,MB,VGLUT2,MC_200:PAG and SCm neurons,Ex_Ebf2_Bmp6,Ex_Ebf2_Bmp6_MB,Ex_Ebf2_Bmp6_MB
Ex_Ebf2_Gpsm3_1,neuron,MB,VGLUT2,MC_200:PAG and SCm neurons,Ex_Ebf2_Gpsm3,Ex_Ebf2_Gpsm3_MB,Ex_Ebf2_Gpsm3_MB
Ex_Ebf2_Gpsm3_2,neuron,MB,VGLUT2,MC_209:Tectal neurons,Ex_Ebf2_Gpsm3,Ex_Ebf2_Gpsm3_MB,Ex_Ebf2_Gpsm3_MB
Ex_Defb1_Gsta2_1,neuron,MB,VGLUT2,MC_209:Tectal neurons,Ex_Defb1_Gsta2,Ex_Defb1_Gsta2_MB,Ex_Defb1_Gsta2_MB
Ex_Defb1_Gsta2_2,neuron,MB,VGLUT2,MC_209:Tectal neurons,Ex_Defb1_Gsta2,Ex_Defb1_Gsta2_MB,Ex_Defb1_Gsta2_MB
Ex_Defb1_Bhlhe23_1,neuron,MB,VGLUT2,MC_205:Tegmental neurons,Ex_Defb1_Bhlhe23,Ex_Defb1_Bhlhe23_MB,Ex_Defb1_Bhlhe23_MB
Ex_Ebf2_Bhlhe23,neuron,MB,VGLUT2,MC_205:Tegmental neurons,Ex_Ebf2_Bhlhe23,Ex_Ebf2_Bhlhe23_MB,Ex_Ebf2_Bhlhe23_MB
Ex_Prox1_Bhlhe23_1,neuron,MB,VGLUT2,MC_209:Tectal neurons,Ex_Prox1_Bhlhe23,Ex_Prox1_Bhlhe23_MB,Ex_Prox1_Bhlhe23_MB
Ex_Prox1_Bhlhe23_2,neuron,MB,VGLUT2,MC_209:Tectal neurons,Ex_Prox1_Bhlhe23,Ex_Prox1_Bhlhe23_MB,Ex_Prox1_Bhlhe23_MB
Ex_Prox1_Bhlhe23_3,neuron,MB,VGLUT2,MC_209:Tectal neurons,Ex_Prox1_Bhlhe23,Ex_Prox1_Bhlhe23_MB,Ex_Prox1_Bhlhe23_MB
Ex_Prox1_Ltbp1,neuron,MB,VGLUT2,MC_209:Tectal neurons,Ex_Prox1_Ltbp1,Ex_Prox1_Ltbp1_MB,Ex_Prox1_Ltbp1_MB
Ex_Zic1_Bhlhe23,neuron,MB,VGLUT2,MC_209:Tectal neurons,Ex_Zic1_Bhlhe23,Ex_Zic1_Bhlhe23_MB,Ex_Zic1_Bhlhe23_MB
Ex_Pax6_Pappa2_1,neuron,MB,VGLUT2,MC_201:PAG and SCm neurons,Ex_Pax6_Pappa2,Ex_Pax6_Pappa2_MB,Ex_Pax6_Pappa2_MB
Ex_Pax6_Pappa2_2,neuron,MB,VGLUT2,MC_201:PAG and SCm neurons,Ex_Pax6_Pappa2,Ex_Pax6_Pappa2_MB,Ex_Pax6_Pappa2_MB
Ex_Pax6_Pappa2_3,neuron,MB,VGLUT2,MC_201:PAG and SCm neurons,Ex_Pax6_Pappa2,Ex_Pax6_Pappa2_MB,Ex_Pax6_Pappa2_MB
Ex_Pax6_Gna14_1,neuron,MB,VGLUT2,MC_201:PAG and SCm neurons,Ex_Pax6_Gna14,Ex_Pax6_Gna14_MB,Ex_Pax6_Gna14_MB
Ex_Pax6_Gna14_2,neuron,MB,VGLUT2,MC_201:PAG and SCm neurons,Ex_Pax6_Gna14,Ex_Pax6_Gna14_MB,Ex_Pax6_Gna14_MB
Ex_Sim1_Asb4,neuron,MB,VGLUT2,MC_188:Hypothalamic and tegmental neurons,Ex_Sim1_Asb4,Ex_Sim1_Asb4_MB,Ex_Sim1_Asb4_MB
Ex_Sim1_Kynu,neuron,MB,VGLUT2,MC_188:Hypothalamic and tegmental neurons,Ex_Sim1_Kynu,Ex_Sim1_Kynu_MB,Ex_Sim1_Kynu_MB
Ex_Lmx1a_Agtr1b,neuron,MB,VGLUT2,MC_188:Hypothalamic and tegmental neurons,Ex_Lmx1a_Agtr1b,Ex_Lmx1a_Agtr1b_MB,Ex_Lmx1a_Agtr1b_MB
Ex_Lmx1a_Tinag,neuron,MB,VGLUT2,MC_188:Hypothalamic and tegmental neurons,Ex_Lmx1a_Tinag,Ex_Lmx1a_Tinag_MB,Ex_Lmx1a_Tinag_MB
Ex_Sim1_Pitx2_1,neuron,MB,VGLUT2,MC_195:Tegmental neurons,Ex_Sim1_Pitx2,Ex_Sim1_Pitx2_MB,Ex_Sim1_Pitx2_MB
Ex_Sim1_Pitx2_2,neuron,MB,VGLUT2,MC_195:Tegmental neurons,Ex_Sim1_Pitx2,Ex_Sim1_Pitx2_MB,Ex_Sim1_Pitx2_MB
Ex_Sim1_Pitx2_3,neuron,MB,VGLUT2,MC_195:Tegmental neurons,Ex_Sim1_Pitx2,Ex_Sim1_Pitx2_MB,Ex_Sim1_Pitx2_MB
Inh_Tbx3_Crabp1,neuron,MB,GABA,MC_83:Hypothalamic and pallidal neurons,Inh_Tbx3_Crabp1,Inh_Tbx3_Crabp1_MB,Inh_Tbx3_Crabp1_MB
Ex_Vsx2_Pitx2,neuron,MB,VGLUT2,MC_154:Midbrain and pontine neurons,Ex_Vsx2_Pitx2,Ex_Vsx2_Pitx2_MB,Ex_Vsx2_Pitx2_MB
Ex_Vsx2_Galr1,neuron,MB,VGLUT2,MC_154:Midbrain and pontine neurons,Ex_Vsx2_Galr1,Ex_Vsx2_Galr1_MB,Ex_Vsx2_Galr1_MB
Ex_Vsx2_C1ql4,neuron,MB,VGLUT2,MC_155:Pontine and medullary reticular neurons,Ex_Vsx2_C1ql4,Ex_Vsx2_C1ql4_MB,Ex_Vsx2_C1ql4_MB
Ex_Vsx2_Sox1,neuron,,VGLUT2,MC_198:Brainstem neurons,Ex_Vsx2_Sox1,Ex_Vsx2_Sox1,Ex_Vsx2_Sox1
Inh_Pax3_Zic1_1,neuron,MB,GABA,MC_96:Midbrain neurons,Inh_Pax3_Zic1,Inh_Pax3_Zic1_MB,Inh_Pax3_Zic1_MB
Inh_Pax3_Zic1_2,neuron,MB,GABA,MC_96:Midbrain neurons,Inh_Pax3_Zic1,Inh_Pax3_Zic1_MB,Inh_Pax3_Zic1_MB
Ex_Tcf7l2_Prokr2,neuron,MB,VGLUT2,MC_214:Lateral habenular neurons,Ex_Tcf7l2_Prokr2,Ex_Tcf7l2_Prokr2_MB,Ex_Tcf7l2_Prokr2_MB
Ex_Sox6_Twist1,neuron,MB,VGLUT2,MC_214:Lateral habenular neurons,Ex_Sox6_Twist1,Ex_Sox6_Twist1_MB,Ex_Sox6_Twist1_MB
Inh_Zeb2_Crym_1,neuron,MB,GLY,MC_141:Medullary neurons,Inh_Zeb2_Crym,Inh_Zeb2_Crym_MB,Inh_Zeb2_Crym_MB
Inh_Zeb2_Crym_2,neuron,MB,GLY,MC_141:Medullary neurons,Inh_Zeb2_Crym,Inh_Zeb2_Crym_MB,Inh_Zeb2_Crym_MB
Inh_Zeb2_Clec10a,neuron,,GLY,"MC_119:Cerebellar interneurons (MLI, PLI)",Inh_Zeb2_Clec10a,Inh_Zeb2_Clec10a,Inh_Zeb2_Clec10a
Ex_C1ql4_Art4,neuron,MB,VGLUT2,MC_212:Tectal neurons,Ex_C1ql4_Art4,Ex_C1ql4_Art4_MB,Ex_C1ql4_Art4_MB
Ex_C1ql4_Nts,neuron,MB,VGLUT2,MC_212:Tectal neurons,Ex_C1ql4_Nts,Ex_C1ql4_Nts_MB,Ex_C1ql4_Nts_MB
Ex_C1ql4_Tnnt2,neuron,MB,VGLUT2,MC_212:Tectal neurons,Ex_C1ql4_Tnnt2,Ex_C1ql4_Tnnt2_MB,Ex_C1ql4_Tnnt2_MB
Ex_C1ql4_Slc25a21,neuron,MB,VGLUT2,MC_212:Tectal neurons,Ex_C1ql4_Slc25a21,Ex_C1ql4_Slc25a21_MB,Ex_C1ql4_Slc25a21_MB
Ex_C1ql4_Mdfic2_1,neuron,MB,VGLUT2,MC_212:Tectal neurons,Ex_C1ql4_Mdfic2,Ex_C1ql4_Mdfic2_MB,Ex_C1ql4_Mdfic2_MB
Ex_C1ql4_Mdfic2_2,neuron,MB,VGLUT2,MC_212:Tectal neurons,Ex_C1ql4_Mdfic2,Ex_C1ql4_Mdfic2_MB,Ex_C1ql4_Mdfic2_MB
Ex_C1ql4_Pappa,neuron,MB,VGLUT2,MC_212:Tectal neurons,Ex_C1ql4_Pappa,Ex_C1ql4_Pappa_MB,Ex_C1ql4_Pappa_MB
Ex_Zfp114_Art4,neuron,MB,VGLUT2,MC_212:Tectal neurons,Ex_Zfp114_Art4,Ex_Zfp114_Art4_MB,Ex_Zfp114_Art4_MB
Ex_C1ql4_Svep1,neuron,MB,VGLUT2,MC_212:Tectal neurons,Ex_C1ql4_Svep1,Ex_C1ql4_Svep1_MB,Ex_C1ql4_Svep1_MB
Ex_C1ql4_Ebf2,neuron,MB,VGLUT2,MC_212:Tectal neurons,Ex_C1ql4_Ebf2,Ex_C1ql4_Ebf2_MB,Ex_C1ql4_Ebf2_MB
Ex_C1ql4_Cox6a2_1,neuron,MB,VGLUT2,MC_212:Tectal neurons,Ex_C1ql4_Cox6a2,Ex_C1ql4_Cox6a2_MB,Ex_C1ql4_Cox6a2_MB
Ex_C1ql4_Cox6a2_2,neuron,MB,VGLUT2,MC_212:Tectal neurons,Ex_C1ql4_Cox6a2,Ex_C1ql4_Cox6a2_MB,Ex_C1ql4_Cox6a2_MB
Ex_C1ql4_Thbs4,neuron,MB,VGLUT2,MC_212:Tectal neurons,Ex_C1ql4_Thbs4,Ex_C1ql4_Thbs4_MB,Ex_C1ql4_Thbs4_MB
Ex_Defb1_Arhgap36,neuron,MB,VGLUT2,MC_204:Tectal neurons,Ex_Defb1_Arhgap36,Ex_Defb1_Arhgap36_MB,Ex_Defb1_Arhgap36_MB
Ex_Defb1_Cnga3,neuron,MB,VGLUT2,MC_204:Tectal neurons,Ex_Defb1_Cnga3,Ex_Defb1_Cnga3_MB,Ex_Defb1_Cnga3_MB
Ex_Tfap2b_Cldn3_1,neuron,MB,VGLUT2,MC_204:Tectal neurons,Ex_Tfap2b_Cldn3,Ex_Tfap2b_Cldn3_MB,Ex_Tfap2b_Cldn3_MB
Ex_Tfap2b_Cldn3_2,neuron,MB,VGLUT2,MC_204:Tectal neurons,Ex_Tfap2b_Cldn3,Ex_Tfap2b_Cldn3_MB,Ex_Tfap2b_Cldn3_MB
Ex_Tfap2b_Cldn3_3,neuron,MB,VGLUT2,MC_204:Tectal neurons,Ex_Tfap2b_Cldn3,Ex_Tfap2b_Cldn3_MB,Ex_Tfap2b_Cldn3_MB
Ex_Tfap2b_Clec12a,neuron,MB,VGLUT2,MC_204:Tectal neurons,Ex_Tfap2b_Clec12a,Ex_Tfap2b_Clec12a_MB,Ex_Tfap2b_Clec12a_MB
Ex_Tfap2b_Wfdc10,neuron,MB,VGLUT2,MC_204:Tectal neurons,Ex_Tfap2b_Wfdc10,Ex_Tfap2b_Wfdc10_MB,Ex_Tfap2b_Wfdc10_MB
Ex_Tfap2b_Calcr,neuron,MB,VGLUT2,MC_204:Tectal neurons,Ex_Tfap2b_Calcr,Ex_Tfap2b_Calcr_MB,Ex_Tfap2b_Calcr_MB
Ex_Tfap2b_Gabre,neuron,MB,VGLUT2,MC_204:Tectal neurons,Ex_Tfap2b_Gabre,Ex_Tfap2b_Gabre_MB,Ex_Tfap2b_Gabre_MB
Ex_Tfap2b_Crh,neuron,MB,VGLUT2,MC_204:Tectal neurons,Ex_Tfap2b_Crh,Ex_Tfap2b_Crh_MB,Ex_Tfap2b_Crh_MB
Inh_Dlx1_Foxd1_1,neuron,MB,GABA,MC_80:Anterior hypothalamic neurons,Inh_Dlx1_Foxd1,Inh_Dlx1_Foxd1_MB,Inh_Dlx1_Foxd1_MB
Inh_Dlx1_Foxd1_2,neuron,MB,GABA,MC_80:Anterior hypothalamic neurons,Inh_Dlx1_Foxd1,Inh_Dlx1_Foxd1_MB,Inh_Dlx1_Foxd1_MB
Inh_Dlx1_Six3,neuron,MB,GABA,MC_80:Anterior hypothalamic neurons,Inh_Dlx1_Six3,Inh_Dlx1_Six3_MB,Inh_Dlx1_Six3_MB
Inh_Pax6_Cdh23,neuron,MB,GABA,MC_80:Anterior hypothalamic neurons,Inh_Pax6_Cdh23,Inh_Pax6_Cdh23_MB,Inh_Pax6_Cdh23_MB
Inh_Pax6_Nkx2-2_1,neuron,MB,GABA,MC_80:Anterior hypothalamic neurons,Inh_Pax6_Nkx2-2,Inh_Pax6_Nkx2-2_MB,Inh_Pax6_Nkx2-2_MB
Inh_Pax6_Nkx2-2_2,neuron,MB,GABA,MC_80:Anterior hypothalamic neurons,Inh_Pax6_Nkx2-2,Inh_Pax6_Nkx2-2_MB,Inh_Pax6_Nkx2-2_MB
Inh_Six3_Irs4_1,neuron,MB,GABA,MC_83:Hypothalamic and pallidal neurons,Inh_Six3_Irs4,Inh_Six3_Irs4_MB,Inh_Six3_Irs4_MB
Inh_Six3_Tpbg,neuron,MB,GABA,MC_83:Hypothalamic and pallidal neurons,Inh_Six3_Tpbg,Inh_Six3_Tpbg_MB,Inh_Six3_Tpbg_MB
Inh_Six3_Six6_1,neuron,MB,GABA,MC_83:Hypothalamic and pallidal neurons,Inh_Six3_Six6,Inh_Six3_Six6_MB,Inh_Six3_Six6_MB
Inh_Six3_Six6_2,neuron,MB,GABA,MC_83:Hypothalamic and pallidal neurons,Inh_Six3_Six6,Inh_Six3_Six6_MB,Inh_Six3_Six6_MB
Inh_Six3_Aldh3b2_1,neuron,MB,GABA,MC_83:Hypothalamic and pallidal neurons,Inh_Six3_Aldh3b2,Inh_Six3_Aldh3b2_MB,Inh_Six3_Aldh3b2_MB
Inh_Six3_Aldh3b2_2,neuron,MB,GABA,MC_83:Hypothalamic and pallidal neurons,Inh_Six3_Aldh3b2,Inh_Six3_Aldh3b2_MB,Inh_Six3_Aldh3b2_MB
Inh_Six3_Serpinb1b_Sox3,neuron,MB,GABA,MC_83:Hypothalamic and pallidal neurons,Inh_Six3_Serpinb1b_Sox3,Inh_Six3_Serpinb1b_Sox3_MB,Inh_Six3_Serpinb1b_Sox3_MB
Inh_Six3_Bnc2_1,neuron,MB,GABA,MC_83:Hypothalamic and pallidal neurons,Inh_Six3_Bnc2,Inh_Six3_Bnc2_MB,Inh_Six3_Bnc2_MB
Inh_Six3_Bnc2_2,neuron,MB,GABA,MC_83:Hypothalamic and pallidal neurons,Inh_Six3_Bnc2,Inh_Six3_Bnc2_MB,Inh_Six3_Bnc2_MB
Inh_Six3_Pgm5,neuron,MB,GABA,MC_83:Hypothalamic and pallidal neurons,Inh_Six3_Pgm5,Inh_Six3_Pgm5_MB,Inh_Six3_Pgm5_MB
Inh_Six3_Fezf1_1,neuron,MB,GABA,MC_79:Hypothalamic and pallidal neurons,Inh_Six3_Fezf1,Inh_Six3_Fezf1_MB,Inh_Six3_Fezf1_MB
Ex_Zic1_St14,neuron,MB,VGLUT2,MC_201:PAG and SCm neurons,Ex_Zic1_St14,Ex_Zic1_St14_MB,Ex_Zic1_St14_MB
Ex_Zic1_S100a11,neuron,MB,VGLUT2,MC_209:Tectal neurons,Ex_Zic1_S100a11,Ex_Zic1_S100a11_MB,Ex_Zic1_S100a11_MB
Ex_Zic1_Slc38a4,neuron,MB,VGLUT2,MC_209:Tectal neurons,Ex_Zic1_Slc38a4,Ex_Zic1_Slc38a4_MB,Ex_Zic1_Slc38a4_MB
Ex_Zic1_Mybpc1,neuron,MB,VGLUT2,MC_200:PAG and SCm neurons,Ex_Zic1_Mybpc1,Ex_Zic1_Mybpc1_MB,Ex_Zic1_Mybpc1_MB
Ex_Pou4f2_Trim21,neuron,MB,VGLUT2,MC_201:PAG and SCm neurons,Ex_Pou4f2_Trim21,Ex_Pou4f2_Trim21_MB,Ex_Pou4f2_Trim21_MB
Ex_Pitx1_Moxd1,neuron,MB,VGLUT2,"MC_202:Tegmental neurons, including cuneiform nucleus",Ex_Pitx1_Moxd1,Ex_Pitx1_Moxd1_MB,Ex_Pitx1_Moxd1_MB
Ex_Pitx1_C1ql4,neuron,MB,VGLUT2,"MC_202:Tegmental neurons, including cuneiform nucleus",Ex_Pitx1_C1ql4,Ex_Pitx1_C1ql4_MB,Ex_Pitx1_C1ql4_MB
Ex_Pitx1_Nts,neuron,MB,VGLUT2,"MC_202:Tegmental neurons, including cuneiform nucleus",Ex_Pitx1_Nts,Ex_Pitx1_Nts_MB,Ex_Pitx1_Nts_MB
Ex_PItx2_Cox4i2,neuron,MB,VGLUT2,MC_203:Tectal neurons,Ex_PItx2_Cox4i2,Ex_PItx2_Cox4i2_MB,Ex_PItx2_Cox4i2_MB
Ex_Pitx1_Kntc1,neuron,MB,VGLUT2,"MC_202:Tegmental neurons, including cuneiform nucleus",Ex_Pitx1_Kntc1,Ex_Pitx1_Kntc1_MB,Ex_Pitx1_Kntc1_MB
Ex_C1ql4_Asb4,neuron,MB,VGLUT2,"MC_202:Tegmental neurons, including cuneiform nucleus",Ex_C1ql4_Asb4,Ex_C1ql4_Asb4_MB,Ex_C1ql4_Asb4_MB
Ex_Sim1_Bsx_1,neuron,MB,VGLUT2,"MC_197:Hypothalamic neurons, primarily periventricular and mammilary nuclei",Ex_Sim1_Bsx,Ex_Sim1_Bsx_MB,Ex_Sim1_Bsx_MB
Ex_Sim1_Bsx_2,neuron,MB,VGLUT2,"MC_197:Hypothalamic neurons, primarily periventricular and mammilary nuclei",Ex_Sim1_Bsx,Ex_Sim1_Bsx_MB,Ex_Sim1_Bsx_MB
Ex_Sim1_Bsx_3,neuron,MB,VGLUT2,"MC_197:Hypothalamic neurons, primarily periventricular and mammilary nuclei",Ex_Sim1_Bsx,Ex_Sim1_Bsx_MB,Ex_Sim1_Bsx_MB
Ex_Sim1_Bsx_4,neuron,HY,VGLUT2,"MC_197:Hypothalamic neurons, primarily periventricular and mammilary nuclei",Ex_Sim1_Bsx,Ex_Sim1_Bsx_HY,Ex_Sim1_Bsx_HY
Ex_Nkx2-4_Asb4,neuron,MB,VGLUT2,"MC_197:Hypothalamic neurons, primarily periventricular and mammilary nuclei",Ex_Nkx2-4_Asb4,Ex_Nkx2-4_Asb4_MB,Ex_Nkx2-4_Asb4_MB
Ex_Nkx2-4_Cdkn1c_1,neuron,MB,VGLUT2,"MC_197:Hypothalamic neurons, primarily periventricular and mammilary nuclei",Ex_Nkx2-4_Cdkn1c,Ex_Nkx2-4_Cdkn1c_MB,Ex_Nkx2-4_Cdkn1c_MB
Ex_Nkx2-4_Cdkn1c_2,neuron,MB,VGLUT2,"MC_197:Hypothalamic neurons, primarily periventricular and mammilary nuclei",Ex_Nkx2-4_Cdkn1c,Ex_Nkx2-4_Cdkn1c_MB,Ex_Nkx2-4_Cdkn1c_MB
Ex_Pou4f1_Plscr5_1,neuron,MB,VGLUT2,MC_201:PAG and SCm neurons,Ex_Pou4f1_Plscr5,Ex_Pou4f1_Plscr5_MB,Ex_Pou4f1_Plscr5_MB
Ex_Pou4f1_Plscr5_2,neuron,MB,VGLUT2,MC_201:PAG and SCm neurons,Ex_Pou4f1_Plscr5,Ex_Pou4f1_Plscr5_MB,Ex_Pou4f1_Plscr5_MB
Ex_Pou4f1_Plscr5_3,neuron,MB,VGLUT2,MC_201:PAG and SCm neurons,Ex_Pou4f1_Plscr5,Ex_Pou4f1_Plscr5_MB,Ex_Pou4f1_Plscr5_MB
Ex_Pou4f1_Plscr5_4,neuron,MB,VGLUT2,MC_201:PAG and SCm neurons,Ex_Pou4f1_Plscr5,Ex_Pou4f1_Plscr5_MB,Ex_Pou4f1_Plscr5_MB
Ex_Pou4f1_Plscr5_5,neuron,MB,VGLUT2,MC_201:PAG and SCm neurons,Ex_Pou4f1_Plscr5,Ex_Pou4f1_Plscr5_MB,Ex_Pou4f1_Plscr5_MB
Ex_Pou4f1_Plscr5_6,neuron,MB,VGLUT2,MC_201:PAG and SCm neurons,Ex_Pou4f1_Plscr5,Ex_Pou4f1_Plscr5_MB,Ex_Pou4f1_Plscr5_MB
Ex_Pou4f1_Plscr5_7,neuron,MB,VGLUT2,MC_201:PAG and SCm neurons,Ex_Pou4f1_Plscr5,Ex_Pou4f1_Plscr5_MB,Ex_Pou4f1_Plscr5_MB
Ex_Pou4f1_Plscr5_8,neuron,MB,VGLUT2,MC_201:PAG and SCm neurons,Ex_Pou4f1_Plscr5,Ex_Pou4f1_Plscr5_MB,Ex_Pou4f1_Plscr5_MB
Ex_Pou4f1_Plscr5_9,neuron,MB,VGLUT2,MC_201:PAG and SCm neurons,Ex_Pou4f1_Plscr5,Ex_Pou4f1_Plscr5_MB,Ex_Pou4f1_Plscr5_MB
Ex_Pou4f1_Phex,neuron,MB,VGLUT2,MC_201:PAG and SCm neurons,Ex_Pou4f1_Phex,Ex_Pou4f1_Phex_MB,Ex_Pou4f1_Phex_MB
Ex_Pou4f1_Trim21,neuron,MB,VGLUT2,MC_201:PAG and SCm neurons,Ex_Pou4f1_Trim21,Ex_Pou4f1_Trim21_MB,Ex_Pou4f1_Trim21_MB
Ex_Fn1_Nts,neuron,MB,VGLUT2,MC_201:PAG and SCm neurons,Ex_Fn1_Nts,Ex_Fn1_Nts_MB,Ex_Fn1_Nts_MB
Ex_Pou4f1_Uaca,neuron,MB,VGLUT2,MC_201:PAG and SCm neurons,Ex_Pou4f1_Uaca,Ex_Pou4f1_Uaca_MB,Ex_Pou4f1_Uaca_MB
Ex_Pou4f1_6430628N08Rik,neuron,MB,VGLUT2,MC_201:PAG and SCm neurons,Ex_Pou4f1_6430628N08Rik,Ex_Pou4f1_6430628N08Rik_MB,Ex_Pou4f1_6430628N08Rik_MB
Ex_Tfap2b_Kcnmb1,neuron,MB,VGLUT2,MC_204:Tectal neurons,Ex_Tfap2b_Kcnmb1,Ex_Tfap2b_Kcnmb1_MB,Ex_Tfap2b_Kcnmb1_MB
Ex_Tfap2b_Layn,neuron,MB,VGLUT2,MC_204:Tectal neurons,Ex_Tfap2b_Layn,Ex_Tfap2b_Layn_MB,Ex_Tfap2b_Layn_MB
Ex_Tfap2b_Gli2,neuron,MB,VGLUT2,MC_201:PAG and SCm neurons,Ex_Tfap2b_Gli2,Ex_Tfap2b_Gli2_MB,Ex_Tfap2b_Gli2_MB
Inh_Pax8_Otp_1,neuron,MB,GABA,"MC_99:Pontine and medullary neurons, primarily raphe",Inh_Pax8_Otp,Inh_Pax8_Otp_MB,Inh_Pax8_Otp_MB
Inh_Pax8_Otp_2,neuron,MB,GABA,"MC_99:Pontine and medullary neurons, primarily raphe",Inh_Pax8_Otp,Inh_Pax8_Otp_MB,Inh_Pax8_Otp_MB
Inh_Pax8_Otp_3,neuron,MB,GABA,"MC_99:Pontine and medullary neurons, primarily raphe",Inh_Pax8_Otp,Inh_Pax8_Otp_MB,Inh_Pax8_Otp_MB
Ex_Eya2_P2rx6_1,neuron,MB,VGLUT2,MC_210:Tectal neurons,Ex_Eya2_P2rx6,Ex_Eya2_P2rx6_MB,Ex_Eya2_P2rx6_MB
Ex_Eya2_P2rx6_2,neuron,MB,VGLUT2,MC_210:Tectal neurons,Ex_Eya2_P2rx6,Ex_Eya2_P2rx6_MB,Ex_Eya2_P2rx6_MB
Ex_Pou4f2_Sult3a2_1,neuron,MB,VGLUT2,MC_210:Tectal neurons,Ex_Pou4f2_Sult3a2,Ex_Pou4f2_Sult3a2_MB,Ex_Pou4f2_Sult3a2_MB
Ex_Pou4f2_Sult3a2_2,neuron,MB,VGLUT2,MC_210:Tectal neurons,Ex_Pou4f2_Sult3a2,Ex_Pou4f2_Sult3a2_MB,Ex_Pou4f2_Sult3a2_MB
Ex_Pou4f2_Grpr,neuron,MB,VGLUT2,MC_210:Tectal neurons,Ex_Pou4f2_Grpr,Ex_Pou4f2_Grpr_MB,Ex_Pou4f2_Grpr_MB
Ex_Pou4f1_Meis1_1,neuron,MB,VGLUT2,MC_210:Tectal neurons,Ex_Pou4f1_Meis1,Ex_Pou4f1_Meis1_MB,Ex_Pou4f1_Meis1_MB
Ex_Pou4f1_Meis1_2,neuron,MB,VGLUT2,MC_210:Tectal neurons,Ex_Pou4f1_Meis1,Ex_Pou4f1_Meis1_MB,Ex_Pou4f1_Meis1_MB
Ex_Pou4f1_Meis1_3,neuron,MB,VGLUT2,MC_210:Tectal neurons,Ex_Pou4f1_Meis1,Ex_Pou4f1_Meis1_MB,Ex_Pou4f1_Meis1_MB
Ex_Pou4f2_Sult3a2_3,neuron,MB,VGLUT2,MC_212:Tectal neurons,Ex_Pou4f2_Sult3a2,Ex_Pou4f2_Sult3a2_MB,Ex_Pou4f2_Sult3a2_MB
Ex_Pou4f2_Sult3a2_4,neuron,MB,VGLUT2,MC_212:Tectal neurons,Ex_Pou4f2_Sult3a2,Ex_Pou4f2_Sult3a2_MB,Ex_Pou4f2_Sult3a2_MB
Ex_Pou4f2_Sult3a2_5,neuron,MB,VGLUT2,MC_210:Tectal neurons,Ex_Pou4f2_Sult3a2,Ex_Pou4f2_Sult3a2_MB,Ex_Pou4f2_Sult3a2_MB
Ex_Pou4f2_Sult3a2_6,neuron,MB,VGLUT2,MC_212:Tectal neurons,Ex_Pou4f2_Sult3a2,Ex_Pou4f2_Sult3a2_MB,Ex_Pou4f2_Sult3a2_MB
Ex_Pou4f2_Sult3a2_7,neuron,MB,VGLUT2,MC_210:Tectal neurons,Ex_Pou4f2_Sult3a2,Ex_Pou4f2_Sult3a2_MB,Ex_Pou4f2_Sult3a2_MB
Ex_Pou4f2_Sult3a2_8,neuron,MB,VGLUT2,MC_212:Tectal neurons,Ex_Pou4f2_Sult3a2,Ex_Pou4f2_Sult3a2_MB,Ex_Pou4f2_Sult3a2_MB
Ex_Pou4f2_Sult3a2_9,neuron,MB,VGLUT2,MC_212:Tectal neurons,Ex_Pou4f2_Sult3a2,Ex_Pou4f2_Sult3a2_MB,Ex_Pou4f2_Sult3a2_MB
Ex_Pou4f2_Sult3a2_10,neuron,MB,VGLUT2,MC_212:Tectal neurons,Ex_Pou4f2_Sult3a2_10,Ex_Pou4f2_Sult3a2_10_MB,Ex_Pou4f2_Sult3a2_10_MB
Ex_Pou4f2_Sult3a2_11,neuron,MB,VGLUT2,MC_210:Tectal neurons,Ex_Pou4f2_Sult3a2_11,Ex_Pou4f2_Sult3a2_11_MB,Ex_Pou4f2_Sult3a2_11_MB
Ex_Pou4f2_Sult3a2_12,neuron,MB,VGLUT2,MC_210:Tectal neurons,Ex_Pou4f2_Sult3a2_12,Ex_Pou4f2_Sult3a2_12_MB,Ex_Pou4f2_Sult3a2_12_MB
Ex_Gli3_Vwf,neuron,MB,VGLUT2,MC_210:Tectal neurons,Ex_Gli3_Vwf,Ex_Gli3_Vwf_MB,Ex_Gli3_Vwf_MB
Ex_Pou4f2_Gdpd4,neuron,MB,VGLUT2,MC_210:Tectal neurons,Ex_Pou4f2_Gdpd4,Ex_Pou4f2_Gdpd4_MB,Ex_Pou4f2_Gdpd4_MB
Ex_Pou4f3_Defb1_1,neuron,MB,VGLUT2,MC_209:Tectal neurons,Ex_Pou4f3_Defb1,Ex_Pou4f3_Defb1_MB,Ex_Pou4f3_Defb1_MB
Ex_Pou4f3_Defb1_2,neuron,MB,VGLUT2,MC_209:Tectal neurons,Ex_Pou4f3_Defb1,Ex_Pou4f3_Defb1_MB,Ex_Pou4f3_Defb1_MB
Ex_Pou4f3_Wfdc10_1,neuron,MB,VGLUT2,MC_209:Tectal neurons,Ex_Pou4f3_Wfdc10,Ex_Pou4f3_Wfdc10_MB,Ex_Pou4f3_Wfdc10_MB
Ex_Pou4f3_Wfdc10_2,neuron,MB,VGLUT2,MC_209:Tectal neurons,Ex_Pou4f3_Wfdc10,Ex_Pou4f3_Wfdc10_MB,Ex_Pou4f3_Wfdc10_MB
Ex_Pou4f3_Slc7a11,neuron,MB,VGLUT2,MC_209:Tectal neurons,Ex_Pou4f3_Slc7a11,Ex_Pou4f3_Slc7a11_MB,Ex_Pou4f3_Slc7a11_MB
Ex_Pou4f3_Xdh,neuron,MB,VGLUT2,MC_209:Tectal neurons,Ex_Pou4f3_Xdh,Ex_Pou4f3_Xdh_MB,Ex_Pou4f3_Xdh_MB
Ex_Pou4f3_Crh,neuron,MB,VGLUT2,MC_209:Tectal neurons,Ex_Pou4f3_Crh,Ex_Pou4f3_Crh_MB,Ex_Pou4f3_Crh_MB
Ex_Pou4f3_Ppp1r17_1,neuron,MB,VGLUT2,MC_209:Tectal neurons,Ex_Pou4f3_Ppp1r17,Ex_Pou4f3_Ppp1r17_MB,Ex_Pou4f3_Ppp1r17_MB
Ex_Pou4f3_Ppp1r17_2,neuron,MB,VGLUT2,MC_209:Tectal neurons,Ex_Pou4f3_Ppp1r17,Ex_Pou4f3_Ppp1r17_MB,Ex_Pou4f3_Ppp1r17_MB
Inh_Pax5_Sox21_1,neuron,MB,GABA,MC_100:Midbrain neurons,Inh_Pax5_Sox21,Inh_Pax5_Sox21_MB,Inh_Pax5_Sox21_MB
Inh_Pax5_Sox21_2,neuron,MB,GABA,MC_100:Midbrain neurons,Inh_Pax5_Sox21,Inh_Pax5_Sox21_MB,Inh_Pax5_Sox21_MB
Inh_Pax5_Sox21_3,neuron,MB,GABA,MC_100:Midbrain neurons,Inh_Pax5_Sox21,Inh_Pax5_Sox21_MB,Inh_Pax5_Sox21_MB
Inh_Emx2_Pirt_1,neuron,MB,GABA,"MC_93:Tegmental neurons, primarily interstitial nucleus of Cajal",Inh_Emx2_Pirt,Inh_Emx2_Pirt_MB,Inh_Emx2_Pirt_MB
Inh_Emx2_Pirt_2,neuron,MB,GLY,"MC_93:Tegmental neurons, primarily interstitial nucleus of Cajal",Inh_Emx2_Pirt,Inh_Emx2_Pirt_MB,Inh_Emx2_Pirt_MB
Inh_Emx2_Pirt_3,neuron,MB,GABA,"MC_93:Tegmental neurons, primarily interstitial nucleus of Cajal",Inh_Emx2_Pirt,Inh_Emx2_Pirt_MB,Inh_Emx2_Pirt_MB
Inh_Six3_Nkx2-2,neuron,MB,GABA,"MC_93:Tegmental neurons, primarily interstitial nucleus of Cajal",Inh_Six3_Nkx2-2,Inh_Six3_Nkx2-2_MB,Inh_Six3_Nkx2-2_MB
Inh_Six3_Sall3,neuron,MB,GLY,MC_94:Tegmental neurons,Inh_Six3_Sall3,Inh_Six3_Sall3_MB,Inh_Six3_Sall3_MB
Ex_Ebf2_Nr5a2_1,neuron,MB,VGLUT2,MC_201:PAG and SCm neurons,Ex_Ebf2_Nr5a2,Ex_Ebf2_Nr5a2_MB,Ex_Ebf2_Nr5a2_MB
Ex_Ebf2_Mgst2,neuron,MB,VGLUT2,MC_201:PAG and SCm neurons,Ex_Ebf2_Mgst2,Ex_Ebf2_Mgst2_MB,Ex_Ebf2_Mgst2_MB
Ex_Ebf2_Nr5a2_2,neuron,MB,VGLUT2,MC_201:PAG and SCm neurons,Ex_Ebf2_Nr5a2,Ex_Ebf2_Nr5a2_MB,Ex_Ebf2_Nr5a2_MB
Ex_Ebf2_Nr5a2_3,neuron,MB,VGLUT2,MC_201:PAG and SCm neurons,Ex_Ebf2_Nr5a2,Ex_Ebf2_Nr5a2_MB,Ex_Ebf2_Nr5a2_MB
Ex_Ebf2_Vsig2_1,neuron,MB,VGLUT2,MC_201:PAG and SCm neurons,Ex_Ebf2_Vsig2,Ex_Ebf2_Vsig2_MB,Ex_Ebf2_Vsig2_MB
Ex_Ebf2_Ghrh_1,neuron,MB,VGLUT2,MC_201:PAG and SCm neurons,Ex_Ebf2_Ghrh,Ex_Ebf2_Ghrh_MB,Ex_Ebf2_Ghrh_MB
Ex_Ebf2_Ghrh_2,neuron,MB,VGLUT2,MC_201:PAG and SCm neurons,Ex_Ebf2_Ghrh,Ex_Ebf2_Ghrh_MB,Ex_Ebf2_Ghrh_MB
Ex_Ebf2_Ghrh_3,neuron,MB,VGLUT2,MC_201:PAG and SCm neurons,Ex_Ebf2_Ghrh,Ex_Ebf2_Ghrh_MB,Ex_Ebf2_Ghrh_MB
Ex_Ebf2_Il15_1,neuron,MB,VGLUT2,MC_201:PAG and SCm neurons,Ex_Ebf2_Il15,Ex_Ebf2_Il15_MB,Ex_Ebf2_Il15_MB
Ex_Ebf2_Il15_2,neuron,MB,VGLUT2,MC_201:PAG and SCm neurons,Ex_Ebf2_Il15,Ex_Ebf2_Il15_MB,Ex_Ebf2_Il15_MB
Ex_Ebf2_Il15_3,neuron,MB,VGLUT2,MC_201:PAG and SCm neurons,Ex_Ebf2_Il15,Ex_Ebf2_Il15_MB,Ex_Ebf2_Il15_MB
Ex_Ebf2_Tnc,neuron,MB,VGLUT2,MC_201:PAG and SCm neurons,Ex_Ebf2_Tnc,Ex_Ebf2_Tnc_MB,Ex_Ebf2_Tnc_MB
Ex_Ebf2_Spef2_1,neuron,MB,VGLUT2,MC_201:PAG and SCm neurons,Ex_Ebf2_Spef2,Ex_Ebf2_Spef2_MB,Ex_Ebf2_Spef2_MB
Ex_Ebf2_Spef2_2,neuron,MB,VGLUT2,MC_201:PAG and SCm neurons,Ex_Ebf2_Spef2,Ex_Ebf2_Spef2_MB,Ex_Ebf2_Spef2_MB
Ex_Ebf2_Spef2_3,neuron,MB,VGLUT2,MC_201:PAG and SCm neurons,Ex_Ebf2_Spef2,Ex_Ebf2_Spef2_MB,Ex_Ebf2_Spef2_MB
Ex_Ebf2_Slc38a11,neuron,MB,VGLUT2,MC_201:PAG and SCm neurons,Ex_Ebf2_Slc38a11,Ex_Ebf2_Slc38a11_MB,Ex_Ebf2_Slc38a11_MB
Ex_Ebf2_Spef2_4,neuron,MB,VGLUT2,MC_201:PAG and SCm neurons,Ex_Ebf2_Spef2,Ex_Ebf2_Spef2_MB,Ex_Ebf2_Spef2_MB
Ex_Ebf2_Spef2_5,neuron,MB,VGLUT2,MC_201:PAG and SCm neurons,Ex_Ebf2_Spef2,Ex_Ebf2_Spef2_MB,Ex_Ebf2_Spef2_MB
Ex_Ebf2_Spef2_6,neuron,MB,VGLUT2,MC_201:PAG and SCm neurons,Ex_Ebf2_Spef2,Ex_Ebf2_Spef2_MB,Ex_Ebf2_Spef2_MB
Ex_Ebf2_Spef2_7,neuron,MB,VGLUT2,MC_201:PAG and SCm neurons,Ex_Ebf2_Spef2,Ex_Ebf2_Spef2_MB,Ex_Ebf2_Spef2_MB
Ex_Evx2_Tafa3,neuron,MB,VGLUT2,MC_162:Pontine and medullary neurons,Ex_Evx2_Tafa3,Ex_Evx2_Tafa3_MB,Ex_Evx2_Tafa3_MB
Ex_Ebf2_St14,neuron,MB,VGLUT2,MC_162:Pontine and medullary neurons,Ex_Ebf2_St14,Ex_Ebf2_St14_MB,Ex_Ebf2_St14_MB
Ex_Ebf2_Myl2_1,neuron,MB,VGLUT2,MC_201:PAG and SCm neurons,Ex_Ebf2_Myl2,Ex_Ebf2_Myl2_MB,Ex_Ebf2_Myl2_MB
Ex_Ebf2_Myl2_2,neuron,MB,VGLUT2,MC_201:PAG and SCm neurons,Ex_Ebf2_Myl2,Ex_Ebf2_Myl2_MB,Ex_Ebf2_Myl2_MB
Ex_Ebf2_Bmp7_1,neuron,MB,VGLUT2,MC_201:PAG and SCm neurons,Ex_Ebf2_Bmp7,Ex_Ebf2_Bmp7_MB,Ex_Ebf2_Bmp7_MB
Ex_Ebf2_Bmp7_2,neuron,MB,VGLUT2,MC_201:PAG and SCm neurons,Ex_Ebf2_Bmp7,Ex_Ebf2_Bmp7_MB,Ex_Ebf2_Bmp7_MB
Inh_Skor2_Emx1_1,neuron,MB,GABA,"MC_98:Midbrain neurons, primarily periaqueductal gray",Inh_Skor2_Emx1,Inh_Skor2_Emx1_MB,Inh_Skor2_Emx1_MB
Inh_Skor2_Emx1_2,neuron,MB,GABA,"MC_98:Midbrain neurons, primarily periaqueductal gray",Inh_Skor2_Emx1,Inh_Skor2_Emx1_MB,Inh_Skor2_Emx1_MB
Inh_Skor2_Emx1_3,neuron,MB,GABA,"MC_98:Midbrain neurons, primarily periaqueductal gray",Inh_Skor2_Emx1,Inh_Skor2_Emx1_MB,Inh_Skor2_Emx1_MB
Inh_Skor2_Emx1_4,neuron,MB,GABA,"MC_98:Midbrain neurons, primarily periaqueductal gray",Inh_Skor2_Emx1,Inh_Skor2_Emx1_MB,Inh_Skor2_Emx1_MB
Inh_Skor2_Lancl3,neuron,MB,GABA,"MC_98:Midbrain neurons, primarily periaqueductal gray",Inh_Skor2_Lancl3,Inh_Skor2_Lancl3_MB,Inh_Skor2_Lancl3_MB
Inh_Nkx2-2_Il20ra,neuron,MB,GABA,"MC_98:Midbrain neurons, primarily periaqueductal gray",Inh_Nkx2-2_Il20ra,Inh_Nkx2-2_Il20ra_MB,Inh_Nkx2-2_Il20ra_MB
Inh_Nkx2-2_Ecel1_1,neuron,MB,GLY,"MC_98:Midbrain neurons, primarily periaqueductal gray",Inh_Nkx2-2_Ecel1,Inh_Nkx2-2_Ecel1_MB,Inh_Nkx2-2_Ecel1_MB
Inh_Nkx2-2_Ecel1_2,neuron,MB,GABA,"MC_98:Midbrain neurons, primarily periaqueductal gray",Inh_Nkx2-2_Ecel1,Inh_Nkx2-2_Ecel1_MB,Inh_Nkx2-2_Ecel1_MB
Inh_Nkx2-2_Gata2_1,neuron,MB,GABA,"MC_98:Midbrain neurons, primarily periaqueductal gray",Inh_Nkx2-2_Gata2,Inh_Nkx2-2_Gata2_MB,Inh_Nkx2-2_Gata2_MB
Inh_Nkx2-2_Gata2_2,neuron,MB,GABA,"MC_98:Midbrain neurons, primarily periaqueductal gray",Inh_Nkx2-2_Gata2,Inh_Nkx2-2_Gata2_MB,Inh_Nkx2-2_Gata2_MB
Inh_Nkx2-2_Gata2_3,neuron,MB,GLY,"MC_98:Midbrain neurons, primarily periaqueductal gray",Inh_Nkx2-2_Gata2,Inh_Nkx2-2_Gata2_MB,Inh_Nkx2-2_Gata2_MB
Inh_Nkx2-2_Gata2_4,neuron,MB,GLY,"MC_98:Midbrain neurons, primarily periaqueductal gray",Inh_Nkx2-2_Gata2,Inh_Nkx2-2_Gata2_MB,Inh_Nkx2-2_Gata2_MB
Inh_Nkx2-2_Gata2_5,neuron,MB,GLY,"MC_98:Midbrain neurons, primarily periaqueductal gray",Inh_Nkx2-2_Gata2,Inh_Nkx2-2_Gata2_MB,Inh_Nkx2-2_Gata2_MB
Inh_Nkx2-2_Gata2_6,neuron,MB,GLY,"MC_98:Midbrain neurons, primarily periaqueductal gray",Inh_Nkx2-2_Gata2,Inh_Nkx2-2_Gata2_MB,Inh_Nkx2-2_Gata2_MB
Inh_Nkx2-2_Gata2_7,neuron,MB,GLY,"MC_98:Midbrain neurons, primarily periaqueductal gray",Inh_Nkx2-2_Gata2,Inh_Nkx2-2_Gata2_MB,Inh_Nkx2-2_Gata2_MB
Inh_Nkx2-2_Gata2_8,neuron,MB,GLY,"MC_98:Midbrain neurons, primarily periaqueductal gray",Inh_Nkx2-2_Gata2,Inh_Nkx2-2_Gata2_MB,Inh_Nkx2-2_Gata2_MB
Inh_Nkx2-2_Gata2_9,neuron,MB,GLY,"MC_98:Midbrain neurons, primarily periaqueductal gray",Inh_Nkx2-2_Gata2,Inh_Nkx2-2_Gata2_MB,Inh_Nkx2-2_Gata2_MB
Inh_Nkx2-2_Gata2_10,neuron,MB,GABA,"MC_98:Midbrain neurons, primarily periaqueductal gray",Inh_Nkx2-2_Gata2_10,Inh_Nkx2-2_Gata2_10_MB,Inh_Nkx2-2_Gata2_10_MB
Inh_Six3_Wdr72_1,neuron,MB,GABA,MC_94:Tegmental neurons,Inh_Six3_Wdr72,Inh_Six3_Wdr72_MB,Inh_Six3_Wdr72_MB
Inh_Six3_Foxa2_1,neuron,MB,GABA,MC_94:Tegmental neurons,Inh_Six3_Foxa2,Inh_Six3_Foxa2_MB,Inh_Six3_Foxa2_MB
Inh_Six3_Foxa2_2,neuron,MB,GABA,MC_94:Tegmental neurons,Inh_Six3_Foxa2,Inh_Six3_Foxa2_MB,Inh_Six3_Foxa2_MB
Inh_Six3_Wdr72_2,neuron,MB,GABA_SER,MC_94:Tegmental neurons,Inh_Six3_Wdr72,Inh_Six3_Wdr72_MB,Inh_Six3_Wdr72_MB
Inh_Six3_Foxa2_3,neuron,MB,GABA,MC_94:Tegmental neurons,Inh_Six3_Foxa2,Inh_Six3_Foxa2_MB,Inh_Six3_Foxa2_MB
Inh_Six3_Foxa2_4,neuron,MB,GABA,MC_94:Tegmental neurons,Inh_Six3_Foxa2,Inh_Six3_Foxa2_MB,Inh_Six3_Foxa2_MB
Inh_Emx2_Foxa2_1,neuron,MB,GABA,MC_94:Tegmental neurons,Inh_Emx2_Foxa2,Inh_Emx2_Foxa2_MB,Inh_Emx2_Foxa2_MB
Inh_Emx2_Foxa2_2,neuron,MB,GABA,MC_94:Tegmental neurons,Inh_Emx2_Foxa2,Inh_Emx2_Foxa2_MB,Inh_Emx2_Foxa2_MB
Inh_Emx2_Foxa2_3,neuron,MB,GABA,MC_94:Tegmental neurons,Inh_Emx2_Foxa2,Inh_Emx2_Foxa2_MB,Inh_Emx2_Foxa2_MB
Inh_Emx2_Foxa2_4,neuron,MB,GABA,MC_94:Tegmental neurons,Inh_Emx2_Foxa2,Inh_Emx2_Foxa2_MB,Inh_Emx2_Foxa2_MB
Inh_Emx2_Foxa2_5,neuron,MB,GABA,MC_94:Tegmental neurons,Inh_Emx2_Foxa2,Inh_Emx2_Foxa2_MB,Inh_Emx2_Foxa2_MB
Inh_Emx2_Qrfprl,neuron,MB,GABA,MC_103:Midbrain neurons,Inh_Emx2_Qrfprl,Inh_Emx2_Qrfprl_MB,Inh_Emx2_Qrfprl_MB
Ex_Ebf2_Apela_1,neuron,MB,VGLUT2,MC_201:PAG and SCm neurons,Ex_Ebf2_Apela,Ex_Ebf2_Apela_MB,Ex_Ebf2_Apela_MB
Ex_Ebf2_Apela_2,neuron,MB,VGLUT2,MC_201:PAG and SCm neurons,Ex_Ebf2_Apela,Ex_Ebf2_Apela_MB,Ex_Ebf2_Apela_MB
Ex_Pou4f2_St14_1,neuron,MB,VGLUT2,MC_201:PAG and SCm neurons,Ex_Pou4f2_St14,Ex_Pou4f2_St14_MB,Ex_Pou4f2_St14_MB
Ex_Pou4f2_St14_2,neuron,MB,VGLUT2,MC_201:PAG and SCm neurons,Ex_Pou4f2_St14,Ex_Pou4f2_St14_MB,Ex_Pou4f2_St14_MB
Ex_Ebf2_Mdfic2,neuron,MB,VGLUT2,MC_201:PAG and SCm neurons,Ex_Ebf2_Mdfic2,Ex_Ebf2_Mdfic2_MB,Ex_Ebf2_Mdfic2_MB
Ex_Ebf2_Fbln1,neuron,MB,VGLUT2,MC_201:PAG and SCm neurons,Ex_Ebf2_Fbln1,Ex_Ebf2_Fbln1_MB,Ex_Ebf2_Fbln1_MB
Ex_Pou4f2_St14_3,neuron,MB,VGLUT2,MC_201:PAG and SCm neurons,Ex_Pou4f2_St14,Ex_Pou4f2_St14_MB,Ex_Pou4f2_St14_MB
Ex_Pou4f2_Ramp3,neuron,MB,VGLUT2,MC_201:PAG and SCm neurons,Ex_Pou4f2_Ramp3,Ex_Pou4f2_Ramp3_MB,Ex_Pou4f2_Ramp3_MB
Inh_Six3_Dact1_1,neuron,MB,GABA,MC_86:Midbrain neurons,Inh_Six3_Dact1,Inh_Six3_Dact1_MB,Inh_Six3_Dact1_MB
Inh_Six3_Dact1_2,neuron,MB,GABA,MC_86:Midbrain neurons,Inh_Six3_Dact1,Inh_Six3_Dact1_MB,Inh_Six3_Dact1_MB
Inh_Nkx2-2_Dact1,neuron,MB,GABA,MC_86:Midbrain neurons,Inh_Nkx2-2_Dact1,Inh_Nkx2-2_Dact1_MB,Inh_Nkx2-2_Dact1_MB
Inh_Nkx2-2_Mc4r_1,neuron,MB,GABA,MC_86:Midbrain neurons,Inh_Nkx2-2_Mc4r,Inh_Nkx2-2_Mc4r_MB,Inh_Nkx2-2_Mc4r_MB
Inh_Nkx2-2_Mc4r_2,neuron,MB,GABA,MC_86:Midbrain neurons,Inh_Nkx2-2_Mc4r,Inh_Nkx2-2_Mc4r_MB,Inh_Nkx2-2_Mc4r_MB
Inh_Nkx2-2_Mc4r_3,neuron,MB,GABA,MC_86:Midbrain neurons,Inh_Nkx2-2_Mc4r,Inh_Nkx2-2_Mc4r_MB,Inh_Nkx2-2_Mc4r_MB
Inh_Pax3_Moxd1,neuron,MB,GABA,MC_90:Midbrain neurons,Inh_Pax3_Moxd1,Inh_Pax3_Moxd1_MB,Inh_Pax3_Moxd1_MB
Ex_Pax6_Qrfprl_1,neuron,MB,VGLUT2,MC_201:PAG and SCm neurons,Ex_Pax6_Qrfprl,Ex_Pax6_Qrfprl_MB,Ex_Pax6_Qrfprl_MB
Ex_Pax6_Vgll3_1,neuron,MB,VGLUT2,MC_201:PAG and SCm neurons,Ex_Pax6_Vgll3,Ex_Pax6_Vgll3_MB,Ex_Pax6_Vgll3_MB
Ex_Pax6_Qrfprl_2,neuron,MB,VGLUT2,MC_201:PAG and SCm neurons,Ex_Pax6_Qrfprl,Ex_Pax6_Qrfprl_MB,Ex_Pax6_Qrfprl_MB
Ex_Pax6_Vgll3_2,neuron,MB,VGLUT2,MC_201:PAG and SCm neurons,Ex_Pax6_Vgll3,Ex_Pax6_Vgll3_MB,Ex_Pax6_Vgll3_MB
Ex_Pax6_Sntb1,neuron,MB,VGLUT2,MC_201:PAG and SCm neurons,Ex_Pax6_Sntb1,Ex_Pax6_Sntb1_MB,Ex_Pax6_Sntb1_MB
Ex_Pax6_Scgn,neuron,MB,VGLUT2,MC_201:PAG and SCm neurons,Ex_Pax6_Scgn,Ex_Pax6_Scgn_MB,Ex_Pax6_Scgn_MB
Ex_Pax6_Htr3a_1,neuron,MB,VGLUT2,MC_201:PAG and SCm neurons,Ex_Pax6_Htr3a,Ex_Pax6_Htr3a_MB,Ex_Pax6_Htr3a_MB
Inh_Tfap2b_Gata3_1,neuron,MB,GABA,MC_95:Tectal neurons,Inh_Tfap2b_Gata3,Inh_Tfap2b_Gata3_MB,Inh_Tfap2b_Gata3_MB
Inh_Tfap2b_Gata3_2,neuron,MB,GABA,MC_95:Tectal neurons,Inh_Tfap2b_Gata3,Inh_Tfap2b_Gata3_MB,Inh_Tfap2b_Gata3_MB
Inh_Tfap2b_Gata3_3,neuron,MB,GABA,MC_95:Tectal neurons,Inh_Tfap2b_Gata3,Inh_Tfap2b_Gata3_MB,Inh_Tfap2b_Gata3_MB
Inh_Tfap2b_Gata3_4,neuron,MB,GABA,MC_95:Tectal neurons,Inh_Tfap2b_Gata3,Inh_Tfap2b_Gata3_MB,Inh_Tfap2b_Gata3_MB
Inh_Tfap2b_Gata3_5,neuron,MB,GABA,MC_95:Tectal neurons,Inh_Tfap2b_Gata3,Inh_Tfap2b_Gata3_MB,Inh_Tfap2b_Gata3_MB
Ex_Pax6_Serpinb11,neuron,MB,VGLUT2,MC_201:PAG and SCm neurons,Ex_Pax6_Serpinb11,Ex_Pax6_Serpinb11_MB,Ex_Pax6_Serpinb11_MB
Ex_Pax6_Zic5,neuron,MB,VGLUT2,MC_201:PAG and SCm neurons,Ex_Pax6_Zic5,Ex_Pax6_Zic5_MB,Ex_Pax6_Zic5_MB
Ex_Pax6_Slc5a7_1,neuron,MB,VGLUT2,MC_201:PAG and SCm neurons,Ex_Pax6_Slc5a7,Ex_Pax6_Slc5a7_MB,Ex_Pax6_Slc5a7_MB
Ex_Pax6_Igfbpl1,neuron,MB,VGLUT2,MC_201:PAG and SCm neurons,Ex_Pax6_Igfbpl1,Ex_Pax6_Igfbpl1_MB,Ex_Pax6_Igfbpl1_MB
Ex_Pax6_Slc5a7_2,neuron,MB,VGLUT2,MC_201:PAG and SCm neurons,Ex_Pax6_Slc5a7,Ex_Pax6_Slc5a7_MB,Ex_Pax6_Slc5a7_MB
Ex_C1ql2_Glp1r,neuron,MB,VGLUT2,MC_212:Tectal neurons,Ex_C1ql2_Glp1r,Ex_C1ql2_Glp1r_MB,Ex_C1ql2_Glp1r_MB
Ex_C1ql2_Steap3_1,neuron,MB,VGLUT2,MC_212:Tectal neurons,Ex_C1ql2_Steap3,Ex_C1ql2_Steap3_MB,Ex_C1ql2_Steap3_MB
Ex_C1ql2_Steap3_2,neuron,MB,VGLUT2,MC_212:Tectal neurons,Ex_C1ql2_Steap3,Ex_C1ql2_Steap3_MB,Ex_C1ql2_Steap3_MB
Ex_C1ql2_Pmfbp1,neuron,MB,VGLUT2,MC_212:Tectal neurons,Ex_C1ql2_Pmfbp1,Ex_C1ql2_Pmfbp1_MB,Ex_C1ql2_Pmfbp1_MB
Ex_C1ql4_Gucy2c,neuron,MB,VGLUT2,MC_212:Tectal neurons,Ex_C1ql4_Gucy2c,Ex_C1ql4_Gucy2c_MB,Ex_C1ql4_Gucy2c_MB
Ex_C1ql4_Tac1,neuron,MB,VGLUT2,MC_212:Tectal neurons,Ex_C1ql4_Tac1,Ex_C1ql4_Tac1_MB,Ex_C1ql4_Tac1_MB
Ex_Ebf2_Tfap2d_Postn,neuron,MB,VGLUT2,MC_212:Tectal neurons,Ex_Ebf2_Tfap2d_Postn,Ex_Ebf2_Tfap2d_Postn_MB,Ex_Ebf2_Tfap2d_Postn_MB
Ex_Ebf2_Glp1r_1,neuron,MB,VGLUT2,MC_212:Tectal neurons,Ex_Ebf2_Glp1r,Ex_Ebf2_Glp1r_MB,Ex_Ebf2_Glp1r_MB
Ex_Ebf2_Glp1r_2,neuron,MB,VGLUT2,MC_212:Tectal neurons,Ex_Ebf2_Glp1r,Ex_Ebf2_Glp1r_MB,Ex_Ebf2_Glp1r_MB
Ex_Ebf2_Lpar1,neuron,MB,VGLUT2,MC_212:Tectal neurons,Ex_Ebf2_Lpar1,Ex_Ebf2_Lpar1_MB,Ex_Ebf2_Lpar1_MB
Ex_Ebf2_Glp1r_3,neuron,MB,VGLUT2,MC_212:Tectal neurons,Ex_Ebf2_Glp1r,Ex_Ebf2_Glp1r_MB,Ex_Ebf2_Glp1r_MB
Ex_Tfap2d_Apela,neuron,MB,VGLUT2,MC_212:Tectal neurons,Ex_Tfap2d_Apela,Ex_Tfap2d_Apela_MB,Ex_Tfap2d_Apela_MB
Ex_Ebf2_Glp1r_4,neuron,MB,VGLUT2,MC_212:Tectal neurons,Ex_Ebf2_Glp1r,Ex_Ebf2_Glp1r_MB,Ex_Ebf2_Glp1r_MB
Ex_Prox1_Npy,neuron,MB,VGLUT2,MC_209:Tectal neurons,Ex_Prox1_Npy,Ex_Prox1_Npy_MB,Ex_Prox1_Npy_MB
Ex_Defb1_Mab21l2,neuron,MB,VGLUT2,MC_209:Tectal neurons,Ex_Defb1_Mab21l2,Ex_Defb1_Mab21l2_MB,Ex_Defb1_Mab21l2_MB
Ex_Defb1_Gsta2,neuron,MB,VGLUT2,MC_209:Tectal neurons,Ex_Defb1_Gsta2,Ex_Defb1_Gsta2_MB,Ex_Defb1_Gsta2_MB
Ex_Defb1_Ldoc1_1,neuron,MB,VGLUT2,MC_209:Tectal neurons,Ex_Defb1_Ldoc1,Ex_Defb1_Ldoc1_MB,Ex_Defb1_Ldoc1_MB
Ex_Defb1_Ldoc1_2,neuron,MB,VGLUT2,MC_209:Tectal neurons,Ex_Defb1_Ldoc1,Ex_Defb1_Ldoc1_MB,Ex_Defb1_Ldoc1_MB
Ex_Defb1_Wif1,neuron,MB,VGLUT2,MC_209:Tectal neurons,Ex_Defb1_Wif1,Ex_Defb1_Wif1_MB,Ex_Defb1_Wif1_MB
Ex_Prox1_Pirt_1,neuron,MB,VGLUT2,MC_209:Tectal neurons,Ex_Prox1_Pirt,Ex_Prox1_Pirt_MB,Ex_Prox1_Pirt_MB
Ex_Ebf2_Rab38,neuron,MB,VGLUT2,MC_216:Inferior collicular neurons,Ex_Ebf2_Rab38,Ex_Ebf2_Rab38_MB,Ex_Ebf2_Rab38_MB
Ex_Irx3_Ccdc192_1,neuron,MB,VGLUT2,MC_212:Tectal neurons,Ex_Irx3_Ccdc192,Ex_Irx3_Ccdc192_MB,Ex_Irx3_Ccdc192_MB
Ex_Irx3_Ccdc192_2,neuron,MB,VGLUT2,MC_212:Tectal neurons,Ex_Irx3_Ccdc192,Ex_Irx3_Ccdc192_MB,Ex_Irx3_Ccdc192_MB
Ex_Irx3_Ccdc192_3,neuron,MB,VGLUT2,MC_212:Tectal neurons,Ex_Irx3_Ccdc192,Ex_Irx3_Ccdc192_MB,Ex_Irx3_Ccdc192_MB
Ex_Irx3_Ccdc192_5,neuron,MB,VGLUT2,MC_212:Tectal neurons,Ex_Irx3_Ccdc192,Ex_Irx3_Ccdc192_MB,Ex_Irx3_Ccdc192_MB
Ex_Irx3_Fos,neuron,MB,VGLUT2,MC_212:Tectal neurons,Ex_Irx3_Fos,Ex_Irx3_Fos_MB,Ex_Irx3_Fos_MB
Ex_Irx3_Ccdc192_6,neuron,MB,VGLUT2,MC_212:Tectal neurons,Ex_Irx3_Ccdc192,Ex_Irx3_Ccdc192_MB,Ex_Irx3_Ccdc192_MB
Ex_Irx3_Sostdc1,neuron,MB,VGLUT2,MC_212:Tectal neurons,Ex_Irx3_Sostdc1,Ex_Irx3_Sostdc1_MB,Ex_Irx3_Sostdc1_MB
Ex_Tfap2b_Wif1,neuron,MB,VGLUT2,MC_212:Tectal neurons,Ex_Tfap2b_Wif1,Ex_Tfap2b_Wif1_MB,Ex_Tfap2b_Wif1_MB
Ex_Tfap2b_Tac2,neuron,MB,VGLUT2,MC_212:Tectal neurons,Ex_Tfap2b_Tac2,Ex_Tfap2b_Tac2_MB,Ex_Tfap2b_Tac2_MB
Ex_Irx3_Ccdc192_7,neuron,MB,VGLUT2,MC_212:Tectal neurons,Ex_Irx3_Ccdc192,Ex_Irx3_Ccdc192_MB,Ex_Irx3_Ccdc192_MB
Ex_Ebf2_Pmfbp1_1,neuron,MB,VGLUT2,MC_212:Tectal neurons,Ex_Ebf2_Pmfbp1,Ex_Ebf2_Pmfbp1_MB,Ex_Ebf2_Pmfbp1_MB
Ex_Ebf2_Met,neuron,MB,VGLUT2,MC_212:Tectal neurons,Ex_Ebf2_Met,Ex_Ebf2_Met_MB,Ex_Ebf2_Met_MB
Ex_C1ql4_Calca,neuron,MB,VGLUT2,MC_212:Tectal neurons,Ex_C1ql4_Calca,Ex_C1ql4_Calca_MB,Ex_C1ql4_Calca_MB
Ex_C1ql4_Apela,neuron,MB,VGLUT2,MC_212:Tectal neurons,Ex_C1ql4_Apela,Ex_C1ql4_Apela_MB,Ex_C1ql4_Apela_MB
Inh_Six3_Ofcc1_1,neuron,MB,GLY,MC_96:Midbrain neurons,Inh_Six3_Ofcc1,Inh_Six3_Ofcc1_MB,Inh_Six3_Ofcc1_MB
Inh_Six3_Ofcc1_2,neuron,MB,GLY,MC_96:Midbrain neurons,Inh_Six3_Ofcc1,Inh_Six3_Ofcc1_MB,Inh_Six3_Ofcc1_MB
Inh_Six3_Myocd,neuron,MB,GLY,MC_96:Midbrain neurons,Inh_Six3_Myocd,Inh_Six3_Myocd_MB,Inh_Six3_Myocd_MB
Inh_Pax3_Drd1,neuron,MB,GABA,MC_96:Midbrain neurons,Inh_Pax3_Drd1,Inh_Pax3_Drd1_MB,Inh_Pax3_Drd1_MB
Inh_Nkx2-2_Oxtr_1,neuron,MB,GABA,MC_94:Tegmental neurons,Inh_Nkx2-2_Oxtr,Inh_Nkx2-2_Oxtr_MB,Inh_Nkx2-2_Oxtr_MB
Inh_Nkx2-2_Oxtr_2,neuron,MB,GLY,MC_94:Tegmental neurons,Inh_Nkx2-2_Oxtr,Inh_Nkx2-2_Oxtr_MB,Inh_Nkx2-2_Oxtr_MB
Inh_Nkx2-2_Calcb_1,neuron,MB,GABA,MC_94:Tegmental neurons,Inh_Nkx2-2_Calcb,Inh_Nkx2-2_Calcb_MB,Inh_Nkx2-2_Calcb_MB
Inh_Nkx2-2_Calcb_2,neuron,MB,GABA,MC_94:Tegmental neurons,Inh_Nkx2-2_Calcb,Inh_Nkx2-2_Calcb_MB,Inh_Nkx2-2_Calcb_MB
Inh_Nkx2-2_Catsper4,neuron,MB,GABA,MC_94:Tegmental neurons,Inh_Nkx2-2_Catsper4,Inh_Nkx2-2_Catsper4_MB,Inh_Nkx2-2_Catsper4_MB
Ex_Pou4f1_Pth2r,neuron,MB,VGLUT2,"MC_215:Superior collicular, motor area neurons",Ex_Pou4f1_Pth2r,Ex_Pou4f1_Pth2r_MB,Ex_Pou4f1_Pth2r_MB
Ex_Nxph4_Pou4f2,neuron,MB,VGLUT2,"MC_215:Superior collicular, motor area neurons",Ex_Nxph4_Pou4f2,Ex_Nxph4_Pou4f2_MB,Ex_Nxph4_Pou4f2_MB
Ex_Nxph4_Chodl_1,neuron,MB,VGLUT2,"MC_215:Superior collicular, motor area neurons",Ex_Nxph4_Chodl,Ex_Nxph4_Chodl_MB,Ex_Nxph4_Chodl_MB
Ex_Nxph4_Crh,neuron,MB,VGLUT2,"MC_215:Superior collicular, motor area neurons",Ex_Nxph4_Crh,Ex_Nxph4_Crh_MB,Ex_Nxph4_Crh_MB
Ex_Nxph4_Hpgd,neuron,MB,VGLUT2,"MC_215:Superior collicular, motor area neurons",Ex_Nxph4_Hpgd,Ex_Nxph4_Hpgd_MB,Ex_Nxph4_Hpgd_MB
Ex_Nxph4_Chodl_2,neuron,MB,VGLUT2,"MC_215:Superior collicular, motor area neurons",Ex_Nxph4_Chodl,Ex_Nxph4_Chodl_MB,Ex_Nxph4_Chodl_MB
Ex_Nxph4_Twist1_1,neuron,MB,VGLUT2,MC_212:Tectal neurons,Ex_Nxph4_Twist1,Ex_Nxph4_Twist1_MB,Ex_Nxph4_Twist1_MB
Ex_Nxph4_Twist1_2,neuron,MB,VGLUT2,MC_212:Tectal neurons,Ex_Nxph4_Twist1,Ex_Nxph4_Twist1_MB,Ex_Nxph4_Twist1_MB
Ex_Nxph4_Twist1_3,neuron,MB,VGLUT2,MC_212:Tectal neurons,Ex_Nxph4_Twist1,Ex_Nxph4_Twist1_MB,Ex_Nxph4_Twist1_MB
Ex_Nxph4_Twist1_4,neuron,MB,VGLUT2,MC_212:Tectal neurons,Ex_Nxph4_Twist1,Ex_Nxph4_Twist1_MB,Ex_Nxph4_Twist1_MB
Ex_Nxph4_Zic5,neuron,MB,VGLUT2,MC_212:Tectal neurons,Ex_Nxph4_Zic5,Ex_Nxph4_Zic5_MB,Ex_Nxph4_Zic5_MB
Ex_Nxph4_Zar1l_1,neuron,MB,VGLUT2,"MC_215:Superior collicular, motor area neurons",Ex_Nxph4_Zar1l,Ex_Nxph4_Zar1l_MB,Ex_Nxph4_Zar1l_MB
Ex_Nxph4_Zar1l_2,neuron,MB,VGLUT2,"MC_215:Superior collicular, motor area neurons",Ex_Nxph4_Zar1l,Ex_Nxph4_Zar1l_MB,Ex_Nxph4_Zar1l_MB
Ex_Nxph4_Zar1l_3,neuron,MB,VGLUT2,"MC_215:Superior collicular, motor area neurons",Ex_Nxph4_Zar1l,Ex_Nxph4_Zar1l_MB,Ex_Nxph4_Zar1l_MB
Ex_Nxph4_Zar1l_4,neuron,MB,VGLUT2,"MC_215:Superior collicular, motor area neurons",Ex_Nxph4_Zar1l,Ex_Nxph4_Zar1l_MB,Ex_Nxph4_Zar1l_MB
Ex_Nxph4_Ednra,neuron,MB,VGLUT2,MC_201:PAG and SCm neurons,Ex_Nxph4_Ednra,Ex_Nxph4_Ednra_MB,Ex_Nxph4_Ednra_MB
Ex_Nxph4_Arhgap36,neuron,MB,VGLUT2,MC_201:PAG and SCm neurons,Ex_Nxph4_Arhgap36,Ex_Nxph4_Arhgap36_MB,Ex_Nxph4_Arhgap36_MB
Ex_Nxph4_Il23r,neuron,MB,VGLUT2,MC_201:PAG and SCm neurons,Ex_Nxph4_Il23r,Ex_Nxph4_Il23r_MB,Ex_Nxph4_Il23r_MB
Inh_Lhx1_Mc4r,neuron,MB,GABA,MC_92:Tegmental neurons,Inh_Lhx1_Mc4r,Inh_Lhx1_Mc4r_MB,Inh_Lhx1_Mc4r_MB
Inh_Lhx1_Corin,neuron,MB,GABA,MC_92:Tegmental neurons,Inh_Lhx1_Corin,Inh_Lhx1_Corin_MB,Inh_Lhx1_Corin_MB
Inh_Six3_Krt18,neuron,MB,GABA,MC_105:Midbrain neurons,Inh_Six3_Krt18,Inh_Six3_Krt18_MB,Inh_Six3_Krt18_MB
Inh_Six3_Frem2,neuron,MB,GABA,MC_105:Midbrain neurons,Inh_Six3_Frem2,Inh_Six3_Frem2_MB,Inh_Six3_Frem2_MB
Inh_Otx1_Pmfbp1,neuron,MB,GABA,MC_90:Midbrain neurons,Inh_Otx1_Pmfbp1,Inh_Otx1_Pmfbp1_MB,Inh_Otx1_Pmfbp1_MB
Inh_Irx3_Hmcn1,neuron,MB,GABA,MC_100:Midbrain neurons,Inh_Irx3_Hmcn1,Inh_Irx3_Hmcn1_MB,Inh_Irx3_Hmcn1_MB
Inh_Otx1_Calcr,neuron,MB,GABA,MC_100:Midbrain neurons,Inh_Otx1_Calcr,Inh_Otx1_Calcr_MB,Inh_Otx1_Calcr_MB
Inh_Irx3_Sox14,neuron,MB,GABA,MC_100:Midbrain neurons,Inh_Irx3_Sox14,Inh_Irx3_Sox14_MB,Inh_Irx3_Sox14_MB
Inh_Six6_Grp,neuron,,GABA,"MC_99:Pontine and medullary neurons, primarily raphe",Inh_Six6_Grp,Inh_Six6_Grp,Inh_Six6_Grp
Inh_Otx1_Sox14_1,neuron,MB,GABA,MC_107:Pontine and medullary neurons,Inh_Otx1_Sox14,Inh_Otx1_Sox14_MB,Inh_Otx1_Sox14_MB
Inh_Otx1_Sox14_2,neuron,MB,GABA,MC_107:Pontine and medullary neurons,Inh_Otx1_Sox14,Inh_Otx1_Sox14_MB,Inh_Otx1_Sox14_MB
Inh_Otx1_Sox14_3,neuron,MB,GABA,MC_107:Pontine and medullary neurons,Inh_Otx1_Sox14,Inh_Otx1_Sox14_MB,Inh_Otx1_Sox14_MB
Ex_Tfap2b_Ghrh_1,neuron,MB,VGLUT2,MC_204:Tectal neurons,Ex_Tfap2b_Ghrh,Ex_Tfap2b_Ghrh_MB,Ex_Tfap2b_Ghrh_MB
Ex_Tfap2b_Saa1,neuron,MB,VGLUT2,MC_204:Tectal neurons,Ex_Tfap2b_Saa1,Ex_Tfap2b_Saa1_MB,Ex_Tfap2b_Saa1_MB
Ex_Tfap2b_Trim63,neuron,MB,VGLUT2,MC_204:Tectal neurons,Ex_Tfap2b_Trim63,Ex_Tfap2b_Trim63_MB,Ex_Tfap2b_Trim63_MB
Ex_Tfap2b_Ghrh_2,neuron,MB,VGLUT2,MC_204:Tectal neurons,Ex_Tfap2b_Ghrh,Ex_Tfap2b_Ghrh_MB,Ex_Tfap2b_Ghrh_MB
Ex_Tfap2b_Ghrh_3,neuron,MB,VGLUT2,MC_204:Tectal neurons,Ex_Tfap2b_Ghrh,Ex_Tfap2b_Ghrh_MB,Ex_Tfap2b_Ghrh_MB
Ex_Tfap2b_Ccdc172_Calcr,neuron,MB,VGLUT2,MC_155:Pontine and medullary reticular neurons,Ex_Tfap2b_Ccdc172_Calcr,Ex_Tfap2b_Ccdc172_Calcr_MB,Ex_Tfap2b_Ccdc172_Calcr_MB
Ex_Tfap2b_Ramp3_1,neuron,MB,VGLUT2,MC_201:PAG and SCm neurons,Ex_Tfap2b_Ramp3,Ex_Tfap2b_Ramp3_MB,Ex_Tfap2b_Ramp3_MB
Ex_Tfap2b_Ramp3_2,neuron,MB,VGLUT2,MC_201:PAG and SCm neurons,Ex_Tfap2b_Ramp3,Ex_Tfap2b_Ramp3_MB,Ex_Tfap2b_Ramp3_MB
Ex_Tfap2b_Ramp3_3,neuron,MB,VGLUT2,MC_201:PAG and SCm neurons,Ex_Tfap2b_Ramp3,Ex_Tfap2b_Ramp3_MB,Ex_Tfap2b_Ramp3_MB
Ex_Tfap2b_Ramp3_4,neuron,MB,VGLUT2,MC_201:PAG and SCm neurons,Ex_Tfap2b_Ramp3,Ex_Tfap2b_Ramp3_MB,Ex_Tfap2b_Ramp3_MB
Ex_Tfap2b_Ramp3_5,neuron,MB,VGLUT2,MC_201:PAG and SCm neurons,Ex_Tfap2b_Ramp3,Ex_Tfap2b_Ramp3_MB,Ex_Tfap2b_Ramp3_MB
Ex_Tfap2b_Ramp3_6,neuron,MB,VGLUT2,MC_201:PAG and SCm neurons,Ex_Tfap2b_Ramp3,Ex_Tfap2b_Ramp3_MB,Ex_Tfap2b_Ramp3_MB
Ex_Tfap2b_Ramp3_7,neuron,MB,VGLUT2,MC_201:PAG and SCm neurons,Ex_Tfap2b_Ramp3,Ex_Tfap2b_Ramp3_MB,Ex_Tfap2b_Ramp3_MB
Ex_Tfap2b_Slco1c1,neuron,MB,VGLUT2,MC_201:PAG and SCm neurons,Ex_Tfap2b_Slco1c1,Ex_Tfap2b_Slco1c1_MB,Ex_Tfap2b_Slco1c1_MB
Ex_Tfap2b_Piezo2_1,neuron,MB,VGLUT2,"MC_215:Superior collicular, motor area neurons",Ex_Tfap2b_Piezo2,Ex_Tfap2b_Piezo2_MB,Ex_Tfap2b_Piezo2_MB
Ex_Tfap2b_Piezo2_2,neuron,MB,VGLUT2,"MC_215:Superior collicular, motor area neurons",Ex_Tfap2b_Piezo2,Ex_Tfap2b_Piezo2_MB,Ex_Tfap2b_Piezo2_MB
Ex_Tfap2b_Piezo2_3,neuron,MB,VGLUT2,"MC_215:Superior collicular, motor area neurons",Ex_Tfap2b_Piezo2,Ex_Tfap2b_Piezo2_MB,Ex_Tfap2b_Piezo2_MB
Ex_Tfap2b_Piezo2_4,neuron,MB,VGLUT2,"MC_215:Superior collicular, motor area neurons",Ex_Tfap2b_Piezo2,Ex_Tfap2b_Piezo2_MB,Ex_Tfap2b_Piezo2_MB
Ex_Tfap2b_Piezo2_5,neuron,MB,VGLUT2,"MC_215:Superior collicular, motor area neurons",Ex_Tfap2b_Piezo2,Ex_Tfap2b_Piezo2_MB,Ex_Tfap2b_Piezo2_MB
Ex_Tfap2b_Piezo2_6,neuron,MB,VGLUT2,"MC_215:Superior collicular, motor area neurons",Ex_Tfap2b_Piezo2,Ex_Tfap2b_Piezo2_MB,Ex_Tfap2b_Piezo2_MB
Ex_Tfap2b_Piezo2_7,neuron,MB,VGLUT2,"MC_215:Superior collicular, motor area neurons",Ex_Tfap2b_Piezo2,Ex_Tfap2b_Piezo2_MB,Ex_Tfap2b_Piezo2_MB
Ex_Nkx6-1_Mia,neuron,MB,VGLUT2,MC_199:Tegmental and pontine neurons,Ex_Nkx6-1_Mia,Ex_Nkx6-1_Mia_MB,Ex_Nkx6-1_Mia_MB
Ex_Nkx6-1_Vsx2_1,neuron,MB,VGLUT2,MC_199:Tegmental and pontine neurons,Ex_Nkx6-1_Vsx2,Ex_Nkx6-1_Vsx2_MB,Ex_Nkx6-1_Vsx2_MB
Ex_Nkx6-1_Vsx2_2,neuron,MB,VGLUT2,MC_199:Tegmental and pontine neurons,Ex_Nkx6-1_Vsx2,Ex_Nkx6-1_Vsx2_MB,Ex_Nkx6-1_Vsx2_MB
Ex_Nkx6-1_Vsx2_3,neuron,MB,VGLUT2,MC_199:Tegmental and pontine neurons,Ex_Nkx6-1_Vsx2,Ex_Nkx6-1_Vsx2_MB,Ex_Nkx6-1_Vsx2_MB
Ex_Nkx6-1_Pax8_2,neuron,MB,VGLUT2,MC_199:Tegmental and pontine neurons,Ex_Nkx6-1_Pax8,Ex_Nkx6-1_Pax8_MB,Ex_Nkx6-1_Pax8_MB
Ex_Lhx4_Vsx2_1,neuron,MB,VGLUT2,MC_199:Tegmental and pontine neurons,Ex_Lhx4_Vsx2,Ex_Lhx4_Vsx2_MB,Ex_Lhx4_Vsx2_MB
Ex_Lhx4_Vsx2_2,neuron,MB,VGLUT2,MC_199:Tegmental and pontine neurons,Ex_Lhx4_Vsx2,Ex_Lhx4_Vsx2_MB,Ex_Lhx4_Vsx2_MB
Ex_Sim1_Sall3,neuron,HY,VGLUT2,"MC_197:Hypothalamic neurons, primarily periventricular and mammilary nuclei",Ex_Sim1_Sall3,Ex_Sim1_Sall3_HY,Ex_Sim1_Sall3_HY
Ex_Sall3_Crabp1_1,neuron,MB,VGLUT2,MC_204:Tectal neurons,Ex_Sall3_Crabp1,Ex_Sall3_Crabp1_MB,Ex_Sall3_Crabp1_MB
Ex_Sall3_Crabp1_2,neuron,MB,VGLUT2,MC_204:Tectal neurons,Ex_Sall3_Crabp1,Ex_Sall3_Crabp1_MB,Ex_Sall3_Crabp1_MB
Ex_Sall3_Efemp1_1,neuron,MB,VGLUT2,MC_203:Tectal neurons,Ex_Sall3_Efemp1,Ex_Sall3_Efemp1_MB,Ex_Sall3_Efemp1_MB
Ex_Sall3_Efemp1_2,neuron,MB,VGLUT2,MC_203:Tectal neurons,Ex_Sall3_Efemp1,Ex_Sall3_Efemp1_MB,Ex_Sall3_Efemp1_MB
Ex_Pitx2_Col6a5,neuron,MB,VGLUT2,MC_203:Tectal neurons,Ex_Pitx2_Col6a5,Ex_Pitx2_Col6a5_MB,Ex_Pitx2_Col6a5_MB
Inh_Pax7_Shisal2b,neuron,MB,GABA,MC_95:Tectal neurons,Inh_Pax7_Shisal2b,Inh_Pax7_Shisal2b_MB,Inh_Pax7_Shisal2b_MB
Inh_Pax7_Samd3,neuron,MB,GABA,MC_95:Tectal neurons,Inh_Pax7_Samd3,Inh_Pax7_Samd3_MB,Inh_Pax7_Samd3_MB
Inh_Pax7_Catspere1_1,neuron,MB,GABA,MC_95:Tectal neurons,Inh_Pax7_Catspere1,Inh_Pax7_Catspere1_MB,Inh_Pax7_Catspere1_MB
Inh_Pax7_Catspere1_2,neuron,MB,GABA,MC_95:Tectal neurons,Inh_Pax7_Catspere1,Inh_Pax7_Catspere1_MB,Inh_Pax7_Catspere1_MB
Inh_Pax7_Zan,neuron,MB,GABA,MC_95:Tectal neurons,Inh_Pax7_Zan,Inh_Pax7_Zan_MB,Inh_Pax7_Zan_MB
Inh_Pax7_Pawr,neuron,MB,GABA,MC_95:Tectal neurons,Inh_Pax7_Pawr,Inh_Pax7_Pawr_MB,Inh_Pax7_Pawr_MB
Inh_Pax7_Rspo2,neuron,MB,GABA,MC_95:Tectal neurons,Inh_Pax7_Rspo2,Inh_Pax7_Rspo2_MB,Inh_Pax7_Rspo2_MB
Inh_Tfap2b_Igfbp6,neuron,MB,GABA,MC_95:Tectal neurons,Inh_Tfap2b_Igfbp6,Inh_Tfap2b_Igfbp6_MB,Inh_Tfap2b_Igfbp6_MB
Inh_Tfap2b_Cdh23_1,neuron,MB,GABA,MC_95:Tectal neurons,Inh_Tfap2b_Cdh23,Inh_Tfap2b_Cdh23_MB,Inh_Tfap2b_Cdh23_MB
Inh_Tfap2b_Cdh23_2,neuron,MB,GABA,MC_95:Tectal neurons,Inh_Tfap2b_Cdh23,Inh_Tfap2b_Cdh23_MB,Inh_Tfap2b_Cdh23_MB
Inh_Tfap2b_Zic4_Rxfp2,neuron,MB,GABA,MC_95:Tectal neurons,Inh_Tfap2b_Zic4_Rxfp2,Inh_Tfap2b_Zic4_Rxfp2_MB,Inh_Tfap2b_Zic4_Rxfp2_MB
Inh_Tfap2b_Tll2_1,neuron,MB,GABA,MC_95:Tectal neurons,Inh_Tfap2b_Tll2,Inh_Tfap2b_Tll2_MB,Inh_Tfap2b_Tll2_MB
Inh_Tfap2b_Tll2_2,neuron,MB,GABA,MC_95:Tectal neurons,Inh_Tfap2b_Tll2,Inh_Tfap2b_Tll2_MB,Inh_Tfap2b_Tll2_MB
Inh_Tfap2b_Tll2_3,neuron,MB,GABA,MC_95:Tectal neurons,Inh_Tfap2b_Tll2,Inh_Tfap2b_Tll2_MB,Inh_Tfap2b_Tll2_MB
Inh_Tfap2b_Tll2_4,neuron,MB,GABA,MC_95:Tectal neurons,Inh_Tfap2b_Tll2,Inh_Tfap2b_Tll2_MB,Inh_Tfap2b_Tll2_MB
Inh_Tfap2b_Cdh23_3,neuron,MB,GABA,MC_95:Tectal neurons,Inh_Tfap2b_Cdh23,Inh_Tfap2b_Cdh23_MB,Inh_Tfap2b_Cdh23_MB
Inh_Tfap2b_Met,neuron,MB,GABA,MC_95:Tectal neurons,Inh_Tfap2b_Met,Inh_Tfap2b_Met_MB,Inh_Tfap2b_Met_MB
Inh_Tfap2b_Tspo2,neuron,MB,GABA,MC_95:Tectal neurons,Inh_Tfap2b_Tspo2,Inh_Tfap2b_Tspo2_MB,Inh_Tfap2b_Tspo2_MB
Inh_Tfap2b_Dcn_1,neuron,MB,GABA,MC_96:Midbrain neurons,Inh_Tfap2b_Dcn,Inh_Tfap2b_Dcn_MB,Inh_Tfap2b_Dcn_MB
Inh_Tfap2b_Dcn_2,neuron,MB,GABA,MC_96:Midbrain neurons,Inh_Tfap2b_Dcn,Inh_Tfap2b_Dcn_MB,Inh_Tfap2b_Dcn_MB
Inh_Tfap2b_Dcn_3,neuron,MB,GABA,MC_96:Midbrain neurons,Inh_Tfap2b_Dcn,Inh_Tfap2b_Dcn_MB,Inh_Tfap2b_Dcn_MB
Inh_Tfap2b_Optc,neuron,MB,GABA,MC_96:Midbrain neurons,Inh_Tfap2b_Optc,Inh_Tfap2b_Optc_MB,Inh_Tfap2b_Optc_MB
Inh_Tfap2b_Pthlh,neuron,MB,GABA,MC_96:Midbrain neurons,Inh_Tfap2b_Pthlh,Inh_Tfap2b_Pthlh_MB,Inh_Tfap2b_Pthlh_MB
Ex_Pax8_Rassf10,neuron,MB,VGLUT2,MC_199:Tegmental and pontine neurons,Ex_Pax8_Rassf10,Ex_Pax8_Rassf10_MB,Ex_Pax8_Rassf10_MB
Ex_Pax8_Tnfrsf8,neuron,MB,VGLUT2,MC_199:Tegmental and pontine neurons,Ex_Pax8_Tnfrsf8,Ex_Pax8_Tnfrsf8_MB,Ex_Pax8_Tnfrsf8_MB
Ex_Nkx6-1_Shisal2b,neuron,MB,VGLUT2,MC_159:Pontine and medullary reticular neurons,Ex_Nkx6-1_Shisal2b,Ex_Nkx6-1_Shisal2b_MB,Ex_Nkx6-1_Shisal2b_MB
Ex_Nkx6-1_Atp6v1c2,neuron,MB,VGLUT2,MC_159:Pontine and medullary reticular neurons,Ex_Nkx6-1_Atp6v1c2,Ex_Nkx6-1_Atp6v1c2_MB,Ex_Nkx6-1_Atp6v1c2_MB
Ex_C1ql4_Teddm3_1,neuron,MB,VGLUT2,MC_208:PAG neurons,Ex_C1ql4_Teddm3,Ex_C1ql4_Teddm3_MB,Ex_C1ql4_Teddm3_MB
Ex_C1ql4_Teddm3_3,neuron,MB,VGLUT2,MC_208:PAG neurons,Ex_C1ql4_Teddm3,Ex_C1ql4_Teddm3_MB,Ex_C1ql4_Teddm3_MB
Ex_C1ql4_Serpina3g,neuron,MB,VGLUT2,MC_208:PAG neurons,Ex_C1ql4_Serpina3g,Ex_C1ql4_Serpina3g_MB,Ex_C1ql4_Serpina3g_MB
Ex_C1ql4_Bank1,neuron,MB,VGLUT2,MC_208:PAG neurons,Ex_C1ql4_Bank1,Ex_C1ql4_Bank1_MB,Ex_C1ql4_Bank1_MB
Ex_C1ql4_Myo18b_1,neuron,MB,VGLUT2,MC_208:PAG neurons,Ex_C1ql4_Myo18b,Ex_C1ql4_Myo18b_MB,Ex_C1ql4_Myo18b_MB
Ex_C1ql4_Krt73_1,neuron,MB,VGLUT2,MC_208:PAG neurons,Ex_C1ql4_Krt73,Ex_C1ql4_Krt73_MB,Ex_C1ql4_Krt73_MB
Ex_C1ql4_Krt73_2,neuron,MB,VGLUT2,MC_208:PAG neurons,Ex_C1ql4_Krt73,Ex_C1ql4_Krt73_MB,Ex_C1ql4_Krt73_MB
Ex_C1ql4_Gspm3,neuron,MB,VGLUT2,MC_208:PAG neurons,Ex_C1ql4_Gspm3,Ex_C1ql4_Gspm3_MB,Ex_C1ql4_Gspm3_MB
Ex_C1ql4_Tekt2,neuron,MB,VGLUT2,MC_208:PAG neurons,Ex_C1ql4_Tekt2,Ex_C1ql4_Tekt2_MB,Ex_C1ql4_Tekt2_MB
Ex_C1ql4_Wnt2,neuron,MB,VGLUT2,MC_208:PAG neurons,Ex_C1ql4_Wnt2,Ex_C1ql4_Wnt2_MB,Ex_C1ql4_Wnt2_MB
Ex_C1ql4_Mettl24,neuron,MB,VGLUT2,MC_208:PAG neurons,Ex_C1ql4_Mettl24,Ex_C1ql4_Mettl24_MB,Ex_C1ql4_Mettl24_MB
Ex_Eya2_Sapcd1,neuron,MB,VGLUT2,MC_208:PAG neurons,Ex_Eya2_Sapcd1,Ex_Eya2_Sapcd1_MB,Ex_Eya2_Sapcd1_MB
Ex_Prox1_Plcz1,neuron,MB,VGLUT2,MC_208:PAG neurons,Ex_Prox1_Plcz1,Ex_Prox1_Plcz1_MB,Ex_Prox1_Plcz1_MB
Ex_Prox1_Cmbl,neuron,MB,VGLUT2,MC_208:PAG neurons,Ex_Prox1_Cmbl,Ex_Prox1_Cmbl_MB,Ex_Prox1_Cmbl_MB
Ex_Nxph4_Krt73,neuron,MB,VGLUT2,MC_208:PAG neurons,Ex_Nxph4_Krt73,Ex_Nxph4_Krt73_MB,Ex_Nxph4_Krt73_MB
Ex_C1ql4_Krt73,neuron,MB,VGLUT2,MC_208:PAG neurons,Ex_C1ql4_Krt73,Ex_C1ql4_Krt73_MB,Ex_C1ql4_Krt73_MB
Ex_Vcan_Emid1,neuron,MB,VGLUT2,MC_205:Tegmental neurons,Ex_Vcan_Emid1,Ex_Vcan_Emid1_MB,Ex_Vcan_Emid1_MB
Ex_Vcan_Crh,neuron,MB,VGLUT2,MC_205:Tegmental neurons,Ex_Vcan_Crh,Ex_Vcan_Crh_MB,Ex_Vcan_Crh_MB
Ex_C1ql4_Olfr48,neuron,MB,VGLUT2,MC_212:Tectal neurons,Ex_C1ql4_Olfr48,Ex_C1ql4_Olfr48_MB,Ex_C1ql4_Olfr48_MB
Ex_Dach2_Arhgap36_1,neuron,MB,VGLUT2,MC_205:Tegmental neurons,Ex_Dach2_Arhgap36,Ex_Dach2_Arhgap36_MB,Ex_Dach2_Arhgap36_MB
Ex_Dach2_Arhgap36_2,neuron,MB,VGLUT2,MC_205:Tegmental neurons,Ex_Dach2_Arhgap36,Ex_Dach2_Arhgap36_MB,Ex_Dach2_Arhgap36_MB
Ex_Dach2_Arhgap36_3,neuron,MB,VGLUT2,MC_205:Tegmental neurons,Ex_Dach2_Arhgap36,Ex_Dach2_Arhgap36_MB,Ex_Dach2_Arhgap36_MB
Ex_Ebf2_Arhgap36,neuron,MB,VGLUT2,MC_205:Tegmental neurons,Ex_Ebf2_Arhgap36,Ex_Ebf2_Arhgap36_MB,Ex_Ebf2_Arhgap36_MB
Ex_Tfap2b_Gsta2_1,neuron,MB,VGLUT2,MC_212:Tectal neurons,Ex_Tfap2b_Gsta2,Ex_Tfap2b_Gsta2_MB,Ex_Tfap2b_Gsta2_MB
Ex_Tfap2b_Gsta2_2,neuron,MB,VGLUT2,MC_212:Tectal neurons,Ex_Tfap2b_Gsta2,Ex_Tfap2b_Gsta2_MB,Ex_Tfap2b_Gsta2_MB
Ex_Ebf2_Npffr2_1,neuron,MB,VGLUT2,MC_201:PAG and SCm neurons,Ex_Ebf2_Npffr2,Ex_Ebf2_Npffr2_MB,Ex_Ebf2_Npffr2_MB
Ex_Ebf2_Npffr2_2,neuron,MB,VGLUT2,MC_201:PAG and SCm neurons,Ex_Ebf2_Npffr2,Ex_Ebf2_Npffr2_MB,Ex_Ebf2_Npffr2_MB
Ex_Ebf2_Npffr2_3,neuron,MB,VGLUT2,MC_201:PAG and SCm neurons,Ex_Ebf2_Npffr2,Ex_Ebf2_Npffr2_MB,Ex_Ebf2_Npffr2_MB
Ex_Ebf2_Meox2,neuron,MB,VGLUT2,MC_201:PAG and SCm neurons,Ex_Ebf2_Meox2,Ex_Ebf2_Meox2_MB,Ex_Ebf2_Meox2_MB
Ex_Lhx4_Cnga3,neuron,MB,VGLUT2,MC_198:Brainstem neurons,Ex_Lhx4_Cnga3,Ex_Lhx4_Cnga3_MB,Ex_Lhx4_Cnga3_MB
Ex_Lhx4_Plcz1,neuron,MB,VGLUT2,MC_198:Brainstem neurons,Ex_Lhx4_Plcz1,Ex_Lhx4_Plcz1_MB,Ex_Lhx4_Plcz1_MB
Ex_Lhx4_Tnc,neuron,,VGLUT2,MC_198:Brainstem neurons,Ex_Lhx4_Tnc,Ex_Lhx4_Tnc,Ex_Lhx4_Tnc
Ex_Lhx4_Gpr101_1,neuron,MB,VGLUT2,MC_198:Brainstem neurons,Ex_Lhx4_Gpr101,Ex_Lhx4_Gpr101_MB,Ex_Lhx4_Gpr101_MB
Ex_Lhx4_Gpr101_2,neuron,MB,VGLUT2,MC_198:Brainstem neurons,Ex_Lhx4_Gpr101,Ex_Lhx4_Gpr101_MB,Ex_Lhx4_Gpr101_MB
Ex_Lhx4_Gpr101_3,neuron,MB,VGLUT2,MC_198:Brainstem neurons,Ex_Lhx4_Gpr101,Ex_Lhx4_Gpr101_MB,Ex_Lhx4_Gpr101_MB
Ex_Lhx4_Gpr101_4,neuron,MB,VGLUT2,MC_198:Brainstem neurons,Ex_Lhx4_Gpr101,Ex_Lhx4_Gpr101_MB,Ex_Lhx4_Gpr101_MB
Ex_Lhx4_Gpr101_5,neuron,MB,VGLUT2,MC_198:Brainstem neurons,Ex_Lhx4_Gpr101,Ex_Lhx4_Gpr101_MB,Ex_Lhx4_Gpr101_MB
Inh_Pax6_Foxd1_1,neuron,TH,GABA,MC_80:Anterior hypothalamic neurons,Inh_Pax6_Foxd1,Inh_Pax6_Foxd1_TH,Inh_Pax6_Foxd1_TH
Inh_Pax6_Foxd1_2,neuron,MB,GABA,MC_80:Anterior hypothalamic neurons,Inh_Pax6_Foxd1,Inh_Pax6_Foxd1_MB,Inh_Pax6_Foxd1_MB
Inh_Ecel1_Foxd1_1,neuron,MB,GABA,MC_80:Anterior hypothalamic neurons,Inh_Ecel1_Foxd1,Inh_Ecel1_Foxd1_MB,Inh_Ecel1_Foxd1_MB
Inh_Ecel1_Foxd1_2,neuron,MB,GABA,MC_80:Anterior hypothalamic neurons,Inh_Ecel1_Foxd1,Inh_Ecel1_Foxd1_MB,Inh_Ecel1_Foxd1_MB
Inh_Ecel1_Foxd1_3,neuron,MB,GABA,MC_80:Anterior hypothalamic neurons,Inh_Ecel1_Foxd1,Inh_Ecel1_Foxd1_MB,Inh_Ecel1_Foxd1_MB
Ex_Defb1_Zic2,neuron,MB,VGLUT2,MC_201:PAG and SCm neurons,Ex_Defb1_Zic2,Ex_Defb1_Zic2_MB,Ex_Defb1_Zic2_MB
Inh_Tfap2b_Tspo2_1,neuron,MB,GABA,MC_95:Tectal neurons,Inh_Tfap2b_Tspo2,Inh_Tfap2b_Tspo2_MB,Inh_Tfap2b_Tspo2_MB
Inh_Tfap2b_Tspo2_2,neuron,MB,GABA,MC_95:Tectal neurons,Inh_Tfap2b_Tspo2,Inh_Tfap2b_Tspo2_MB,Inh_Tfap2b_Tspo2_MB
Inh_Tfap2b_Tspo2_3,neuron,MB,GABA,MC_95:Tectal neurons,Inh_Tfap2b_Tspo2,Inh_Tfap2b_Tspo2_MB,Inh_Tfap2b_Tspo2_MB
Inh_Pax3_Galr1,neuron,MB,GABA,MC_135:Pontine and medullary reticular neurons,Inh_Pax3_Galr1,Inh_Pax3_Galr1_MB,Inh_Pax3_Galr1_MB
Inh_Pax3_Defb1_1,neuron,MB,GABA,MC_135:Pontine and medullary reticular neurons,Inh_Pax3_Defb1,Inh_Pax3_Defb1_MB,Inh_Pax3_Defb1_MB
Inh_Pax3_Defb1_2,neuron,MB,GABA,MC_135:Pontine and medullary reticular neurons,Inh_Pax3_Defb1,Inh_Pax3_Defb1_MB,Inh_Pax3_Defb1_MB
Inh_Pax3_Calcrl,neuron,MB,GABA,MC_135:Pontine and medullary reticular neurons,Inh_Pax3_Calcrl,Inh_Pax3_Calcrl_MB,Inh_Pax3_Calcrl_MB
Inh_Pax3_Akr1c19,neuron,MB,GABA,MC_135:Pontine and medullary reticular neurons,Inh_Pax3_Akr1c19,Inh_Pax3_Akr1c19_MB,Inh_Pax3_Akr1c19_MB
Inh_Hoxb5_Tal1_1,neuron,MY,GLY,MC_123:Pontine and medullary neurons,Inh_Hoxb5_Tal1,Inh_Hoxb5_Tal1_MY,Inh_Hoxb5_Tal1_MY
Inh_Hoxb5_Tal1_2,neuron,MY,GLY,MC_123:Pontine and medullary neurons,Inh_Hoxb5_Tal1,Inh_Hoxb5_Tal1_MY,Inh_Hoxb5_Tal1_MY
Inh_Hoxb5_Tal1_3,neuron,MY,GLY,MC_123:Pontine and medullary neurons,Inh_Hoxb5_Tal1,Inh_Hoxb5_Tal1_MY,Inh_Hoxb5_Tal1_MY
Inh_Hoxb5_Tal1_4,neuron,MY,GLY,MC_123:Pontine and medullary neurons,Inh_Hoxb5_Tal1,Inh_Hoxb5_Tal1_MY,Inh_Hoxb5_Tal1_MY
Inh_Irx4_Trh,neuron,MY,GLY,MC_124:Pontine and medullary neurons,Inh_Irx4_Trh,Inh_Irx4_Trh_MY,Inh_Irx4_Trh_MY
Inh_Irx4_Lrat,neuron,MY,GLY,MC_124:Pontine and medullary neurons,Inh_Irx4_Lrat,Inh_Irx4_Lrat_MY,Inh_Irx4_Lrat_MY
Inh_Hoxb5_Tecrl,neuron,MY,GLY,MC_123:Pontine and medullary neurons,Inh_Hoxb5_Tecrl,Inh_Hoxb5_Tecrl_MY,Inh_Hoxb5_Tecrl_MY
Inh_Hoxb5_Gpnmb,neuron,MY,GLY,MC_128:Pontine and medullary neurons,Inh_Hoxb5_Gpnmb,Inh_Hoxb5_Gpnmb_MY,Inh_Hoxb5_Gpnmb_MY
Inh_Hoxb5_Esr2_1,neuron,MY,GLY,MC_126:Pontine and medullary neurons,Inh_Hoxb5_Esr2,Inh_Hoxb5_Esr2_MY,Inh_Hoxb5_Esr2_MY
Inh_Hoxb5_Esr2_2,neuron,MY,GLY,MC_126:Pontine and medullary neurons,Inh_Hoxb5_Esr2,Inh_Hoxb5_Esr2_MY,Inh_Hoxb5_Esr2_MY
Inh_Hoxb5_Ptpn14,neuron,MY,GLY,MC_126:Pontine and medullary neurons,Inh_Hoxb5_Ptpn14,Inh_Hoxb5_Ptpn14_MY,Inh_Hoxb5_Ptpn14_MY
Inh_Hoxb5_Ikzf1,neuron,MY,GLY,MC_128:Pontine and medullary neurons,Inh_Hoxb5_Ikzf1,Inh_Hoxb5_Ikzf1_MY,Inh_Hoxb5_Ikzf1_MY
Inh_Hoxb5_Tal1,neuron,MY,GLY,MC_111:Pontine and medullary neurons,Inh_Hoxb5_Tal1,Inh_Hoxb5_Tal1_MY,Inh_Hoxb5_Tal1_MY
Inh_Gata3_Prdm6,neuron,MY,GLY,MC_123:Pontine and medullary neurons,Inh_Gata3_Prdm6,Inh_Gata3_Prdm6_MY,Inh_Gata3_Prdm6_MY
Inh_Gata3_Cd200r1,neuron,MY,GLY,MC_123:Pontine and medullary neurons,Inh_Gata3_Cd200r1,Inh_Gata3_Cd200r1_MY,Inh_Gata3_Cd200r1_MY
Inh_Gata3_Mbl2_1,neuron,MY,GLY,MC_123:Pontine and medullary neurons,Inh_Gata3_Mbl2,Inh_Gata3_Mbl2_MY,Inh_Gata3_Mbl2_MY
Inh_Irx4_Wif1,neuron,P,GLY,MC_124:Pontine and medullary neurons,Inh_Irx4_Wif1,Inh_Irx4_Wif1_P,Inh_Irx4_Wif1_P
Inh_Gata3_Mbl2_3,neuron,MY,GLY,MC_123:Pontine and medullary neurons,Inh_Gata3_Mbl2,Inh_Gata3_Mbl2_MY,Inh_Gata3_Mbl2_MY
Inh_Gata3_Ntsr1,neuron,MY,GLY,MC_123:Pontine and medullary neurons,Inh_Gata3_Ntsr1,Inh_Gata3_Ntsr1_MY,Inh_Gata3_Ntsr1_MY
Inh_Hoxb5_Sytl5_1,neuron,MY,GLY,MC_127:Pontine and medullary neurons,Inh_Hoxb5_Sytl5,Inh_Hoxb5_Sytl5_MY,Inh_Hoxb5_Sytl5_MY
Inh_Hoxb5_Sytl5_2,neuron,MY,GLY,MC_127:Pontine and medullary neurons,Inh_Hoxb5_Sytl5,Inh_Hoxb5_Sytl5_MY,Inh_Hoxb5_Sytl5_MY
Inh_Hoxb5_Sytl5_3,neuron,MY,GLY,MC_127:Pontine and medullary neurons,Inh_Hoxb5_Sytl5,Inh_Hoxb5_Sytl5_MY,Inh_Hoxb5_Sytl5_MY
Inh_Hoxb5_Dmrt3_1,neuron,MY,GLY,MC_127:Pontine and medullary neurons,Inh_Hoxb5_Dmrt3,Inh_Hoxb5_Dmrt3_MY,Inh_Hoxb5_Dmrt3_MY
Inh_Hoxb5_Dmrt3_2,neuron,MY,GLY,MC_127:Pontine and medullary neurons,Inh_Hoxb5_Dmrt3,Inh_Hoxb5_Dmrt3_MY,Inh_Hoxb5_Dmrt3_MY
Inh_Hoxc6_Kl,neuron,MY,GLY,MC_142:Pontine and medullary neurons,Inh_Hoxc6_Kl,Inh_Hoxc6_Kl_MY,Inh_Hoxc6_Kl_MY
Ex_Sox6_Evx1_1,neuron,MY,VGLUT2,MC_157:Pontine and medullary reticular neurons,Ex_Sox6_Evx1,Ex_Sox6_Evx1_MY,Ex_Sox6_Evx1_MY
Ex_Sox6_Evx1_2,neuron,MY,VGLUT2,MC_157:Pontine and medullary reticular neurons,Ex_Sox6_Evx1,Ex_Sox6_Evx1_MY,Ex_Sox6_Evx1_MY
Ex_Pax2_C1ql4,neuron,MY,VGLUT2,"MC_158:Medullary neurons, primarily vestibular nuclei",Ex_Pax2_C1ql4,Ex_Pax2_C1ql4_MY,Ex_Pax2_C1ql4_MY
Ex_Pax2_Vcan,neuron,MY,VGLUT2,MC_157:Pontine and medullary reticular neurons,Ex_Pax2_Vcan,Ex_Pax2_Vcan_MY,Ex_Pax2_Vcan_MY
Ex_Pou4f1_Hmx2,neuron,MY,VGLUT2,MC_154:Midbrain and pontine neurons,Ex_Pou4f1_Hmx2,Ex_Pou4f1_Hmx2_MY,Ex_Pou4f1_Hmx2_MY
Ex_Pou4f1_Cytip,neuron,MY,VGLUT2,MC_154:Midbrain and pontine neurons,Ex_Pou4f1_Cytip,Ex_Pou4f1_Cytip_MY,Ex_Pou4f1_Cytip_MY
Ex_Pou4f1_Vip,neuron,MY,VGLUT2,MC_154:Midbrain and pontine neurons,Ex_Pou4f1_Vip,Ex_Pou4f1_Vip_MY,Ex_Pou4f1_Vip_MY
Ex_Pou4f1_Rspo2,neuron,P,VGLUT2,MC_154:Midbrain and pontine neurons,Ex_Pou4f1_Rspo2,Ex_Pou4f1_Rspo2_P,Ex_Pou4f1_Rspo2_P
Ex_Sim1_Dlk1_1,neuron,MY,VGLUT2,MC_159:Pontine and medullary reticular neurons,Ex_Sim1_Dlk1,Ex_Sim1_Dlk1_MY,Ex_Sim1_Dlk1_MY
Ex_Sim1_Dlk1_2,neuron,MY,VGLUT2,MC_159:Pontine and medullary reticular neurons,Ex_Sim1_Dlk1,Ex_Sim1_Dlk1_MY,Ex_Sim1_Dlk1_MY
Ex_Hgf_Tacr3,neuron,MY,VGLUT2,MC_157:Pontine and medullary reticular neurons,Ex_Hgf_Tacr3,Ex_Hgf_Tacr3_MY,Ex_Hgf_Tacr3_MY
Ex_Hgf_Slc38a11,neuron,MY,VGLUT2,MC_157:Pontine and medullary reticular neurons,Ex_Hgf_Slc38a11,Ex_Hgf_Slc38a11_MY,Ex_Hgf_Slc38a11_MY
Ex_Ebf2_Gli2,neuron,MY,VGLUT2,MC_176:Reticular medullary neurons,Ex_Ebf2_Gli2,Ex_Ebf2_Gli2_MY,Ex_Ebf2_Gli2_MY
Ex_Ebf2_Sox6,neuron,P,VGLUT2,MC_94:Tegmental neurons,Ex_Ebf2_Sox6,Ex_Ebf2_Sox6_P,Ex_Ebf2_Sox6_P
Ex_Ebf2_Catspere1_1,neuron,MY,VGLUT2,MC_176:Reticular medullary neurons,Ex_Ebf2_Catspere1,Ex_Ebf2_Catspere1_MY,Ex_Ebf2_Catspere1_MY
Ex_Ebf2_Catspere1_2,neuron,MY,VGLUT2,MC_176:Reticular medullary neurons,Ex_Ebf2_Catspere1,Ex_Ebf2_Catspere1_MY,Ex_Ebf2_Catspere1_MY
Ex_Lmx1a_Galnt3_1,neuron,MY,VGLUT2,MC_177:Pontine and medullary neurons,Ex_Lmx1a_Galnt3,Ex_Lmx1a_Galnt3_MY,Ex_Lmx1a_Galnt3_MY
Ex_Lmx1a_Galnt3_2,neuron,MY,VGLUT2,MC_177:Pontine and medullary neurons,Ex_Lmx1a_Galnt3,Ex_Lmx1a_Galnt3_MY,Ex_Lmx1a_Galnt3_MY
Ex_Lmx1a_Pirt,neuron,,VGLUT2,MC_177:Pontine and medullary neurons,Ex_Lmx1a_Pirt,Ex_Lmx1a_Pirt,Ex_Lmx1a_Pirt
Ex_Lmx1a_Cbln2_1,neuron,P,VGLUT2,MC_177:Pontine and medullary neurons,Ex_Lmx1a_Cbln2,Ex_Lmx1a_Cbln2_P,Ex_Lmx1a_Cbln2_P
Ex_Lmx1a_Cbln2_2,neuron,MY,VGLUT2,MC_177:Pontine and medullary neurons,Ex_Lmx1a_Cbln2,Ex_Lmx1a_Cbln2_MY,Ex_Lmx1a_Cbln2_MY
Inh_Six3_Myo3a,neuron,MB,GABA,MC_94:Tegmental neurons,Inh_Six3_Myo3a,Inh_Six3_Myo3a_MB,Inh_Six3_Myo3a_MB
Inh_Nkx2-2_Trh,neuron,MB,GLY,"MC_98:Midbrain neurons, primarily periaqueductal gray",Inh_Nkx2-2_Trh,Inh_Nkx2-2_Trh_MB,Inh_Nkx2-2_Trh_MB
Ex_Tcf7l2_Crym,neuron,MY,VGLUT2,MC_116:Pontine and medullary neurons,Ex_Tcf7l2_Crym,Ex_Tcf7l2_Crym_MY,Ex_Tcf7l2_Crym_MY
Ex_Tcf7l2_Kif26a_1,neuron,MY,VGLUT2,MC_116:Pontine and medullary neurons,Ex_Tcf7l2_Kif26a,Ex_Tcf7l2_Kif26a_MY,Ex_Tcf7l2_Kif26a_MY
Ex_Tcf7l2_Kif26a_2,neuron,MY,VGLUT2,MC_116:Pontine and medullary neurons,Ex_Tcf7l2_Kif26a,Ex_Tcf7l2_Kif26a_MY,Ex_Tcf7l2_Kif26a_MY
Ex_Phox2b_Ccdc192_1,neuron,MY,VGLUT2,MC_169:Tegmental neurons,Ex_Phox2b_Ccdc192,Ex_Phox2b_Ccdc192_MY,Ex_Phox2b_Ccdc192_MY
Ex_Phox2b_Ccdc192_2,neuron,MY,VGLUT2,MC_169:Tegmental neurons,Ex_Phox2b_Ccdc192,Ex_Phox2b_Ccdc192_MY,Ex_Phox2b_Ccdc192_MY
Ex_Foxp2_Esp24,neuron,MB,VGLUT2,MC_169:Tegmental neurons,Ex_Foxp2_Esp24,Ex_Foxp2_Esp24_MB,Ex_Foxp2_Esp24_MB
Inh_Foxp2_Foxd3_1,neuron,MY,GLY,MC_134:Pontine and medullary neurons,Inh_Foxp2_Foxd3,Inh_Foxp2_Foxd3_MY,Inh_Foxp2_Foxd3_MY
Inh_Foxp2_Foxd3_2,neuron,MY,GLY,MC_134:Pontine and medullary neurons,Inh_Foxp2_Foxd3,Inh_Foxp2_Foxd3_MY,Inh_Foxp2_Foxd3_MY
Inh_Foxp2_Foxd3_5,neuron,MY,GLY,MC_134:Pontine and medullary neurons,Inh_Foxp2_Foxd3,Inh_Foxp2_Foxd3_MY,Inh_Foxp2_Foxd3_MY
Inh_Foxp2_Foxd3_6,neuron,MY,GLY,MC_134:Pontine and medullary neurons,Inh_Foxp2_Foxd3,Inh_Foxp2_Foxd3_MY,Inh_Foxp2_Foxd3_MY
Inh_Foxp2_Foxd3_7,neuron,MY,GLY,MC_134:Pontine and medullary neurons,Inh_Foxp2_Foxd3,Inh_Foxp2_Foxd3_MY,Inh_Foxp2_Foxd3_MY
Inh_Foxp2_Irak3_1,neuron,MY,GLY,MC_134:Pontine and medullary neurons,Inh_Foxp2_Irak3,Inh_Foxp2_Irak3_MY,Inh_Foxp2_Irak3_MY
Inh_Pax5_Irak3,neuron,MY,GLY,MC_133:Pontine and medullary neurons,Inh_Pax5_Irak3,Inh_Pax5_Irak3_MY,Inh_Pax5_Irak3_MY
Inh_Onecut1_Sncg_1,neuron,MY,GLY,MC_133:Pontine and medullary neurons,Inh_Onecut1_Sncg,Inh_Onecut1_Sncg_MY,Inh_Onecut1_Sncg_MY
Inh_Onecut1_Sncg_2,neuron,MY,GLY,MC_133:Pontine and medullary neurons,Inh_Onecut1_Sncg,Inh_Onecut1_Sncg_MY,Inh_Onecut1_Sncg_MY
Inh_Foxp2_Qrfprl_1,neuron,MY,GLY,MC_133:Pontine and medullary neurons,Inh_Foxp2_Qrfprl,Inh_Foxp2_Qrfprl_MY,Inh_Foxp2_Qrfprl_MY
Inh_Foxp2_Qrfprl_2,neuron,MY,GLY,MC_133:Pontine and medullary neurons,Inh_Foxp2_Qrfprl,Inh_Foxp2_Qrfprl_MY,Inh_Foxp2_Qrfprl_MY
Inh_Pax8_Nr5a2_Kcng3,neuron,MY,GLY,MC_132:Pontine and medullary neurons,Inh_Pax8_Nr5a2_Kcng3,Inh_Pax8_Nr5a2_Kcng3_MY,Inh_Pax8_Nr5a2_Kcng3_MY
Ex_Ebf3_Adam33_1,neuron,P,VGLUT2,MC_172:Pontine and medullary reticular neurons,Ex_Ebf3_Adam33,Ex_Ebf3_Adam33_P,Ex_Ebf3_Adam33_P
Ex_Ebf3_Adam33_2,neuron,,VGLUT2,MC_172:Pontine and medullary reticular neurons,Ex_Ebf3_Adam33,Ex_Ebf3_Adam33,Ex_Ebf3_Adam33
Ex_Ebf3_Adam33_3,neuron,MY,VGLUT2,MC_172:Pontine and medullary reticular neurons,Ex_Ebf3_Adam33,Ex_Ebf3_Adam33_MY,Ex_Ebf3_Adam33_MY
Ex_Ebf3_Adam33_4,neuron,MY,VGLUT2,MC_172:Pontine and medullary reticular neurons,Ex_Ebf3_Adam33,Ex_Ebf3_Adam33_MY,Ex_Ebf3_Adam33_MY
Ex_Ebf3_Adam33_5,neuron,MY,VGLUT2,MC_172:Pontine and medullary reticular neurons,Ex_Ebf3_Adam33,Ex_Ebf3_Adam33_MY,Ex_Ebf3_Adam33_MY
Ex_Ebf3_Adam33_6,neuron,,VGLUT2,MC_172:Pontine and medullary reticular neurons,Ex_Ebf3_Adam33,Ex_Ebf3_Adam33,Ex_Ebf3_Adam33
Ex_Ebf3_Adam33_7,neuron,MY,VGLUT2,MC_172:Pontine and medullary reticular neurons,Ex_Ebf3_Adam33,Ex_Ebf3_Adam33_MY,Ex_Ebf3_Adam33_MY
Ex_Ebf3_Adam33_8,neuron,MY,VGLUT2,MC_172:Pontine and medullary reticular neurons,Ex_Ebf3_Adam33,Ex_Ebf3_Adam33_MY,Ex_Ebf3_Adam33_MY
Ex_Ebf3_Adam33_9,neuron,MY,VGLUT2,MC_172:Pontine and medullary reticular neurons,Ex_Ebf3_Adam33,Ex_Ebf3_Adam33_MY,Ex_Ebf3_Adam33_MY
Ex_Ebf3_Adam33_10,neuron,MY,VGLUT2,MC_172:Pontine and medullary reticular neurons,Ex_Ebf3_Adam33_10,Ex_Ebf3_Adam33_10_MY,Ex_Ebf3_Adam33_10_MY
Ex_Ebf3_Adam33_11,neuron,MY,VGLUT2,MC_172:Pontine and medullary reticular neurons,Ex_Ebf3_Adam33_11,Ex_Ebf3_Adam33_11_MY,Ex_Ebf3_Adam33_11_MY
Ex_Ebf3_Adam33_12,neuron,P,VGLUT2,MC_172:Pontine and medullary reticular neurons,Ex_Ebf3_Adam33_12,Ex_Ebf3_Adam33_12_P,Ex_Ebf3_Adam33_12_P
Ex_Ebf3_Dsc3,neuron,MY,VGLUT2,MC_172:Pontine and medullary reticular neurons,Ex_Ebf3_Dsc3,Ex_Ebf3_Dsc3_MY,Ex_Ebf3_Dsc3_MY
Ex_Vsx2_Prdm6_1,neuron,MY,VGLUT2,MC_155:Pontine and medullary reticular neurons,Ex_Vsx2_Prdm6,Ex_Vsx2_Prdm6_MY,Ex_Vsx2_Prdm6_MY
Ex_Vsx2_Prdm6_2,neuron,MY,VGLUT2,MC_155:Pontine and medullary reticular neurons,Ex_Vsx2_Prdm6,Ex_Vsx2_Prdm6_MY,Ex_Vsx2_Prdm6_MY
Ex_Shox2_Prdm6,neuron,MY,VGLUT2,MC_155:Pontine and medullary reticular neurons,Ex_Shox2_Prdm6,Ex_Shox2_Prdm6_MY,Ex_Shox2_Prdm6_MY
Ex_Vsx2_Erfl_1,neuron,P,VGLUT2,MC_155:Pontine and medullary reticular neurons,Ex_Vsx2_Erfl,Ex_Vsx2_Erfl_P,Ex_Vsx2_Erfl_P
Ex_Vsx2_Erfl_2,neuron,MY,VGLUT2,MC_155:Pontine and medullary reticular neurons,Ex_Vsx2_Erfl,Ex_Vsx2_Erfl_MY,Ex_Vsx2_Erfl_MY
Ex_Lhx3_Col5a2,neuron,MY,VGLUT2,"MC_156:Medullary neurons, primarily vestibular nuclei",Ex_Lhx3_Col5a2,Ex_Lhx3_Col5a2_MY,Ex_Lhx3_Col5a2_MY
Ex_Phox2b_Cyp26b1,neuron,MY,VGLUT2,"MC_164:Pontine and medullary neurons, primarily nucleus solitarius",Ex_Phox2b_Cyp26b1,Ex_Phox2b_Cyp26b1_MY,Ex_Phox2b_Cyp26b1_MY
Ex_Phox2b_Sall1,neuron,P,VGLUT2,MC_163:Pontine and medullary noradrenergic neurons,Ex_Phox2b_Sall1,Ex_Phox2b_Sall1_P,Ex_Phox2b_Sall1_P
Ex_Vsx2_Txnrd3,neuron,MY,VGLUT2,MC_155:Pontine and medullary reticular neurons,Ex_Vsx2_Txnrd3,Ex_Vsx2_Txnrd3_MY,Ex_Vsx2_Txnrd3_MY
Ex_Vsx2_C1ql2,neuron,MY,VGLUT2,MC_155:Pontine and medullary reticular neurons,Ex_Vsx2_C1ql2,Ex_Vsx2_C1ql2_MY,Ex_Vsx2_C1ql2_MY
Ex_Vsx2_Pgr15l,neuron,MY,VGLUT2,MC_155:Pontine and medullary reticular neurons,Ex_Vsx2_Pgr15l,Ex_Vsx2_Pgr15l_MY,Ex_Vsx2_Pgr15l_MY
Ex_Vsx2_Wnt2,neuron,MY,VGLUT2,MC_155:Pontine and medullary reticular neurons,Ex_Vsx2_Wnt2,Ex_Vsx2_Wnt2_MY,Ex_Vsx2_Wnt2_MY
Ex_Vsx2_Erfl,neuron,P,VGLUT2,"MC_156:Medullary neurons, primarily vestibular nuclei",Ex_Vsx2_Erfl,Ex_Vsx2_Erfl_P,Ex_Vsx2_Erfl_P
Inh_Foxd3_Bnc2_1,neuron,P,GLY,MC_130:Pontine and medullary neurons,Inh_Foxd3_Bnc2,Inh_Foxd3_Bnc2_P,Inh_Foxd3_Bnc2_P
Inh_Foxd3_Sp9,neuron,MY,GLY,MC_130:Pontine and medullary neurons,Inh_Foxd3_Sp9,Inh_Foxd3_Sp9_MY,Inh_Foxd3_Sp9_MY
Inh_Foxd3_Bnc2_2,neuron,MY,GLY,MC_130:Pontine and medullary neurons,Inh_Foxd3_Bnc2,Inh_Foxd3_Bnc2_MY,Inh_Foxd3_Bnc2_MY
Inh_Foxd3_Bnc2_3,neuron,MY,GLY,MC_130:Pontine and medullary neurons,Inh_Foxd3_Bnc2,Inh_Foxd3_Bnc2_MY,Inh_Foxd3_Bnc2_MY
Inh_Foxd3_Pdgfd,neuron,MY,GLY,MC_130:Pontine and medullary neurons,Inh_Foxd3_Pdgfd,Inh_Foxd3_Pdgfd_MY,Inh_Foxd3_Pdgfd_MY
Ex_Tcf7l2_Slc38a11,neuron,MY,VGLUT2,MC_159:Pontine and medullary reticular neurons,Ex_Tcf7l2_Slc38a11,Ex_Tcf7l2_Slc38a11_MY,Ex_Tcf7l2_Slc38a11_MY
Ex_Phox2b_Cyp39a1_Mdfic2_1,neuron,MY,VGLUT2,"MC_164:Pontine and medullary neurons, primarily nucleus solitarius",Ex_Phox2b_Cyp39a1_Mdfic2,Ex_Phox2b_Cyp39a1_Mdfic2_MY,Ex_Phox2b_Cyp39a1_Mdfic2_MY
Ex_Phox2b_Catspere1,neuron,P,VGLUT2,"MC_164:Pontine and medullary neurons, primarily nucleus solitarius",Ex_Phox2b_Catspere1,Ex_Phox2b_Catspere1_P,Ex_Phox2b_Catspere1_P
Ex_Phox2b_Cyp39a1_Mdfic2_2,neuron,P,VGLUT2,"MC_164:Pontine and medullary neurons, primarily nucleus solitarius",Ex_Phox2b_Cyp39a1_Mdfic2,Ex_Phox2b_Cyp39a1_Mdfic2_P,Ex_Phox2b_Cyp39a1_Mdfic2_P
Ex_Phox2b_Cyp39a1_Mdfic2_3,neuron,,VGLUT2,"MC_164:Pontine and medullary neurons, primarily nucleus solitarius",Ex_Phox2b_Cyp39a1_Mdfic2,Ex_Phox2b_Cyp39a1_Mdfic2,Ex_Phox2b_Cyp39a1_Mdfic2
Ex_Phox2b_Cyp39a1_Mdfic2_4,neuron,P,VGLUT2,"MC_164:Pontine and medullary neurons, primarily nucleus solitarius",Ex_Phox2b_Cyp39a1_Mdfic2,Ex_Phox2b_Cyp39a1_Mdfic2_P,Ex_Phox2b_Cyp39a1_Mdfic2_P
Ex_Phox2b_Cyp39a1_Mdfic2_5,neuron,,VGLUT2,"MC_164:Pontine and medullary neurons, primarily nucleus solitarius",Ex_Phox2b_Cyp39a1_Mdfic2,Ex_Phox2b_Cyp39a1_Mdfic2,Ex_Phox2b_Cyp39a1_Mdfic2
Ex_Phox2b_Cyp39a1_Mdfic2_6,neuron,P,VGLUT2,"MC_164:Pontine and medullary neurons, primarily nucleus solitarius",Ex_Phox2b_Cyp39a1_Mdfic2,Ex_Phox2b_Cyp39a1_Mdfic2_P,Ex_Phox2b_Cyp39a1_Mdfic2_P
Ex_Phox2b_Ghrh_1,neuron,,VGLUT2,"MC_164:Pontine and medullary neurons, primarily nucleus solitarius",Ex_Phox2b_Ghrh,Ex_Phox2b_Ghrh,Ex_Phox2b_Ghrh
Ex_Phox2b_Ghrh_2,neuron,P,VGLUT2,"MC_164:Pontine and medullary neurons, primarily nucleus solitarius",Ex_Phox2b_Ghrh,Ex_Phox2b_Ghrh_P,Ex_Phox2b_Ghrh_P
Ex_Phox2b_Vip_1,neuron,MY,VGLUT2,"MC_164:Pontine and medullary neurons, primarily nucleus solitarius",Ex_Phox2b_Vip,Ex_Phox2b_Vip_MY,Ex_Phox2b_Vip_MY
Ex_Phox2b_Vip_2,neuron,,VGLUT2,"MC_164:Pontine and medullary neurons, primarily nucleus solitarius",Ex_Phox2b_Vip,Ex_Phox2b_Vip,Ex_Phox2b_Vip
Ex_Phox2b_Vip_3,neuron,P,VGLUT2,"MC_164:Pontine and medullary neurons, primarily nucleus solitarius",Ex_Phox2b_Vip,Ex_Phox2b_Vip_P,Ex_Phox2b_Vip_P
Ex_Vsx2_Glyat_1,neuron,MY,VGLUT2,MC_155:Pontine and medullary reticular neurons,Ex_Vsx2_Glyat,Ex_Vsx2_Glyat_MY,Ex_Vsx2_Glyat_MY
Ex_Vsx2_Glyat_2,neuron,MY,VGLUT2,MC_155:Pontine and medullary reticular neurons,Ex_Vsx2_Glyat,Ex_Vsx2_Glyat_MY,Ex_Vsx2_Glyat_MY
Ex_Vsx2_Csta2,neuron,MY,VGLUT2,MC_155:Pontine and medullary reticular neurons,Ex_Vsx2_Csta2,Ex_Vsx2_Csta2_MY,Ex_Vsx2_Csta2_MY
Ex_Vsx2_A630023A22Rik,neuron,MY,VGLUT2,MC_155:Pontine and medullary reticular neurons,Ex_Vsx2_A630023A22Rik,Ex_Vsx2_A630023A22Rik_MY,Ex_Vsx2_A630023A22Rik_MY
Ex_Vsx2_Npr3,neuron,MY,VGLUT2,MC_155:Pontine and medullary reticular neurons,Ex_Vsx2_Npr3,Ex_Vsx2_Npr3_MY,Ex_Vsx2_Npr3_MY
Ex_Onecut3_Mup6,neuron,MY,VGLUT2,MC_155:Pontine and medullary reticular neurons,Ex_Onecut3_Mup6,Ex_Onecut3_Mup6_MY,Ex_Onecut3_Mup6_MY
Ex_Tfap2b_Klk12,neuron,MY,VGLUT2,"MC_156:Medullary neurons, primarily vestibular nuclei",Ex_Tfap2b_Klk12,Ex_Tfap2b_Klk12_MY,Ex_Tfap2b_Klk12_MY
Ex_Tfap2b_Defb1,neuron,MY,VGLUT2,"MC_156:Medullary neurons, primarily vestibular nuclei",Ex_Tfap2b_Defb1,Ex_Tfap2b_Defb1_MY,Ex_Tfap2b_Defb1_MY
Ex_Vsx2_Slc26a7,neuron,MY,VGLUT2,MC_155:Pontine and medullary reticular neurons,Ex_Vsx2_Slc26a7,Ex_Vsx2_Slc26a7_MY,Ex_Vsx2_Slc26a7_MY
Ex_Onecut3_Pax7,neuron,P,VGLUT2,MC_107:Pontine and medullary neurons,Ex_Onecut3_Pax7,Ex_Onecut3_Pax7_P,Ex_Onecut3_Pax7_P
Ex_Vsx2_Adgrl4_1,neuron,MY,VGLUT2,MC_155:Pontine and medullary reticular neurons,Ex_Vsx2_Adgrl4,Ex_Vsx2_Adgrl4_MY,Ex_Vsx2_Adgrl4_MY
Ex_Vsx2_Adgrl4_2,neuron,MY,VGLUT2,MC_155:Pontine and medullary reticular neurons,Ex_Vsx2_Adgrl4,Ex_Vsx2_Adgrl4_MY,Ex_Vsx2_Adgrl4_MY
Ex_Onecut3_Erfl_1,neuron,MY,VGLUT2,"MC_158:Medullary neurons, primarily vestibular nuclei",Ex_Onecut3_Erfl,Ex_Onecut3_Erfl_MY,Ex_Onecut3_Erfl_MY
Ex_Onecut3_Erfl_2,neuron,MY,VGLUT2,"MC_158:Medullary neurons, primarily vestibular nuclei",Ex_Onecut3_Erfl,Ex_Onecut3_Erfl_MY,Ex_Onecut3_Erfl_MY
Ex_Onecut3_Tnfaip8l3,neuron,MY,VGLUT2,"MC_158:Medullary neurons, primarily vestibular nuclei",Ex_Onecut3_Tnfaip8l3,Ex_Onecut3_Tnfaip8l3_MY,Ex_Onecut3_Tnfaip8l3_MY
Ex_Onecut3_Frem3_2,neuron,MY,VGLUT2,"MC_158:Medullary neurons, primarily vestibular nuclei",Ex_Onecut3_Frem3,Ex_Onecut3_Frem3_MY,Ex_Onecut3_Frem3_MY
Ex_Onecut3_Frem3_3,neuron,MY,VGLUT2,"MC_158:Medullary neurons, primarily vestibular nuclei",Ex_Onecut3_Frem3,Ex_Onecut3_Frem3_MY,Ex_Onecut3_Frem3_MY
Ex_Onecut3_Frem3_4,neuron,MY,VGLUT2,"MC_158:Medullary neurons, primarily vestibular nuclei",Ex_Onecut3_Frem3,Ex_Onecut3_Frem3_MY,Ex_Onecut3_Frem3_MY
Ex_Onecut3_Bmpr1b,neuron,MY,VGLUT2,"MC_158:Medullary neurons, primarily vestibular nuclei",Ex_Onecut3_Bmpr1b,Ex_Onecut3_Bmpr1b_MY,Ex_Onecut3_Bmpr1b_MY
Ex_Onecut3_Acp7,neuron,MY,VGLUT2,"MC_158:Medullary neurons, primarily vestibular nuclei",Ex_Onecut3_Acp7,Ex_Onecut3_Acp7_MY,Ex_Onecut3_Acp7_MY
Inh_Gata3_Sox14_Olfr48,neuron,MY,GLY,MC_94:Tegmental neurons,Inh_Gata3_Sox14_Olfr48,Inh_Gata3_Sox14_Olfr48_MY,Inh_Gata3_Sox14_Olfr48_MY
Inh_Gata3_Nptx2_1,neuron,MY,GLY,MC_94:Tegmental neurons,Inh_Gata3_Nptx2,Inh_Gata3_Nptx2_MY,Inh_Gata3_Nptx2_MY
Inh_Gata3_Nptx2_2,neuron,MY,GLY,MC_94:Tegmental neurons,Inh_Gata3_Nptx2,Inh_Gata3_Nptx2_MY,Inh_Gata3_Nptx2_MY
Inh_Gata3_Clic5,neuron,P,GLY,MC_94:Tegmental neurons,Inh_Gata3_Clic5,Inh_Gata3_Clic5_P,Inh_Gata3_Clic5_P
Inh_Gata3_Pdlim3_1,neuron,P,GABA,MC_94:Tegmental neurons,Inh_Gata3_Pdlim3,Inh_Gata3_Pdlim3_P,Inh_Gata3_Pdlim3_P
Inh_Gata3_Pdlim3_2,neuron,P,GABA,MC_94:Tegmental neurons,Inh_Gata3_Pdlim3,Inh_Gata3_Pdlim3_P,Inh_Gata3_Pdlim3_P
Inh_Gata3_Pdlim3_3,neuron,,GLY,MC_141:Medullary neurons,Inh_Gata3_Pdlim3,Inh_Gata3_Pdlim3,Inh_Gata3_Pdlim3
Ex_Vsx2_Dsg1b,neuron,MY,VGLUT2,MC_155:Pontine and medullary reticular neurons,Ex_Vsx2_Dsg1b,Ex_Vsx2_Dsg1b_MY,Ex_Vsx2_Dsg1b_MY
Ex_Vsx2_Ctxn3_1,neuron,MY,VGLUT2,MC_155:Pontine and medullary reticular neurons,Ex_Vsx2_Ctxn3,Ex_Vsx2_Ctxn3_MY,Ex_Vsx2_Ctxn3_MY
Ex_Vsx2_Calcr,neuron,MY,VGLUT2,MC_155:Pontine and medullary reticular neurons,Ex_Vsx2_Calcr,Ex_Vsx2_Calcr_MY,Ex_Vsx2_Calcr_MY
Ex_Vsx2_Ctxn3_2,neuron,MY,VGLUT2,MC_155:Pontine and medullary reticular neurons,Ex_Vsx2_Ctxn3,Ex_Vsx2_Ctxn3_MY,Ex_Vsx2_Ctxn3_MY
Ex_Vsx2_Tac2,neuron,MY,VGLUT2,MC_155:Pontine and medullary reticular neurons,Ex_Vsx2_Tac2,Ex_Vsx2_Tac2_MY,Ex_Vsx2_Tac2_MY
Ex_Vsx2_Col5a2,neuron,MY,VGLUT2,MC_155:Pontine and medullary reticular neurons,Ex_Vsx2_Col5a2,Ex_Vsx2_Col5a2_MY,Ex_Vsx2_Col5a2_MY
Inh_Dmrt3_Tarm1_1,neuron,MY,GLY,MC_124:Pontine and medullary neurons,Inh_Dmrt3_Tarm1,Inh_Dmrt3_Tarm1_MY,Inh_Dmrt3_Tarm1_MY
Inh_Dmrt3_Tarm1_2,neuron,MY,GLY,MC_124:Pontine and medullary neurons,Inh_Dmrt3_Tarm1,Inh_Dmrt3_Tarm1_MY,Inh_Dmrt3_Tarm1_MY
Inh_Dmrt3_Tarm1_3,neuron,MY,GABA,MC_124:Pontine and medullary neurons,Inh_Dmrt3_Tarm1,Inh_Dmrt3_Tarm1_MY,Inh_Dmrt3_Tarm1_MY
Inh_Dmrt3_Tarm1_4,neuron,MY,GLY,MC_124:Pontine and medullary neurons,Inh_Dmrt3_Tarm1,Inh_Dmrt3_Tarm1_MY,Inh_Dmrt3_Tarm1_MY
Inh_Dmrt3_Prdm6_1,neuron,MY,GLY,MC_124:Pontine and medullary neurons,Inh_Dmrt3_Prdm6,Inh_Dmrt3_Prdm6_MY,Inh_Dmrt3_Prdm6_MY
Inh_Dmrt3_Prdm6_2,neuron,MY,GLY,MC_124:Pontine and medullary neurons,Inh_Dmrt3_Prdm6,Inh_Dmrt3_Prdm6_MY,Inh_Dmrt3_Prdm6_MY
Inh_Dmrt3_Prdm6_3,neuron,MY,GLY,MC_124:Pontine and medullary neurons,Inh_Dmrt3_Prdm6,Inh_Dmrt3_Prdm6_MY,Inh_Dmrt3_Prdm6_MY
Inh_Onecut3_Klk9,neuron,MY,GLY,MC_124:Pontine and medullary neurons,Inh_Onecut3_Klk9,Inh_Onecut3_Klk9_MY,Inh_Onecut3_Klk9_MY
Inh_Dmrt3_Mecom_1,neuron,MY,GLY,MC_124:Pontine and medullary neurons,Inh_Dmrt3_Mecom,Inh_Dmrt3_Mecom_MY,Inh_Dmrt3_Mecom_MY
Inh_Dmrt3_Mecom_2,neuron,MY,GLY,MC_124:Pontine and medullary neurons,Inh_Dmrt3_Mecom,Inh_Dmrt3_Mecom_MY,Inh_Dmrt3_Mecom_MY
Inh_Dmrt3_Mecom_3,neuron,MY,GLY,MC_124:Pontine and medullary neurons,Inh_Dmrt3_Mecom,Inh_Dmrt3_Mecom_MY,Inh_Dmrt3_Mecom_MY
Inh_Exd1_Arhgap9_1,neuron,MY,GLY,MC_124:Pontine and medullary neurons,Inh_Exd1_Arhgap9,Inh_Exd1_Arhgap9_MY,Inh_Exd1_Arhgap9_MY
Inh_Exd1_Arhgap9_2,neuron,MY,GLY,MC_124:Pontine and medullary neurons,Inh_Exd1_Arhgap9,Inh_Exd1_Arhgap9_MY,Inh_Exd1_Arhgap9_MY
Inh_Exd1_Arhgap9_3,neuron,MY,GLY,MC_124:Pontine and medullary neurons,Inh_Exd1_Arhgap9,Inh_Exd1_Arhgap9_MY,Inh_Exd1_Arhgap9_MY
Inh_Irx5_Sall1,neuron,MY,GLY,MC_124:Pontine and medullary neurons,Inh_Irx5_Sall1,Inh_Irx5_Sall1_MY,Inh_Irx5_Sall1_MY
Inh_Irx5_Plscr5,neuron,MY,GLY,MC_124:Pontine and medullary neurons,Inh_Irx5_Plscr5,Inh_Irx5_Plscr5_MY,Inh_Irx5_Plscr5_MY
Inh_Fzd6_Kcnk5,neuron,MY,GLY,MC_124:Pontine and medullary neurons,Inh_Fzd6_Kcnk5,Inh_Fzd6_Kcnk5_MY,Inh_Fzd6_Kcnk5_MY
Inh_Clec9a_Catspere1,neuron,MY,GLY,MC_124:Pontine and medullary neurons,Inh_Clec9a_Catspere1,Inh_Clec9a_Catspere1_MY,Inh_Clec9a_Catspere1_MY
Inh_Onecut3_Esr2_1,neuron,MY,GLY,MC_124:Pontine and medullary neurons,Inh_Onecut3_Esr2,Inh_Onecut3_Esr2_MY,Inh_Onecut3_Esr2_MY
Inh_Onecut3_Esr2_2,neuron,MY,GLY,MC_124:Pontine and medullary neurons,Inh_Onecut3_Esr2,Inh_Onecut3_Esr2_MY,Inh_Onecut3_Esr2_MY
Inh_Pax2_Gm5105_1,neuron,MY,GLY,MC_124:Pontine and medullary neurons,Inh_Pax2_Gm5105,Inh_Pax2_Gm5105_MY,Inh_Pax2_Gm5105_MY
Inh_Pax2_Gm5105_2,neuron,MY,GLY,MC_124:Pontine and medullary neurons,Inh_Pax2_Gm5105,Inh_Pax2_Gm5105_MY,Inh_Pax2_Gm5105_MY
Inh_Pax2_Gm5105_3,neuron,MY,GLY,MC_124:Pontine and medullary neurons,Inh_Pax2_Gm5105,Inh_Pax2_Gm5105_MY,Inh_Pax2_Gm5105_MY
Inh_Pax2_Moxd1,neuron,MY,GLY,MC_124:Pontine and medullary neurons,Inh_Pax2_Moxd1,Inh_Pax2_Moxd1_MY,Inh_Pax2_Moxd1_MY
Inh_Pax2_Nrn1l,neuron,MY,GLY,MC_124:Pontine and medullary neurons,Inh_Pax2_Nrn1l,Inh_Pax2_Nrn1l_MY,Inh_Pax2_Nrn1l_MY
Inh_Pax2_Serpina3g,neuron,P,GLY,MC_124:Pontine and medullary neurons,Inh_Pax2_Serpina3g,Inh_Pax2_Serpina3g_P,Inh_Pax2_Serpina3g_P
Inh_Pax2_Egflam,neuron,MY,GLY,MC_124:Pontine and medullary neurons,Inh_Pax2_Egflam,Inh_Pax2_Egflam_MY,Inh_Pax2_Egflam_MY
Inh_Pax2_Cpn1,neuron,MY,GLY,MC_126:Pontine and medullary neurons,Inh_Pax2_Cpn1,Inh_Pax2_Cpn1_MY,Inh_Pax2_Cpn1_MY
Inh_Pax2_Prdm6_1,neuron,MY,GLY,MC_126:Pontine and medullary neurons,Inh_Pax2_Prdm6,Inh_Pax2_Prdm6_MY,Inh_Pax2_Prdm6_MY
Inh_Pax2_Prdm6_2,neuron,MY,GLY,MC_126:Pontine and medullary neurons,Inh_Pax2_Prdm6,Inh_Pax2_Prdm6_MY,Inh_Pax2_Prdm6_MY
Inh_Pax2_Nkx6-1_1,neuron,P,GLY,MC_125:Pontine and medullary neurons,Inh_Pax2_Nkx6-1,Inh_Pax2_Nkx6-1_P,Inh_Pax2_Nkx6-1_P
Inh_Pax2_Nkx6-1_2,neuron,MY,GLY,MC_124:Pontine and medullary neurons,Inh_Pax2_Nkx6-1,Inh_Pax2_Nkx6-1_MY,Inh_Pax2_Nkx6-1_MY
Inh_Pax2_Aldh1a2,neuron,P,GLY,MC_124:Pontine and medullary neurons,Inh_Pax2_Aldh1a2,Inh_Pax2_Aldh1a2_P,Inh_Pax2_Aldh1a2_P
Inh_Pax2_Ncaph,neuron,P,GLY,MC_124:Pontine and medullary neurons,Inh_Pax2_Ncaph,Inh_Pax2_Ncaph_P,Inh_Pax2_Ncaph_P
Inh_Pax2_Otp_5,neuron,MY,GLY,MC_124:Pontine and medullary neurons,Inh_Pax2_Otp,Inh_Pax2_Otp_MY,Inh_Pax2_Otp_MY
Inh_Pax2_Cela1,neuron,MY,GLY,MC_124:Pontine and medullary neurons,Inh_Pax2_Cela1,Inh_Pax2_Cela1_MY,Inh_Pax2_Cela1_MY
Inh_Pax2_Irak3_1,neuron,MY,GLY,MC_124:Pontine and medullary neurons,Inh_Pax2_Irak3,Inh_Pax2_Irak3_MY,Inh_Pax2_Irak3_MY
Inh_Pax2_Irak3_2,neuron,MY,GLY,MC_124:Pontine and medullary neurons,Inh_Pax2_Irak3,Inh_Pax2_Irak3_MY,Inh_Pax2_Irak3_MY
Inh_Pax2_Nr2e3,neuron,MY,GLY,MC_124:Pontine and medullary neurons,Inh_Pax2_Nr2e3,Inh_Pax2_Nr2e3_MY,Inh_Pax2_Nr2e3_MY
Inh_Pax2_Gulo,neuron,MY,GLY,MC_124:Pontine and medullary neurons,Inh_Pax2_Gulo,Inh_Pax2_Gulo_MY,Inh_Pax2_Gulo_MY
Inh_Pax2_A730046J19Rik_1,neuron,P,GLY,MC_124:Pontine and medullary neurons,Inh_Pax2_A730046J19Rik,Inh_Pax2_A730046J19Rik_P,Inh_Pax2_A730046J19Rik_P
Inh_Pax2_A730046J19Rik_2,neuron,MY,GLY,MC_124:Pontine and medullary neurons,Inh_Pax2_A730046J19Rik,Inh_Pax2_A730046J19Rik_MY,Inh_Pax2_A730046J19Rik_MY
Inh_Pax2_Ptgfr,neuron,MY,GLY,MC_124:Pontine and medullary neurons,Inh_Pax2_Ptgfr,Inh_Pax2_Ptgfr_MY,Inh_Pax2_Ptgfr_MY
Inh_Pax2_Cfap299,neuron,P,GLY,MC_128:Pontine and medullary neurons,Inh_Pax2_Cfap299,Inh_Pax2_Cfap299_P,Inh_Pax2_Cfap299_P
Inh_Pax2_Nkx6-1_Bmp4,neuron,MY,GLY,MC_125:Pontine and medullary neurons,Inh_Pax2_Nkx6-1_Bmp4,Inh_Pax2_Nkx6-1_Bmp4_MY,Inh_Pax2_Nkx6-1_Bmp4_MY
Inh_Pax2_Irx4,neuron,P,GLY,MC_121:Pontine and medullary neurons,Inh_Pax2_Irx4,Inh_Pax2_Irx4_P,Inh_Pax2_Irx4_P
Inh_Pax2_Bmp3_1,neuron,P,GLY,MC_121:Pontine and medullary neurons,Inh_Pax2_Bmp3,Inh_Pax2_Bmp3_P,Inh_Pax2_Bmp3_P
Inh_Pax2_Dnase1l3,neuron,P,GLY,MC_121:Pontine and medullary neurons,Inh_Pax2_Dnase1l3,Inh_Pax2_Dnase1l3_P,Inh_Pax2_Dnase1l3_P
Inh_Pax2_Sostdc1,neuron,MY,GLY,MC_121:Pontine and medullary neurons,Inh_Pax2_Sostdc1,Inh_Pax2_Sostdc1_MY,Inh_Pax2_Sostdc1_MY
Inh_Pax2_Bmp3_2,neuron,MY,GLY,MC_120:Pontine and medullary neurons,Inh_Pax2_Bmp3,Inh_Pax2_Bmp3_MY,Inh_Pax2_Bmp3_MY
Inh_Pax2_Lrp2,neuron,MY,GLY,MC_121:Pontine and medullary neurons,Inh_Pax2_Lrp2,Inh_Pax2_Lrp2_MY,Inh_Pax2_Lrp2_MY
Inh_Pax2_Trh_1,neuron,MY,GLY,MC_121:Pontine and medullary neurons,Inh_Pax2_Trh,Inh_Pax2_Trh_MY,Inh_Pax2_Trh_MY
Inh_Pax2_Trh_2,neuron,MY,GLY,MC_121:Pontine and medullary neurons,Inh_Pax2_Trh,Inh_Pax2_Trh_MY,Inh_Pax2_Trh_MY
Inh_Pax2_Cd40,neuron,P,GLY,MC_121:Pontine and medullary neurons,Inh_Pax2_Cd40,Inh_Pax2_Cd40_P,Inh_Pax2_Cd40_P
Inh_Pax2_Hmcn1,neuron,MY,GLY,MC_117:Pontine and medullary neurons,Inh_Pax2_Hmcn1,Inh_Pax2_Hmcn1_MY,Inh_Pax2_Hmcn1_MY
Inh_Pax2_Chrnb3,neuron,MY,GLY,MC_121:Pontine and medullary neurons,Inh_Pax2_Chrnb3,Inh_Pax2_Chrnb3_MY,Inh_Pax2_Chrnb3_MY
Ex_Vsx2_Nkx6-3_1,neuron,MY,VGLUT2,MC_155:Pontine and medullary reticular neurons,Ex_Vsx2_Nkx6-3,Ex_Vsx2_Nkx6-3_MY,Ex_Vsx2_Nkx6-3_MY
Ex_Vsx2_Nkx6-3_2,neuron,MY,VGLUT2,MC_155:Pontine and medullary reticular neurons,Ex_Vsx2_Nkx6-3,Ex_Vsx2_Nkx6-3_MY,Ex_Vsx2_Nkx6-3_MY
Ex_Vsx2_Nkx6-3_3,neuron,MY,VGLUT2,MC_155:Pontine and medullary reticular neurons,Ex_Vsx2_Nkx6-3,Ex_Vsx2_Nkx6-3_MY,Ex_Vsx2_Nkx6-3_MY
Ex_Vsx2_Nkx6-3_4,neuron,MY,VGLUT2,MC_155:Pontine and medullary reticular neurons,Ex_Vsx2_Nkx6-3,Ex_Vsx2_Nkx6-3_MY,Ex_Vsx2_Nkx6-3_MY
Ex_Vsx2_Nkx6-3_5,neuron,MY,VGLUT2,MC_155:Pontine and medullary reticular neurons,Ex_Vsx2_Nkx6-3,Ex_Vsx2_Nkx6-3_MY,Ex_Vsx2_Nkx6-3_MY
Ex_Vsx2_Prok1,neuron,,VGLUT2,MC_155:Pontine and medullary reticular neurons,Ex_Vsx2_Prok1,Ex_Vsx2_Prok1,Ex_Vsx2_Prok1
Ex_Vsx2_Sp8,neuron,,VGLUT2,MC_155:Pontine and medullary reticular neurons,Ex_Vsx2_Sp8,Ex_Vsx2_Sp8,Ex_Vsx2_Sp8
Ex_Phox2b_Ddc,neuron,MB,VGLUT2,"MC_164:Pontine and medullary neurons, primarily nucleus solitarius",Ex_Phox2b_Ddc,Ex_Phox2b_Ddc_MB,Ex_Phox2b_Ddc_MB
Ex_Vsx2_Lhx3_1,neuron,MY,VGLUT2,MC_155:Pontine and medullary reticular neurons,Ex_Vsx2_Lhx3,Ex_Vsx2_Lhx3_MY,Ex_Vsx2_Lhx3_MY
Ex_Vsx2_Lhx3_2,neuron,MY,VGLUT2,MC_155:Pontine and medullary reticular neurons,Ex_Vsx2_Lhx3,Ex_Vsx2_Lhx3_MY,Ex_Vsx2_Lhx3_MY
Ex_Vsx2_Lhx3_3,neuron,P,VGLUT2,MC_155:Pontine and medullary reticular neurons,Ex_Vsx2_Lhx3,Ex_Vsx2_Lhx3_P,Ex_Vsx2_Lhx3_P
Ex_Vsx2_Hmga2_1,neuron,MY,VGLUT2,MC_155:Pontine and medullary reticular neurons,Ex_Vsx2_Hmga2,Ex_Vsx2_Hmga2_MY,Ex_Vsx2_Hmga2_MY
Ex_Vsx2_Hmga2_2,neuron,MY,VGLUT2,MC_155:Pontine and medullary reticular neurons,Ex_Vsx2_Hmga2,Ex_Vsx2_Hmga2_MY,Ex_Vsx2_Hmga2_MY
Ex_Vsx2_Hmga2_3,neuron,MY,VGLUT2,MC_155:Pontine and medullary reticular neurons,Ex_Vsx2_Hmga2,Ex_Vsx2_Hmga2_MY,Ex_Vsx2_Hmga2_MY
Ex_Lhx3_Gxylt2_1,neuron,MY,VGLUT2,MC_155:Pontine and medullary reticular neurons,Ex_Lhx3_Gxylt2,Ex_Lhx3_Gxylt2_MY,Ex_Lhx3_Gxylt2_MY
Ex_Ebf2_Sytl3,neuron,MY,VGLUT2,MC_157:Pontine and medullary reticular neurons,Ex_Ebf2_Sytl3,Ex_Ebf2_Sytl3_MY,Ex_Ebf2_Sytl3_MY
Ex_Ebf2_Dsc3,neuron,MY,VGLUT2,MC_157:Pontine and medullary reticular neurons,Ex_Ebf2_Dsc3,Ex_Ebf2_Dsc3_MY,Ex_Ebf2_Dsc3_MY
Ex_Ebf2_Grp,neuron,MY,VGLUT2,MC_157:Pontine and medullary reticular neurons,Ex_Ebf2_Grp,Ex_Ebf2_Grp_MY,Ex_Ebf2_Grp_MY
Ex_Ebf2_Grpr,neuron,MY,VGLUT2,MC_157:Pontine and medullary reticular neurons,Ex_Ebf2_Grpr,Ex_Ebf2_Grpr_MY,Ex_Ebf2_Grpr_MY
Ex_Ebf2_Lhfpl1,neuron,MY,VGLUT2,MC_157:Pontine and medullary reticular neurons,Ex_Ebf2_Lhfpl1,Ex_Ebf2_Lhfpl1_MY,Ex_Ebf2_Lhfpl1_MY
Ex_Ebf2_Bmp4,neuron,MY,VGLUT2,MC_157:Pontine and medullary reticular neurons,Ex_Ebf2_Bmp4,Ex_Ebf2_Bmp4_MY,Ex_Ebf2_Bmp4_MY
Ex_Ebf2_C1qtnf7,neuron,MY,VGLUT2,MC_157:Pontine and medullary reticular neurons,Ex_Ebf2_C1qtnf7,Ex_Ebf2_C1qtnf7_MY,Ex_Ebf2_C1qtnf7_MY
Ex_Ebf2_Ptpn14,neuron,MY,VGLUT2,MC_157:Pontine and medullary reticular neurons,Ex_Ebf2_Ptpn14,Ex_Ebf2_Ptpn14_MY,Ex_Ebf2_Ptpn14_MY
Ex_Sall1_Mtnr1a,neuron,P,VGLUT2,MC_155:Pontine and medullary reticular neurons,Ex_Sall1_Mtnr1a,Ex_Sall1_Mtnr1a_P,Ex_Sall1_Mtnr1a_P
Ex_Sall1_Vmn1r196,neuron,MY,VGLUT2,MC_155:Pontine and medullary reticular neurons,Ex_Sall1_Vmn1r196,Ex_Sall1_Vmn1r196_MY,Ex_Sall1_Vmn1r196_MY
Ex_Phox2b_Slc10a4,neuron,P,VGLUT2,"MC_164:Pontine and medullary neurons, primarily nucleus solitarius",Ex_Phox2b_Slc10a4,Ex_Phox2b_Slc10a4_P,Ex_Phox2b_Slc10a4_P
Ex_Pitx2_Dnah8,neuron,HY,VGLUT2,MC_195:Tegmental neurons,Ex_Pitx2_Dnah8,Ex_Pitx2_Dnah8_HY,Ex_Pitx2_Dnah8_HY
Ex_Pitx2_Hmcn2,neuron,HY,VGLUT2,MC_195:Tegmental neurons,Ex_Pitx2_Hmcn2,Ex_Pitx2_Hmcn2_HY,Ex_Pitx2_Hmcn2_HY
Ex_Pitx2_Pdpn,neuron,MB,VGLUT2,MC_195:Tegmental neurons,Ex_Pitx2_Pdpn,Ex_Pitx2_Pdpn_MB,Ex_Pitx2_Pdpn_MB
Inh_Foxp2_Pdlim3_1,neuron,MY,GLY,MC_141:Medullary neurons,Inh_Foxp2_Pdlim3,Inh_Foxp2_Pdlim3_MY,Inh_Foxp2_Pdlim3_MY
Inh_Foxp2_Pdlim3_2,neuron,MY,GLY,MC_141:Medullary neurons,Inh_Foxp2_Pdlim3,Inh_Foxp2_Pdlim3_MY,Inh_Foxp2_Pdlim3_MY
Inh_Foxp2_Pdlim3_3,neuron,MY,GLY,MC_141:Medullary neurons,Inh_Foxp2_Pdlim3,Inh_Foxp2_Pdlim3_MY,Inh_Foxp2_Pdlim3_MY
Inh_Hoxb7_Crym_1,neuron,MY,GLY,MC_142:Pontine and medullary neurons,Inh_Hoxb7_Crym,Inh_Hoxb7_Crym_MY,Inh_Hoxb7_Crym_MY
Inh_Hoxb7_Crym_2,neuron,MY,GLY,MC_142:Pontine and medullary neurons,Inh_Hoxb7_Crym,Inh_Hoxb7_Crym_MY,Inh_Hoxb7_Crym_MY
Inh_Pax2_Fbln1,neuron,MY,GLY,MC_141:Medullary neurons,Inh_Pax2_Fbln1,Inh_Pax2_Fbln1_MY,Inh_Pax2_Fbln1_MY
Inh_Pax2_Npy2r,neuron,MY,GLY,MC_141:Medullary neurons,Inh_Pax2_Npy2r,Inh_Pax2_Npy2r_MY,Inh_Pax2_Npy2r_MY
Ex_Lhx9_Mtnr1a_1,neuron,MY,VGLUT2,MC_139:Pontine and medullary neurons,Ex_Lhx9_Mtnr1a,Ex_Lhx9_Mtnr1a_MY,Ex_Lhx9_Mtnr1a_MY
Ex_Lhx9_F2rl2,neuron,,VGLUT2,MC_139:Pontine and medullary neurons,Ex_Lhx9_F2rl2,Ex_Lhx9_F2rl2,Ex_Lhx9_F2rl2
Ex_Lhx9_Mtnr1a_2,neuron,P,VGLUT2,MC_139:Pontine and medullary neurons,Ex_Lhx9_Mtnr1a,Ex_Lhx9_Mtnr1a_P,Ex_Lhx9_Mtnr1a_P
Ex_Lmx1b_Meox2,neuron,P,VGLUT2,MC_138:Pontine and medullary neurons,Ex_Lmx1b_Meox2,Ex_Lmx1b_Meox2_P,Ex_Lmx1b_Meox2_P
Ex_Lmx1b_Tlx1_1,neuron,MY,VGLUT2,MC_138:Pontine and medullary neurons,Ex_Lmx1b_Tlx1,Ex_Lmx1b_Tlx1_MY,Ex_Lmx1b_Tlx1_MY
Ex_Lmx1b_Tlx1_2,neuron,,VGLUT2,MC_138:Pontine and medullary neurons,Ex_Lmx1b_Tlx1,Ex_Lmx1b_Tlx1,Ex_Lmx1b_Tlx1
Ex_Lhx9_Hs3st6,neuron,P,VGLUT2,MC_162:Pontine and medullary neurons,Ex_Lhx9_Hs3st6,Ex_Lhx9_Hs3st6_P,Ex_Lhx9_Hs3st6_P
Ex_Lhx9_Cd44,neuron,HY,VGLUT2,MC_162:Pontine and medullary neurons,Ex_Lhx9_Cd44,Ex_Lhx9_Cd44_HY,Ex_Lhx9_Cd44_HY
Ex_Lhx9_Acp7,neuron,MB,VGLUT2,"MC_178:Posterior medullary neurons, primarily spinal nucleus",Ex_Lhx9_Acp7,Ex_Lhx9_Acp7_MB,Ex_Lhx9_Acp7_MB
Ex_Lhx9_Dnah5,neuron,HY,VGLUT2,"MC_178:Posterior medullary neurons, primarily spinal nucleus",Ex_Lhx9_Dnah5,Ex_Lhx9_Dnah5_HY,Ex_Lhx9_Dnah5_HY
Ex_Lhx9_Lrrk1,neuron,,VGLUT2,"MC_178:Posterior medullary neurons, primarily spinal nucleus",Ex_Lhx9_Lrrk1,Ex_Lhx9_Lrrk1,Ex_Lhx9_Lrrk1
Ex_Lhx9_Prdm6_1,neuron,P,VGLUT2,"MC_178:Posterior medullary neurons, primarily spinal nucleus",Ex_Lhx9_Prdm6,Ex_Lhx9_Prdm6_P,Ex_Lhx9_Prdm6_P
Ex_Lhx9_Prdm6_2,neuron,P,VGLUT2,"MC_178:Posterior medullary neurons, primarily spinal nucleus",Ex_Lhx9_Prdm6,Ex_Lhx9_Prdm6_P,Ex_Lhx9_Prdm6_P
Ex_Lhx9_Qrfprl_1,neuron,,VGLUT2,"MC_178:Posterior medullary neurons, primarily spinal nucleus",Ex_Lhx9_Qrfprl,Ex_Lhx9_Qrfprl,Ex_Lhx9_Qrfprl
Ex_Lhx9_Qrfprl_2,neuron,,VGLUT2,"MC_178:Posterior medullary neurons, primarily spinal nucleus",Ex_Lhx9_Qrfprl,Ex_Lhx9_Qrfprl,Ex_Lhx9_Qrfprl
Ex_Dmbx1_Art4,neuron,MY,VGLUT2,"MC_175:Medullary neurons, primarily nucleus of the solitary tract",Ex_Dmbx1_Art4,Ex_Dmbx1_Art4_MY,Ex_Dmbx1_Art4_MY
Ex_Dmbx1_Pnmt,neuron,MY,VGLUT2,"MC_175:Medullary neurons, primarily nucleus of the solitary tract",Ex_Dmbx1_Pnmt,Ex_Dmbx1_Pnmt_MY,Ex_Dmbx1_Pnmt_MY
Ex_Dmbx1_Plet1_1,neuron,MY,VGLUT2,"MC_175:Medullary neurons, primarily nucleus of the solitary tract",Ex_Dmbx1_Plet1,Ex_Dmbx1_Plet1_MY,Ex_Dmbx1_Plet1_MY
Ex_Dmbx1_Plet1_2,neuron,MY,VGLUT2,"MC_175:Medullary neurons, primarily nucleus of the solitary tract",Ex_Dmbx1_Plet1,Ex_Dmbx1_Plet1_MY,Ex_Dmbx1_Plet1_MY
CholEx_Onecut1_Ppp1r1c,neuron,MY,VGLUT2_CHOL,"MC_175:Medullary neurons, primarily nucleus of the solitary tract",CholEx_Onecut1_Ppp1r1c,CholEx_Onecut1_Ppp1r1c_MY,CholEx_Onecut1_Ppp1r1c_MY
Ex_Vsx2_Kcnv1,neuron,MB,VGLUT2,MC_198:Brainstem neurons,Ex_Vsx2_Kcnv1,Ex_Vsx2_Kcnv1_MB,Ex_Vsx2_Kcnv1_MB
Ex_Vsx2_Igfbp4_1,neuron,MB,VGLUT2,MC_198:Brainstem neurons,Ex_Vsx2_Igfbp4,Ex_Vsx2_Igfbp4_MB,Ex_Vsx2_Igfbp4_MB
Ex_Vsx2_Igfbp4_2,neuron,,VGLUT2_GLY,MC_198:Brainstem neurons,Ex_Vsx2_Igfbp4,Ex_Vsx2_Igfbp4,Ex_Vsx2_Igfbp4
Ex_Vsx2_Igfbp4_3,neuron,MB,VGLUT2,MC_198:Brainstem neurons,Ex_Vsx2_Igfbp4,Ex_Vsx2_Igfbp4_MB,Ex_Vsx2_Igfbp4_MB
Ex_Vsx2_Npy,neuron,P,VGLUT2,MC_198:Brainstem neurons,Ex_Vsx2_Npy,Ex_Vsx2_Npy_P,Ex_Vsx2_Npy_P
Inh_Pax2_Hoxb5_Lrrc52_1,neuron,MY,GLY,MC_128:Pontine and medullary neurons,Inh_Pax2_Hoxb5_Lrrc52,Inh_Pax2_Hoxb5_Lrrc52_MY,Inh_Pax2_Hoxb5_Lrrc52_MY
Inh_Pax2_Hoxb5_Lrrc52_2,neuron,MY,GLY,MC_128:Pontine and medullary neurons,Inh_Pax2_Hoxb5_Lrrc52,Inh_Pax2_Hoxb5_Lrrc52_MY,Inh_Pax2_Hoxb5_Lrrc52_MY
Inh_Pax2_Hoxb5_Rubcnl_1,neuron,MY,GLY,MC_128:Pontine and medullary neurons,Inh_Pax2_Hoxb5_Rubcnl,Inh_Pax2_Hoxb5_Rubcnl_MY,Inh_Pax2_Hoxb5_Rubcnl_MY
Inh_Pax2_Hoxb5_Rubcnl_2,neuron,MY,GLY,MC_134:Pontine and medullary neurons,Inh_Pax2_Hoxb5_Rubcnl,Inh_Pax2_Hoxb5_Rubcnl_MY,Inh_Pax2_Hoxb5_Rubcnl_MY
Inh_Pax2_Hoxb5_Rubcnl_3,neuron,MY,GLY,MC_128:Pontine and medullary neurons,Inh_Pax2_Hoxb5_Rubcnl,Inh_Pax2_Hoxb5_Rubcnl_MY,Inh_Pax2_Hoxb5_Rubcnl_MY
Inh_Pax2_Hoxb5_Sh2d4a,neuron,MY,GLY,MC_128:Pontine and medullary neurons,Inh_Pax2_Hoxb5_Sh2d4a,Inh_Pax2_Hoxb5_Sh2d4a_MY,Inh_Pax2_Hoxb5_Sh2d4a_MY
Inh_Pax2_Hoxb5_Alox5,neuron,MY,GLY,MC_128:Pontine and medullary neurons,Inh_Pax2_Hoxb5_Alox5,Inh_Pax2_Hoxb5_Alox5_MY,Inh_Pax2_Hoxb5_Alox5_MY
Inh_Pax2_Hoxb5_Hmcn2,neuron,MY,GLY,MC_128:Pontine and medullary neurons,Inh_Pax2_Hoxb5_Hmcn2,Inh_Pax2_Hoxb5_Hmcn2_MY,Inh_Pax2_Hoxb5_Hmcn2_MY
Inh_Pax2_Hoxb5_Sycp2l_1,neuron,MY,GLY,MC_134:Pontine and medullary neurons,Inh_Pax2_Hoxb5_Sycp2l,Inh_Pax2_Hoxb5_Sycp2l_MY,Inh_Pax2_Hoxb5_Sycp2l_MY
Inh_Pax2_Hoxb5_Sycp2l_2,neuron,MY,GLY,MC_134:Pontine and medullary neurons,Inh_Pax2_Hoxb5_Sycp2l,Inh_Pax2_Hoxb5_Sycp2l_MY,Inh_Pax2_Hoxb5_Sycp2l_MY
Inh_Pax2_Hoxb5_Sycp2l_3,neuron,MY,GLY,MC_134:Pontine and medullary neurons,Inh_Pax2_Hoxb5_Sycp2l,Inh_Pax2_Hoxb5_Sycp2l_MY,Inh_Pax2_Hoxb5_Sycp2l_MY
Inh_Pax2_Hoxb5_Hhip,neuron,MY,GLY,MC_134:Pontine and medullary neurons,Inh_Pax2_Hoxb5_Hhip,Inh_Pax2_Hoxb5_Hhip_MY,Inh_Pax2_Hoxb5_Hhip_MY
Inh_Pax2_Hoxb5_Otp_1,neuron,MY,GLY,MC_128:Pontine and medullary neurons,Inh_Pax2_Hoxb5_Otp,Inh_Pax2_Hoxb5_Otp_MY,Inh_Pax2_Hoxb5_Otp_MY
Inh_Pax2_Hoxb5_Otp_2,neuron,MY,GLY,MC_128:Pontine and medullary neurons,Inh_Pax2_Hoxb5_Otp,Inh_Pax2_Hoxb5_Otp_MY,Inh_Pax2_Hoxb5_Otp_MY
Inh_Pax2_Hoxb5_Otp_3,neuron,MY,GLY,MC_128:Pontine and medullary neurons,Inh_Pax2_Hoxb5_Otp,Inh_Pax2_Hoxb5_Otp_MY,Inh_Pax2_Hoxb5_Otp_MY
Inh_Pax2_Hoxb5_Otp_4,neuron,MY,GLY,MC_128:Pontine and medullary neurons,Inh_Pax2_Hoxb5_Otp,Inh_Pax2_Hoxb5_Otp_MY,Inh_Pax2_Hoxb5_Otp_MY
Inh_Pax2_Hoxb5_Trhr,neuron,MY,GLY,MC_131:Pontine and medullary neurons,Inh_Pax2_Hoxb5_Trhr,Inh_Pax2_Hoxb5_Trhr_MY,Inh_Pax2_Hoxb5_Trhr_MY
Inh_Pax2_Nkx6-1_Npy2r_1,neuron,MY,GLY,MC_128:Pontine and medullary neurons,Inh_Pax2_Nkx6-1_Npy2r,Inh_Pax2_Nkx6-1_Npy2r_MY,Inh_Pax2_Nkx6-1_Npy2r_MY
Inh_Pax2_Nkx6-1_Npy2r_2,neuron,MY,GLY,MC_128:Pontine and medullary neurons,Inh_Pax2_Nkx6-1_Npy2r,Inh_Pax2_Nkx6-1_Npy2r_MY,Inh_Pax2_Nkx6-1_Npy2r_MY
Inh_Pax2_Agmo,neuron,MY,GLY,MC_128:Pontine and medullary neurons,Inh_Pax2_Agmo,Inh_Pax2_Agmo_MY,Inh_Pax2_Agmo_MY
Ex_Lhx4_Dsc3,neuron,MY,VGLUT2,MC_155:Pontine and medullary reticular neurons,Ex_Lhx4_Dsc3,Ex_Lhx4_Dsc3_MY,Ex_Lhx4_Dsc3_MY
Ex_Lhx4_Meox2,neuron,MY,VGLUT2,MC_155:Pontine and medullary reticular neurons,Ex_Lhx4_Meox2,Ex_Lhx4_Meox2_MY,Ex_Lhx4_Meox2_MY
Ex_Lhx4_Hgf,neuron,MY,VGLUT2,MC_155:Pontine and medullary reticular neurons,Ex_Lhx4_Hgf,Ex_Lhx4_Hgf_MY,Ex_Lhx4_Hgf_MY
Ex_Olig3_Bdkrb2,neuron,,VGLUT2,MC_145:Medulary vestibular neurons,Ex_Olig3_Bdkrb2,Ex_Olig3_Bdkrb2,Ex_Olig3_Bdkrb2
CholEx_Lmx1b_Abcc2,neuron,P,VGLUT2_CHOL,MC_153:Pontine and medullary neurons,CholEx_Lmx1b_Abcc2,CholEx_Lmx1b_Abcc2_P,CholEx_Lmx1b_Abcc2_P
Ex_Lmx1b_Morc1_1,neuron,P,VGLUT2,MC_153:Pontine and medullary neurons,Ex_Lmx1b_Morc1,Ex_Lmx1b_Morc1_P,Ex_Lmx1b_Morc1_P
Ex_Lmx1b_Morc1_2,neuron,P,VGLUT2,MC_153:Pontine and medullary neurons,Ex_Lmx1b_Morc1,Ex_Lmx1b_Morc1_P,Ex_Lmx1b_Morc1_P
Ex_Lmx1b_Scn5a_1,neuron,MY,VGLUT2,MC_153:Pontine and medullary neurons,Ex_Lmx1b_Scn5a,Ex_Lmx1b_Scn5a_MY,Ex_Lmx1b_Scn5a_MY
Ex_Lmx1b_Scn5a_2,neuron,P,VGLUT2,MC_153:Pontine and medullary neurons,Ex_Lmx1b_Scn5a,Ex_Lmx1b_Scn5a_P,Ex_Lmx1b_Scn5a_P
Ex_Lmx1b_Scn5a_3,neuron,P,VGLUT2,MC_153:Pontine and medullary neurons,Ex_Lmx1b_Scn5a,Ex_Lmx1b_Scn5a_P,Ex_Lmx1b_Scn5a_P
Ex_Lmx1b_Amelx,neuron,,VGLUT2,MC_153:Pontine and medullary neurons,Ex_Lmx1b_Amelx,Ex_Lmx1b_Amelx,Ex_Lmx1b_Amelx
Ex_Dkk2_Morc1_1,neuron,MY,VGLUT2,MC_172:Pontine and medullary reticular neurons,Ex_Dkk2_Morc1,Ex_Dkk2_Morc1_MY,Ex_Dkk2_Morc1_MY
Ex_Dkk2_Morc1_2,neuron,,VGLUT2,MC_172:Pontine and medullary reticular neurons,Ex_Dkk2_Morc1,Ex_Dkk2_Morc1,Ex_Dkk2_Morc1
Ex_Smoc2_Kntc1_1,neuron,,VGLUT2,MC_172:Pontine and medullary reticular neurons,Ex_Smoc2_Kntc1,Ex_Smoc2_Kntc1,Ex_Smoc2_Kntc1
Ex_Tlx1_Kntc1,neuron,,VGLUT2,MC_172:Pontine and medullary reticular neurons,Ex_Tlx1_Kntc1,Ex_Tlx1_Kntc1,Ex_Tlx1_Kntc1
Ex_Tlx1_Ednra,neuron,MY,VGLUT2,MC_172:Pontine and medullary reticular neurons,Ex_Tlx1_Ednra,Ex_Tlx1_Ednra_MY,Ex_Tlx1_Ednra_MY
Ex_Tlx1_Hgf,neuron,MY,VGLUT2,MC_172:Pontine and medullary reticular neurons,Ex_Tlx1_Hgf,Ex_Tlx1_Hgf_MY,Ex_Tlx1_Hgf_MY
Ex_Tlx1_Hoga1,neuron,,VGLUT2_GLY,MC_172:Pontine and medullary reticular neurons,Ex_Tlx1_Hoga1,Ex_Tlx1_Hoga1,Ex_Tlx1_Hoga1
Ex_Hmx2_Vip_1,neuron,MY,VGLUT2,MC_176:Reticular medullary neurons,Ex_Hmx2_Vip,Ex_Hmx2_Vip_MY,Ex_Hmx2_Vip_MY
Ex_Hmx2_Vip_2,neuron,MY,VGLUT2,MC_176:Reticular medullary neurons,Ex_Hmx2_Vip,Ex_Hmx2_Vip_MY,Ex_Hmx2_Vip_MY
Ex_Hmx2_Vip_3,neuron,MY,VGLUT2,MC_176:Reticular medullary neurons,Ex_Hmx2_Vip,Ex_Hmx2_Vip_MY,Ex_Hmx2_Vip_MY
Ex_Hmx2_Vip_4,neuron,MY,VGLUT2,MC_176:Reticular medullary neurons,Ex_Hmx2_Vip,Ex_Hmx2_Vip_MY,Ex_Hmx2_Vip_MY
CholEx_Hmx2_Hmx3,neuron,MY,VGLUT2_CHOL,MC_176:Reticular medullary neurons,CholEx_Hmx2_Hmx3,CholEx_Hmx2_Hmx3_MY,CholEx_Hmx2_Hmx3_MY
Ex_Hmx2_Col5a2,neuron,MY,VGLUT2,MC_176:Reticular medullary neurons,Ex_Hmx2_Col5a2,Ex_Hmx2_Col5a2_MY,Ex_Hmx2_Col5a2_MY
Ex_Hmx2_Mdfic2,neuron,MY,VGLUT2,"MC_175:Medullary neurons, primarily nucleus of the solitary tract",Ex_Hmx2_Mdfic2,Ex_Hmx2_Mdfic2_MY,Ex_Hmx2_Mdfic2_MY
Ex_Hmx2_Abcc9_1,neuron,MY,VGLUT2,"MC_175:Medullary neurons, primarily nucleus of the solitary tract",Ex_Hmx2_Abcc9,Ex_Hmx2_Abcc9_MY,Ex_Hmx2_Abcc9_MY
Ex_Hmx2_Abcc9_2,neuron,,VGLUT2,"MC_175:Medullary neurons, primarily nucleus of the solitary tract",Ex_Hmx2_Abcc9,Ex_Hmx2_Abcc9,Ex_Hmx2_Abcc9
Ex_Hmx2_Abcc9_3,neuron,MY,VGLUT2_VGLUT3,"MC_175:Medullary neurons, primarily nucleus of the solitary tract",Ex_Hmx2_Abcc9,Ex_Hmx2_Abcc9_MY,Ex_Hmx2_Abcc9_MY
Ex_Hmx2_Ppef1_1,neuron,,VGLUT2,"MC_175:Medullary neurons, primarily nucleus of the solitary tract",Ex_Hmx2_Ppef1,Ex_Hmx2_Ppef1,Ex_Hmx2_Ppef1
Ex_Hmx2_Ppef1_2,neuron,MY,VGLUT2,"MC_175:Medullary neurons, primarily nucleus of the solitary tract",Ex_Hmx2_Ppef1,Ex_Hmx2_Ppef1_MY,Ex_Hmx2_Ppef1_MY
Ex_Hmx2_Ppef1_3,neuron,MY,VGLUT2,"MC_175:Medullary neurons, primarily nucleus of the solitary tract",Ex_Hmx2_Ppef1,Ex_Hmx2_Ppef1_MY,Ex_Hmx2_Ppef1_MY
Ex_Hmx2_Ppef1_4,neuron,MB,VGLUT2,"MC_175:Medullary neurons, primarily nucleus of the solitary tract",Ex_Hmx2_Ppef1,Ex_Hmx2_Ppef1_MB,Ex_Hmx2_Ppef1_MB
CholEx_Hmx2_A2m,neuron,MY,VGLUT2_CHOL,MC_176:Reticular medullary neurons,CholEx_Hmx2_A2m,CholEx_Hmx2_A2m_MY,CholEx_Hmx2_A2m_MY
CholEx_Hmx2_Pthlh,neuron,MY,VGLUT2_CHOL,MC_176:Reticular medullary neurons,CholEx_Hmx2_Pthlh,CholEx_Hmx2_Pthlh_MY,CholEx_Hmx2_Pthlh_MY
Ex_Hmx2_Zap70,neuron,MY,VGLUT2,MC_176:Reticular medullary neurons,Ex_Hmx2_Zap70,Ex_Hmx2_Zap70_MY,Ex_Hmx2_Zap70_MY
Ex_Hmx2_Gli3,neuron,MY,VGLUT2,MC_176:Reticular medullary neurons,Ex_Hmx2_Gli3,Ex_Hmx2_Gli3_MY,Ex_Hmx2_Gli3_MY
Ex_Lmx1b_Afp,neuron,MY,VGLUT2,MC_177:Pontine and medullary neurons,Ex_Lmx1b_Afp,Ex_Lmx1b_Afp_MY,Ex_Lmx1b_Afp_MY
Ex_Lmx1b_Gm7271,neuron,MY,VGLUT2,MC_177:Pontine and medullary neurons,Ex_Lmx1b_Gm7271,Ex_Lmx1b_Gm7271_MY,Ex_Lmx1b_Gm7271_MY
Ex_Dab2_Tmem100_1,neuron,,VGLUT2,MC_177:Pontine and medullary neurons,Ex_Dab2_Tmem100,Ex_Dab2_Tmem100,Ex_Dab2_Tmem100
Ex_Dab2_Tmem100_2,neuron,MY,VGLUT2,MC_177:Pontine and medullary neurons,Ex_Dab2_Tmem100,Ex_Dab2_Tmem100_MY,Ex_Dab2_Tmem100_MY
Ex_Defb1_Mbl2_1,neuron,MY,VGLUT2,MC_177:Pontine and medullary neurons,Ex_Defb1_Mbl2,Ex_Defb1_Mbl2_MY,Ex_Defb1_Mbl2_MY
Ex_Defb1_Mbl2_2,neuron,P,VGLUT2,MC_177:Pontine and medullary neurons,Ex_Defb1_Mbl2,Ex_Defb1_Mbl2_P,Ex_Defb1_Mbl2_P
Ex_Pou4f1_A2m,neuron,MY,VGLUT2,MC_177:Pontine and medullary neurons,Ex_Pou4f1_A2m,Ex_Pou4f1_A2m_MY,Ex_Pou4f1_A2m_MY
Ex_Pou4f1_Abcc9_1,neuron,MY,VGLUT2,MC_177:Pontine and medullary neurons,Ex_Pou4f1_Abcc9,Ex_Pou4f1_Abcc9_MY,Ex_Pou4f1_Abcc9_MY
Ex_Pou4f1_Abcc9_2,neuron,MY,VGLUT2,MC_177:Pontine and medullary neurons,Ex_Pou4f1_Abcc9,Ex_Pou4f1_Abcc9_MY,Ex_Pou4f1_Abcc9_MY
Ex_Pou4f1_Abcc9_3,neuron,MY,VGLUT2,MC_177:Pontine and medullary neurons,Ex_Pou4f1_Abcc9,Ex_Pou4f1_Abcc9_MY,Ex_Pou4f1_Abcc9_MY
Ex_Phox2_4930469K13Rik,neuron,,VGLUT2,MC_166:Noradrenergic neurons of the nucleus solitarius,Ex_Phox2_4930469K13Rik,Ex_Phox2_4930469K13Rik,Ex_Phox2_4930469K13Rik
Ex_Lmx1b_Ccdc172,neuron,MY,VGLUT2,MC_177:Pontine and medullary neurons,Ex_Lmx1b_Ccdc172,Ex_Lmx1b_Ccdc172_MY,Ex_Lmx1b_Ccdc172_MY
Ex_Lmx1b_Nms_1,neuron,MY,VGLUT2,MC_177:Pontine and medullary neurons,Ex_Lmx1b_Nms,Ex_Lmx1b_Nms_MY,Ex_Lmx1b_Nms_MY
Ex_Lmx1b_Nms_2,neuron,MY,VGLUT2,MC_177:Pontine and medullary neurons,Ex_Lmx1b_Nms,Ex_Lmx1b_Nms_MY,Ex_Lmx1b_Nms_MY
Ex_Lmx1b_Nmu_1,neuron,,VGLUT2,MC_177:Pontine and medullary neurons,Ex_Lmx1b_Nmu,Ex_Lmx1b_Nmu,Ex_Lmx1b_Nmu
Ex_Lmx1b_Nmu_2,neuron,MY,VGLUT2,MC_177:Pontine and medullary neurons,Ex_Lmx1b_Nmu,Ex_Lmx1b_Nmu_MY,Ex_Lmx1b_Nmu_MY
Ex_Lmx1b_Nmu_3,neuron,MY,VGLUT2,MC_177:Pontine and medullary neurons,Ex_Lmx1b_Nmu,Ex_Lmx1b_Nmu_MY,Ex_Lmx1b_Nmu_MY
Inh_Pax8_Krt19,neuron,,GLY,MC_141:Medullary neurons,Inh_Pax8_Krt19,Inh_Pax8_Krt19,Inh_Pax8_Krt19
Inh_Pax8_Slc16a12_1,neuron,MY,GLY,MC_141:Medullary neurons,Inh_Pax8_Slc16a12,Inh_Pax8_Slc16a12_MY,Inh_Pax8_Slc16a12_MY
Inh_Pax8_Slc16a12_2,neuron,P,GLY,MC_141:Medullary neurons,Inh_Pax8_Slc16a12,Inh_Pax8_Slc16a12_P,Inh_Pax8_Slc16a12_P
Inh_Pax8_Slc16a12_3,neuron,MY,GLY,MC_141:Medullary neurons,Inh_Pax8_Slc16a12,Inh_Pax8_Slc16a12_MY,Inh_Pax8_Slc16a12_MY
Inh_Pax8_Slc16a12_4,neuron,MY,GLY,MC_141:Medullary neurons,Inh_Pax8_Slc16a12,Inh_Pax8_Slc16a12_MY,Inh_Pax8_Slc16a12_MY
Inh_Pax8_Asb4_1,neuron,MY,GLY,MC_130:Pontine and medullary neurons,Inh_Pax8_Asb4,Inh_Pax8_Asb4_MY,Inh_Pax8_Asb4_MY
Inh_Pax8_Asb4_2,neuron,MY,GLY,MC_130:Pontine and medullary neurons,Inh_Pax8_Asb4,Inh_Pax8_Asb4_MY,Inh_Pax8_Asb4_MY
Inh_Pax8_Serpinf1,neuron,MY,GLY,MC_141:Medullary neurons,Inh_Pax8_Serpinf1,Inh_Pax8_Serpinf1_MY,Inh_Pax8_Serpinf1_MY
Inh_Pax8_Agtr1b_1,neuron,P,GLY,MC_141:Medullary neurons,Inh_Pax8_Agtr1b,Inh_Pax8_Agtr1b_P,Inh_Pax8_Agtr1b_P
Inh_Pax8_Agtr1b_2,neuron,,GLY,MC_141:Medullary neurons,Inh_Pax8_Agtr1b,Inh_Pax8_Agtr1b,Inh_Pax8_Agtr1b
Inh_Pax8_A830031A19Rik_1,neuron,MY,GLY,MC_141:Medullary neurons,Inh_Pax8_A830031A19Rik,Inh_Pax8_A830031A19Rik_MY,Inh_Pax8_A830031A19Rik_MY
Inh_Pax8_A830031A19Rik_2,neuron,MY,GLY,MC_141:Medullary neurons,Inh_Pax8_A830031A19Rik,Inh_Pax8_A830031A19Rik_MY,Inh_Pax8_A830031A19Rik_MY
Inh_Pax8_A830031A19Rik_3,neuron,,GLY,MC_141:Medullary neurons,Inh_Pax8_A830031A19Rik,Inh_Pax8_A830031A19Rik,Inh_Pax8_A830031A19Rik
Ex_Phox2b_Pdyn_1,neuron,,VGLUT2,"MC_164:Pontine and medullary neurons, primarily nucleus solitarius",Ex_Phox2b_Pdyn,Ex_Phox2b_Pdyn,Ex_Phox2b_Pdyn
Ex_Phox2b_Pdyn_2,neuron,,VGLUT2,"MC_164:Pontine and medullary neurons, primarily nucleus solitarius",Ex_Phox2b_Pdyn,Ex_Phox2b_Pdyn,Ex_Phox2b_Pdyn
Ex_Phox2b_Pdyn_3,neuron,,VGLUT2,"MC_164:Pontine and medullary neurons, primarily nucleus solitarius",Ex_Phox2b_Pdyn,Ex_Phox2b_Pdyn,Ex_Phox2b_Pdyn
Ex_Phox2b_Pdyn_4,neuron,MB,VGLUT2,"MC_164:Pontine and medullary neurons, primarily nucleus solitarius",Ex_Phox2b_Pdyn,Ex_Phox2b_Pdyn_MB,Ex_Phox2b_Pdyn_MB
Ex_Phox2b_Pdyn_5,neuron,,VGLUT2_NOR,"MC_164:Pontine and medullary neurons, primarily nucleus solitarius",Ex_Phox2b_Pdyn,Ex_Phox2b_Pdyn,Ex_Phox2b_Pdyn
Ex_Phox2b_Pdyn_6,neuron,,VGLUT2,"MC_164:Pontine and medullary neurons, primarily nucleus solitarius",Ex_Phox2b_Pdyn,Ex_Phox2b_Pdyn,Ex_Phox2b_Pdyn
Ex_Phox2b_Nts_1,neuron,P,VGLUT2,"MC_164:Pontine and medullary neurons, primarily nucleus solitarius",Ex_Phox2b_Nts,Ex_Phox2b_Nts_P,Ex_Phox2b_Nts_P
Ex_Phox2b_Nts_2,neuron,P,VGLUT2,"MC_164:Pontine and medullary neurons, primarily nucleus solitarius",Ex_Phox2b_Nts,Ex_Phox2b_Nts_P,Ex_Phox2b_Nts_P
Ex_Phox2b_Mdfic2_1,neuron,,VGLUT2,"MC_164:Pontine and medullary neurons, primarily nucleus solitarius",Ex_Phox2b_Mdfic2,Ex_Phox2b_Mdfic2,Ex_Phox2b_Mdfic2
Ex_Phox2b_Mdfic2_2,neuron,MB,VGLUT2,"MC_164:Pontine and medullary neurons, primarily nucleus solitarius",Ex_Phox2b_Mdfic2,Ex_Phox2b_Mdfic2_MB,Ex_Phox2b_Mdfic2_MB
Ex_Phox2b_Mdfic2_3,neuron,,VGLUT2,"MC_164:Pontine and medullary neurons, primarily nucleus solitarius",Ex_Phox2b_Mdfic2,Ex_Phox2b_Mdfic2,Ex_Phox2b_Mdfic2
Ex_Phox2b_Esm1,neuron,,VGLUT2,"MC_164:Pontine and medullary neurons, primarily nucleus solitarius",Ex_Phox2b_Esm1,Ex_Phox2b_Esm1,Ex_Phox2b_Esm1
Ex_Phox2b_Mdfic2_5,neuron,,VGLUT2,"MC_164:Pontine and medullary neurons, primarily nucleus solitarius",Ex_Phox2b_Mdfic2,Ex_Phox2b_Mdfic2,Ex_Phox2b_Mdfic2
Ex_Phox2b_Mdfic2_6,neuron,HY,VGLUT2,MC_222:,Ex_Phox2b_Mdfic2,Ex_Phox2b_Mdfic2_HY,Ex_Phox2b_Mdfic2_HY
Ex_Evx1_Hsd17b2_1,neuron,MY,VGLUT2,MC_157:Pontine and medullary reticular neurons,Ex_Evx1_Hsd17b2,Ex_Evx1_Hsd17b2_MY,Ex_Evx1_Hsd17b2_MY
Ex_Sox6_Evx2_1,neuron,MY,VGLUT2,MC_157:Pontine and medullary reticular neurons,Ex_Sox6_Evx2,Ex_Sox6_Evx2_MY,Ex_Sox6_Evx2_MY
Ex_Evx1_Hsd17b2_2,neuron,MY,VGLUT2,MC_157:Pontine and medullary reticular neurons,Ex_Evx1_Hsd17b2,Ex_Evx1_Hsd17b2_MY,Ex_Evx1_Hsd17b2_MY
Ex_Evx1_Evx2,neuron,MY,VGLUT2,MC_157:Pontine and medullary reticular neurons,Ex_Evx1_Evx2,Ex_Evx1_Evx2_MY,Ex_Evx1_Evx2_MY
Ex_Sox6_Calcr,neuron,MY,VGLUT2,MC_157:Pontine and medullary reticular neurons,Ex_Sox6_Calcr,Ex_Sox6_Calcr_MY,Ex_Sox6_Calcr_MY
Ex_Evx1_Papln,neuron,MY,VGLUT2,MC_157:Pontine and medullary reticular neurons,Ex_Evx1_Papln,Ex_Evx1_Papln_MY,Ex_Evx1_Papln_MY
Ex_Evx1_Nptx2,neuron,P,VGLUT2,MC_157:Pontine and medullary reticular neurons,Ex_Evx1_Nptx2,Ex_Evx1_Nptx2_P,Ex_Evx1_Nptx2_P
Ex_Evx1_Hgf,neuron,MY,VGLUT2,MC_157:Pontine and medullary reticular neurons,Ex_Evx1_Hgf,Ex_Evx1_Hgf_MY,Ex_Evx1_Hgf_MY
Ex_Pax2_Mafb_1,neuron,P,VGLUT2,MC_157:Pontine and medullary reticular neurons,Ex_Pax2_Mafb,Ex_Pax2_Mafb_P,Ex_Pax2_Mafb_P
Ex_Pax2_Mafb_2,neuron,MY,VGLUT2,MC_157:Pontine and medullary reticular neurons,Ex_Pax2_Mafb,Ex_Pax2_Mafb_MY,Ex_Pax2_Mafb_MY
Inh_Foxd3_Slc16a12_1,neuron,MY,GLY,MC_135:Pontine and medullary reticular neurons,Inh_Foxd3_Slc16a12,Inh_Foxd3_Slc16a12_MY,Inh_Foxd3_Slc16a12_MY
Inh_Foxd3_Slc16a12_2,neuron,MY,GLY,MC_135:Pontine and medullary reticular neurons,Inh_Foxd3_Slc16a12,Inh_Foxd3_Slc16a12_MY,Inh_Foxd3_Slc16a12_MY
Inh_Foxd3_Slc16a12_3,neuron,P,GLY,MC_135:Pontine and medullary reticular neurons,Inh_Foxd3_Slc16a12,Inh_Foxd3_Slc16a12_P,Inh_Foxd3_Slc16a12_P
Inh_Foxd3_Gm525_1,neuron,P,GLY,MC_135:Pontine and medullary reticular neurons,Inh_Foxd3_Gm525,Inh_Foxd3_Gm525_P,Inh_Foxd3_Gm525_P
Inh_Foxd3_Gm525_2,neuron,P,GLY,MC_135:Pontine and medullary reticular neurons,Inh_Foxd3_Gm525,Inh_Foxd3_Gm525_P,Inh_Foxd3_Gm525_P
Inh_Foxd3_Pappa2_1,neuron,P,GLY,MC_130:Pontine and medullary neurons,Inh_Foxd3_Pappa2,Inh_Foxd3_Pappa2_P,Inh_Foxd3_Pappa2_P
Inh_Foxd3_Pappa2_2,neuron,MY,GLY,MC_130:Pontine and medullary neurons,Inh_Foxd3_Pappa2,Inh_Foxd3_Pappa2_MY,Inh_Foxd3_Pappa2_MY
Inh_Foxd3_Pappa2_3,neuron,MY,GLY,MC_130:Pontine and medullary neurons,Inh_Foxd3_Pappa2,Inh_Foxd3_Pappa2_MY,Inh_Foxd3_Pappa2_MY
Inh_Foxd3_Ifit3,neuron,MY,GLY,MC_130:Pontine and medullary neurons,Inh_Foxd3_Ifit3,Inh_Foxd3_Ifit3_MY,Inh_Foxd3_Ifit3_MY
Ex_C1ql4_Dsg1b,neuron,MB,VGLUT2,MC_154:Midbrain and pontine neurons,Ex_C1ql4_Dsg1b,Ex_C1ql4_Dsg1b_MB,Ex_C1ql4_Dsg1b_MB
Ex_C1ql4_Dkk2,neuron,HY,VGLUT2,MC_154:Midbrain and pontine neurons,Ex_C1ql4_Dkk2,Ex_C1ql4_Dkk2_HY,Ex_C1ql4_Dkk2_HY
Ex_C1ql4_Serpina12,neuron,HY,VGLUT2,"MC_197:Hypothalamic neurons, primarily periventricular and mammilary nuclei",Ex_C1ql4_Serpina12,Ex_C1ql4_Serpina12_HY,Ex_C1ql4_Serpina12_HY
Inh_Irx5_Erfl_1,neuron,P,GABA,"MC_99:Pontine and medullary neurons, primarily raphe",Inh_Irx5_Erfl,Inh_Irx5_Erfl_P,Inh_Irx5_Erfl_P
Inh_Irx5_Erfl_2,neuron,P,GABA,"MC_99:Pontine and medullary neurons, primarily raphe",Inh_Irx5_Erfl,Inh_Irx5_Erfl_P,Inh_Irx5_Erfl_P
Inh_Foxp2_Lbhd2_1,neuron,,GABA,"MC_99:Pontine and medullary neurons, primarily raphe",Inh_Foxp2_Lbhd2,Inh_Foxp2_Lbhd2,Inh_Foxp2_Lbhd2
Inh_Foxp2_Lbhd2_2,neuron,,GABA,"MC_99:Pontine and medullary neurons, primarily raphe",Inh_Foxp2_Lbhd2,Inh_Foxp2_Lbhd2,Inh_Foxp2_Lbhd2
Inh_Foxp2_Lbhd2_3,neuron,P,GABA,"MC_99:Pontine and medullary neurons, primarily raphe",Inh_Foxp2_Lbhd2,Inh_Foxp2_Lbhd2_P,Inh_Foxp2_Lbhd2_P
Inh_Six3_Dpy19l2_1,neuron,MB,GABA,MC_104:Midbrain neurons,Inh_Six3_Dpy19l2,Inh_Six3_Dpy19l2_MB,Inh_Six3_Dpy19l2_MB
Inh_Six3_Dpy19l2_2,neuron,MB,GABA,MC_104:Midbrain neurons,Inh_Six3_Dpy19l2,Inh_Six3_Dpy19l2_MB,Inh_Six3_Dpy19l2_MB
Inh_Six3_Dpy19l2_3,neuron,,GABA,MC_104:Midbrain neurons,Inh_Six3_Dpy19l2,Inh_Six3_Dpy19l2,Inh_Six3_Dpy19l2
Inh_Six3_Dpy19l2_4,neuron,MB,GABA,MC_104:Midbrain neurons,Inh_Six3_Dpy19l2,Inh_Six3_Dpy19l2_MB,Inh_Six3_Dpy19l2_MB
Inh_Six3_Dpy19l2_5,neuron,MB,GABA,MC_105:Midbrain neurons,Inh_Six3_Dpy19l2,Inh_Six3_Dpy19l2_MB,Inh_Six3_Dpy19l2_MB
Inh_Six3_Cd40,neuron,MB,GABA,MC_105:Midbrain neurons,Inh_Six3_Cd40,Inh_Six3_Cd40_MB,Inh_Six3_Cd40_MB
Inh_Six3_Fgf17_1,neuron,MB,GABA,MC_105:Midbrain neurons,Inh_Six3_Fgf17,Inh_Six3_Fgf17_MB,Inh_Six3_Fgf17_MB
Inh_Six3_Fgf17_2,neuron,MB,GABA,MC_105:Midbrain neurons,Inh_Six3_Fgf17,Inh_Six3_Fgf17_MB,Inh_Six3_Fgf17_MB
Inh_Lhx6_Trh_1,neuron,HY,GABA,MC_77:Hypothalamic neurons,Inh_Lhx6_Trh,Inh_Lhx6_Trh_HY,Inh_Lhx6_Trh_HY
Inh_Lhx6_Trh_2,neuron,MB,GABA,MC_77:Hypothalamic neurons,Inh_Lhx6_Trh,Inh_Lhx6_Trh_MB,Inh_Lhx6_Trh_MB
Inh_Lhx6_Tspo2,neuron,HY,GABA,MC_77:Hypothalamic neurons,Inh_Lhx6_Tspo2,Inh_Lhx6_Tspo2_HY,Inh_Lhx6_Tspo2_HY
Inh_Lhx1_Nkx2-4_1,neuron,HY,GABA,MC_77:Hypothalamic neurons,Inh_Lhx1_Nkx2-4,Inh_Lhx1_Nkx2-4_HY,Inh_Lhx1_Nkx2-4_HY
Inh_Lhx1_Nkx2-4_2,neuron,P,GABA,MC_77:Hypothalamic neurons,Inh_Lhx1_Nkx2-4,Inh_Lhx1_Nkx2-4_P,Inh_Lhx1_Nkx2-4_P
Inh_Lhx1_Nkx2-4_3,neuron,HY,GABA,MC_77:Hypothalamic neurons,Inh_Lhx1_Nkx2-4,Inh_Lhx1_Nkx2-4_HY,Inh_Lhx1_Nkx2-4_HY
Inh_Lhx6_Nkx2-4_1,neuron,MB,GABA,MC_77:Hypothalamic neurons,Inh_Lhx6_Nkx2-4,Inh_Lhx6_Nkx2-4_MB,Inh_Lhx6_Nkx2-4_MB
Inh_Lhx6_Nkx2-4_2,neuron,MB,GABA,MC_77:Hypothalamic neurons,Inh_Lhx6_Nkx2-4,Inh_Lhx6_Nkx2-4_MB,Inh_Lhx6_Nkx2-4_MB
Inh_Lhx6_Nkx2-4_3,neuron,HY,GABA,MC_77:Hypothalamic neurons,Inh_Lhx6_Nkx2-4,Inh_Lhx6_Nkx2-4_HY,Inh_Lhx6_Nkx2-4_HY
Inh_Lhx6_Nkx2-4_4,neuron,HY,GABA,MC_77:Hypothalamic neurons,Inh_Lhx6_Nkx2-4,Inh_Lhx6_Nkx2-4_HY,Inh_Lhx6_Nkx2-4_HY
Ex_C1ql4_Foxd3_1,neuron,MB,VGLUT2,MC_154:Midbrain and pontine neurons,Ex_C1ql4_Foxd3,Ex_C1ql4_Foxd3_MB,Ex_C1ql4_Foxd3_MB
Ex_C1ql4_Foxd3_2,neuron,MB,VGLUT2,MC_154:Midbrain and pontine neurons,Ex_C1ql4_Foxd3,Ex_C1ql4_Foxd3_MB,Ex_C1ql4_Foxd3_MB
Ex_Nkx6-1_Foxd3_1,neuron,MB,VGLUT2,MC_154:Midbrain and pontine neurons,Ex_Nkx6-1_Foxd3,Ex_Nkx6-1_Foxd3_MB,Ex_Nkx6-1_Foxd3_MB
Ex_Nkx6-1_Foxd3_2,neuron,MB,VGLUT2_GLY,MC_154:Midbrain and pontine neurons,Ex_Nkx6-1_Foxd3,Ex_Nkx6-1_Foxd3_MB,Ex_Nkx6-1_Foxd3_MB
Ex_Nkx6-1_Foxd3_3,neuron,MB,VGLUT2,MC_154:Midbrain and pontine neurons,Ex_Nkx6-1_Foxd3,Ex_Nkx6-1_Foxd3_MB,Ex_Nkx6-1_Foxd3_MB
Ex_Lhx4_Pdlim3,neuron,MB,VGLUT2,MC_198:Brainstem neurons,Ex_Lhx4_Pdlim3,Ex_Lhx4_Pdlim3_MB,Ex_Lhx4_Pdlim3_MB
Ex_Pax6_Avpr1a_1,neuron,MB,VGLUT2,MC_196:Tegmental neurons,Ex_Pax6_Avpr1a,Ex_Pax6_Avpr1a_MB,Ex_Pax6_Avpr1a_MB
Ex_Pax6_Avpr1a_2,neuron,MB,VGLUT2,MC_196:Tegmental neurons,Ex_Pax6_Avpr1a,Ex_Pax6_Avpr1a_MB,Ex_Pax6_Avpr1a_MB
Ex_Pax6_Avpr1a_3,neuron,MB,VGLUT2,MC_196:Tegmental neurons,Ex_Pax6_Avpr1a,Ex_Pax6_Avpr1a_MB,Ex_Pax6_Avpr1a_MB
Ex_Pax6_Avpr1a_4,neuron,MB,VGLUT2,MC_196:Tegmental neurons,Ex_Pax6_Avpr1a,Ex_Pax6_Avpr1a_MB,Ex_Pax6_Avpr1a_MB
Ex_Pax6_Avpr1a_5,neuron,MB,VGLUT2,MC_196:Tegmental neurons,Ex_Pax6_Avpr1a,Ex_Pax6_Avpr1a_MB,Ex_Pax6_Avpr1a_MB
Ex_Pax6_Avpr1a_6,neuron,MB,VGLUT2,MC_196:Tegmental neurons,Ex_Pax6_Avpr1a,Ex_Pax6_Avpr1a_MB,Ex_Pax6_Avpr1a_MB
Ex_Pax6_Pgr15l_1,neuron,MB,VGLUT2,MC_196:Tegmental neurons,Ex_Pax6_Pgr15l,Ex_Pax6_Pgr15l_MB,Ex_Pax6_Pgr15l_MB
Ex_Pax6_Pgr15l_2,neuron,MB,VGLUT2,MC_196:Tegmental neurons,Ex_Pax6_Pgr15l,Ex_Pax6_Pgr15l_MB,Ex_Pax6_Pgr15l_MB
Inh_Pax7_Gna14_1,neuron,MB,GABA,MC_97:Midbrain and pontine neurons,Inh_Pax7_Gna14,Inh_Pax7_Gna14_MB,Inh_Pax7_Gna14_MB
Inh_Pax7_Gna14_2,neuron,,GABA,MC_97:Midbrain and pontine neurons,Inh_Pax7_Gna14,Inh_Pax7_Gna14,Inh_Pax7_Gna14
Inh_Pou6f2_Mamdc2,neuron,P,GABA,MC_97:Midbrain and pontine neurons,Inh_Pou6f2_Mamdc2,Inh_Pou6f2_Mamdc2_P,Inh_Pou6f2_Mamdc2_P
Inh_Pax7_Aoah,neuron,MB,GABA,MC_97:Midbrain and pontine neurons,Inh_Pax7_Aoah,Inh_Pax7_Aoah_MB,Inh_Pax7_Aoah_MB
Inh_Pax7_Stc1_1,neuron,MB,GABA,MC_97:Midbrain and pontine neurons,Inh_Pax7_Stc1,Inh_Pax7_Stc1_MB,Inh_Pax7_Stc1_MB
Inh_Pax7_Stc1_2,neuron,MB,GABA,MC_97:Midbrain and pontine neurons,Inh_Pax7_Stc1,Inh_Pax7_Stc1_MB,Inh_Pax7_Stc1_MB
Inh_Foxp2_Nccrp1,neuron,,GLY,MC_144:Medulary vestibular neurons,Inh_Foxp2_Nccrp1,Inh_Foxp2_Nccrp1,Inh_Foxp2_Nccrp1
Inh_Foxp2_Olfm4_1,neuron,MB,GLY,"MC_99:Pontine and medullary neurons, primarily raphe",Inh_Foxp2_Olfm4,Inh_Foxp2_Olfm4_MB,Inh_Foxp2_Olfm4_MB
Inh_Foxp2_Olfm4_3,neuron,MB,GABA,"MC_99:Pontine and medullary neurons, primarily raphe",Inh_Foxp2_Olfm4,Inh_Foxp2_Olfm4_MB,Inh_Foxp2_Olfm4_MB
Inh_Pax2_Erfl_2,neuron,MY,GABA,"MC_99:Pontine and medullary neurons, primarily raphe",Inh_Pax2_Erfl,Inh_Pax2_Erfl_MY,Inh_Pax2_Erfl_MY
Inh_Pax2_Erfl_3,neuron,MY,GLY,"MC_99:Pontine and medullary neurons, primarily raphe",Inh_Pax2_Erfl,Inh_Pax2_Erfl_MY,Inh_Pax2_Erfl_MY
Inh_Pax2_Erfl_4,neuron,MB,GABA,"MC_99:Pontine and medullary neurons, primarily raphe",Inh_Pax2_Erfl,Inh_Pax2_Erfl_MB,Inh_Pax2_Erfl_MB
Inh_Pax2_Erfl_5,neuron,P,GABA,"MC_99:Pontine and medullary neurons, primarily raphe",Inh_Pax2_Erfl,Inh_Pax2_Erfl_P,Inh_Pax2_Erfl_P
Inh_Pax2_Erfl_6,neuron,P,GABA,"MC_99:Pontine and medullary neurons, primarily raphe",Inh_Pax2_Erfl,Inh_Pax2_Erfl_P,Inh_Pax2_Erfl_P
Inh_Pax2_Erfl_7,neuron,P,GABA,"MC_99:Pontine and medullary neurons, primarily raphe",Inh_Pax2_Erfl,Inh_Pax2_Erfl_P,Inh_Pax2_Erfl_P
Inh_Pax2_Erfl_8,neuron,P,GLY,"MC_99:Pontine and medullary neurons, primarily raphe",Inh_Pax2_Erfl,Inh_Pax2_Erfl_P,Inh_Pax2_Erfl_P
Inh_Pax2_Erfl_9,neuron,P,GABA,"MC_99:Pontine and medullary neurons, primarily raphe",Inh_Pax2_Erfl,Inh_Pax2_Erfl_P,Inh_Pax2_Erfl_P
Inh_Pax2_Erfl_10,neuron,P,GABA,"MC_99:Pontine and medullary neurons, primarily raphe",Inh_Pax2_Erfl_10,Inh_Pax2_Erfl_10_P,Inh_Pax2_Erfl_10_P
Inh_Pax2_Erfl_11,neuron,MB,GABA,"MC_99:Pontine and medullary neurons, primarily raphe",Inh_Pax2_Erfl_11,Inh_Pax2_Erfl_11_MB,Inh_Pax2_Erfl_11_MB
Inh_Pax2_Erfl_12,neuron,MB,GABA,"MC_99:Pontine and medullary neurons, primarily raphe",Inh_Pax2_Erfl_12,Inh_Pax2_Erfl_12_MB,Inh_Pax2_Erfl_12_MB
Inh_Pax7_Erfl_1,neuron,MB,GABA,"MC_99:Pontine and medullary neurons, primarily raphe",Inh_Pax7_Erfl,Inh_Pax7_Erfl_MB,Inh_Pax7_Erfl_MB
Inh_Pax7_Erfl_2,neuron,MB,GABA,"MC_99:Pontine and medullary neurons, primarily raphe",Inh_Pax7_Erfl,Inh_Pax7_Erfl_MB,Inh_Pax7_Erfl_MB
Inh_Pax7_Erfl_3,neuron,MB,GABA,"MC_99:Pontine and medullary neurons, primarily raphe",Inh_Pax7_Erfl,Inh_Pax7_Erfl_MB,Inh_Pax7_Erfl_MB
Inh_Pax2_Erfl_13,neuron,MB,GABA,"MC_99:Pontine and medullary neurons, primarily raphe",Inh_Pax2_Erfl_13,Inh_Pax2_Erfl_13_MB,Inh_Pax2_Erfl_13_MB
Inh_Pax2_Erfl_14,neuron,MB,GABA,"MC_99:Pontine and medullary neurons, primarily raphe",Inh_Pax2_Erfl_14,Inh_Pax2_Erfl_14_MB,Inh_Pax2_Erfl_14_MB
Inh_Pax2_Erfl_15,neuron,MB,GABA,"MC_99:Pontine and medullary neurons, primarily raphe",Inh_Pax2_Erfl_15,Inh_Pax2_Erfl_15_MB,Inh_Pax2_Erfl_15_MB
Inh_Lhx1_Otp_1,neuron,MB,GABA,"MC_99:Pontine and medullary neurons, primarily raphe",Inh_Lhx1_Otp,Inh_Lhx1_Otp_MB,Inh_Lhx1_Otp_MB
Inh_Lhx1_Otp_2,neuron,MB,GABA,"MC_99:Pontine and medullary neurons, primarily raphe",Inh_Lhx1_Otp,Inh_Lhx1_Otp_MB,Inh_Lhx1_Otp_MB
Inh_PItx2_Ctxn3,neuron,P,GABA,"MC_99:Pontine and medullary neurons, primarily raphe",Inh_PItx2_Ctxn3,Inh_PItx2_Ctxn3_P,Inh_PItx2_Ctxn3_P
Inh_Pitx2_Xirp2,neuron,P,GABA,"MC_99:Pontine and medullary neurons, primarily raphe",Inh_Pitx2_Xirp2,Inh_Pitx2_Xirp2_P,Inh_Pitx2_Xirp2_P
Inh_Pax7_Erfl_4,neuron,MB,GABA,"MC_99:Pontine and medullary neurons, primarily raphe",Inh_Pax7_Erfl,Inh_Pax7_Erfl_MB,Inh_Pax7_Erfl_MB
Inh_Pax7_Tac1_Stc1,neuron,MB,GABA,"MC_99:Pontine and medullary neurons, primarily raphe",Inh_Pax7_Tac1_Stc1,Inh_Pax7_Tac1_Stc1_MB,Inh_Pax7_Tac1_Stc1_MB
Inh_Pax7_Pappa2_Stc1,neuron,MB,GABA,"MC_99:Pontine and medullary neurons, primarily raphe",Inh_Pax7_Pappa2_Stc1,Inh_Pax7_Pappa2_Stc1_MB,Inh_Pax7_Pappa2_Stc1_MB
Inh_Pax7_Slc38a11,neuron,P,GABA,"MC_99:Pontine and medullary neurons, primarily raphe",Inh_Pax7_Slc38a11,Inh_Pax7_Slc38a11_P,Inh_Pax7_Slc38a11_P
Inh_Etv3l_Erfl_1,neuron,MB,GABA,"MC_99:Pontine and medullary neurons, primarily raphe",Inh_Etv3l_Erfl,Inh_Etv3l_Erfl_MB,Inh_Etv3l_Erfl_MB
Inh_Pax7_Ikzf1,neuron,MY,GABA,MC_97:Midbrain and pontine neurons,Inh_Pax7_Ikzf1,Inh_Pax7_Ikzf1_MY,Inh_Pax7_Ikzf1_MY
Inh_Pax7_Zic2,neuron,MB,GABA,MC_97:Midbrain and pontine neurons,Inh_Pax7_Zic2,Inh_Pax7_Zic2_MB,Inh_Pax7_Zic2_MB
Inh_Pax7_Arhgap28_1,neuron,MB,GABA,MC_97:Midbrain and pontine neurons,Inh_Pax7_Arhgap28,Inh_Pax7_Arhgap28_MB,Inh_Pax7_Arhgap28_MB
Inh_Pax7_Arhgap28_2,neuron,MB,GABA,MC_97:Midbrain and pontine neurons,Inh_Pax7_Arhgap28,Inh_Pax7_Arhgap28_MB,Inh_Pax7_Arhgap28_MB
Inh_Pax7_Arhgap28_3,neuron,MB,GABA,MC_97:Midbrain and pontine neurons,Inh_Pax7_Arhgap28,Inh_Pax7_Arhgap28_MB,Inh_Pax7_Arhgap28_MB
Inh_Pax7_Arhgap28_4,neuron,MB,GABA,MC_97:Midbrain and pontine neurons,Inh_Pax7_Arhgap28,Inh_Pax7_Arhgap28_MB,Inh_Pax7_Arhgap28_MB
Inh_Pax2_Ikzf1_1,neuron,MB,GABA,"MC_99:Pontine and medullary neurons, primarily raphe",Inh_Pax2_Ikzf1,Inh_Pax2_Ikzf1_MB,Inh_Pax2_Ikzf1_MB
Inh_Pax5_Serpina12,neuron,,GLY,"MC_99:Pontine and medullary neurons, primarily raphe",Inh_Pax5_Serpina12,Inh_Pax5_Serpina12,Inh_Pax5_Serpina12
Inh_Pax5_Meox2,neuron,,GABA,"MC_99:Pontine and medullary neurons, primarily raphe",Inh_Pax5_Meox2,Inh_Pax5_Meox2,Inh_Pax5_Meox2
Inh_Pax5_Cckar,neuron,MB,GABA,"MC_99:Pontine and medullary neurons, primarily raphe",Inh_Pax5_Cckar,Inh_Pax5_Cckar_MB,Inh_Pax5_Cckar_MB
Inh_Pax2_Ikzf1_2,neuron,MB,GLY,"MC_99:Pontine and medullary neurons, primarily raphe",Inh_Pax2_Ikzf1,Inh_Pax2_Ikzf1_MB,Inh_Pax2_Ikzf1_MB
Inh_Pax2_Ikzf1_3,neuron,MB,GABA,"MC_99:Pontine and medullary neurons, primarily raphe",Inh_Pax2_Ikzf1,Inh_Pax2_Ikzf1_MB,Inh_Pax2_Ikzf1_MB
Inh_Pax2_Cckar,neuron,MY,GABA,"MC_99:Pontine and medullary neurons, primarily raphe",Inh_Pax2_Cckar,Inh_Pax2_Cckar_MY,Inh_Pax2_Cckar_MY
Inh_Pax2_Tecrl,neuron,MY,GLY,"MC_99:Pontine and medullary neurons, primarily raphe",Inh_Pax2_Tecrl,Inh_Pax2_Tecrl_MY,Inh_Pax2_Tecrl_MY
Inh_Pax2_Gm525,neuron,P,GABA,"MC_99:Pontine and medullary neurons, primarily raphe",Inh_Pax2_Gm525,Inh_Pax2_Gm525_P,Inh_Pax2_Gm525_P
Inh_Pax5_Ikzf1,neuron,,GLY,"MC_99:Pontine and medullary neurons, primarily raphe",Inh_Pax5_Ikzf1,Inh_Pax5_Ikzf1,Inh_Pax5_Ikzf1
Inh_Pou3f1_Gm525,neuron,MY,GABA,"MC_99:Pontine and medullary neurons, primarily raphe",Inh_Pou3f1_Gm525,Inh_Pou3f1_Gm525_MY,Inh_Pou3f1_Gm525_MY
Inh_Pou3f1_Npnt,neuron,MB,GABA,"MC_99:Pontine and medullary neurons, primarily raphe",Inh_Pou3f1_Npnt,Inh_Pou3f1_Npnt_MB,Inh_Pou3f1_Npnt_MB
Inh_Pax2_H2-Q7,neuron,MB,GLY,"MC_99:Pontine and medullary neurons, primarily raphe",Inh_Pax2_H2-Q7,Inh_Pax2_H2-Q7_MB,Inh_Pax2_H2-Q7_MB
Inh_Pax2_Calcr,neuron,MB,GLY,"MC_99:Pontine and medullary neurons, primarily raphe",Inh_Pax2_Calcr,Inh_Pax2_Calcr_MB,Inh_Pax2_Calcr_MB
Inh_Pax2_Ikzf1_4,neuron,MB,GABA,"MC_99:Pontine and medullary neurons, primarily raphe",Inh_Pax2_Ikzf1,Inh_Pax2_Ikzf1_MB,Inh_Pax2_Ikzf1_MB
Inh_Pax8_Calcr,neuron,MB,GLY,"MC_99:Pontine and medullary neurons, primarily raphe",Inh_Pax8_Calcr,Inh_Pax8_Calcr_MB,Inh_Pax8_Calcr_MB
Inh_Foxp2_Drd3_1,neuron,P,GABA,"MC_99:Pontine and medullary neurons, primarily raphe",Inh_Foxp2_Drd3,Inh_Foxp2_Drd3_P,Inh_Foxp2_Drd3_P
Inh_Foxp2_Drd3_2,neuron,P,GABA,"MC_99:Pontine and medullary neurons, primarily raphe",Inh_Foxp2_Drd3,Inh_Foxp2_Drd3_P,Inh_Foxp2_Drd3_P
Ex_Sox6_Cartpt_1,neuron,MB,VGLUT2,"MC_215:Superior collicular, motor area neurons",Ex_Sox6_Cartpt,Ex_Sox6_Cartpt_MB,Ex_Sox6_Cartpt_MB
Ex_Sox6_Cartpt_2,neuron,MB,VGLUT2,"MC_215:Superior collicular, motor area neurons",Ex_Sox6_Cartpt,Ex_Sox6_Cartpt_MB,Ex_Sox6_Cartpt_MB
Ex_Sox6_Cartpt_3,neuron,MB,VGLUT2,"MC_215:Superior collicular, motor area neurons",Ex_Sox6_Cartpt,Ex_Sox6_Cartpt_MB,Ex_Sox6_Cartpt_MB
Ex_Sox6_Ttc29_1,neuron,MB,VGLUT2,"MC_215:Superior collicular, motor area neurons",Ex_Sox6_Ttc29,Ex_Sox6_Ttc29_MB,Ex_Sox6_Ttc29_MB
Ex_Sox6_Ttc29_2,neuron,MB,VGLUT2,"MC_215:Superior collicular, motor area neurons",Ex_Sox6_Ttc29,Ex_Sox6_Ttc29_MB,Ex_Sox6_Ttc29_MB
Ex_Sox6_Ttc29_3,neuron,MB,VGLUT2,"MC_215:Superior collicular, motor area neurons",Ex_Sox6_Ttc29,Ex_Sox6_Ttc29_MB,Ex_Sox6_Ttc29_MB
Ex_Sox6_Erfl,neuron,MB,VGLUT2,"MC_215:Superior collicular, motor area neurons",Ex_Sox6_Erfl,Ex_Sox6_Erfl_MB,Ex_Sox6_Erfl_MB
Ex_Sox6_Irx6_1,neuron,MB,VGLUT2,"MC_215:Superior collicular, motor area neurons",Ex_Sox6_Irx6,Ex_Sox6_Irx6_MB,Ex_Sox6_Irx6_MB
Ex_Sox6_Irx6_2,neuron,MB,VGLUT2,"MC_215:Superior collicular, motor area neurons",Ex_Sox6_Irx6,Ex_Sox6_Irx6_MB,Ex_Sox6_Irx6_MB
Ex_Sox6_Edn1_1,neuron,MB,VGLUT2,"MC_215:Superior collicular, motor area neurons",Ex_Sox6_Edn1,Ex_Sox6_Edn1_MB,Ex_Sox6_Edn1_MB
Ex_Sox6_Edn1_2,neuron,MB,VGLUT2,"MC_215:Superior collicular, motor area neurons",Ex_Sox6_Edn1,Ex_Sox6_Edn1_MB,Ex_Sox6_Edn1_MB
Ex_Pou4f2_Sult3a1,neuron,MB,VGLUT2,"MC_215:Superior collicular, motor area neurons",Ex_Pou4f2_Sult3a1,Ex_Pou4f2_Sult3a1_MB,Ex_Pou4f2_Sult3a1_MB
Ex_Pou4f2_Cyp26b1,neuron,MB,VGLUT2,"MC_215:Superior collicular, motor area neurons",Ex_Pou4f2_Cyp26b1,Ex_Pou4f2_Cyp26b1_MB,Ex_Pou4f2_Cyp26b1_MB
Ex_Sox6_Trpa1,neuron,MB,VGLUT2,"MC_215:Superior collicular, motor area neurons",Ex_Sox6_Trpa1,Ex_Sox6_Trpa1_MB,Ex_Sox6_Trpa1_MB
Ex_Sox6_Sult3a1_1,neuron,MB,VGLUT2,"MC_215:Superior collicular, motor area neurons",Ex_Sox6_Sult3a1,Ex_Sox6_Sult3a1_MB,Ex_Sox6_Sult3a1_MB
Ex_Sox6_Sult3a1_2,neuron,MB,VGLUT2,"MC_215:Superior collicular, motor area neurons",Ex_Sox6_Sult3a1,Ex_Sox6_Sult3a1_MB,Ex_Sox6_Sult3a1_MB
Inh_Nkx2-2_Tpm2_1,neuron,MB,GABA,MC_86:Midbrain neurons,Inh_Nkx2-2_Tpm2,Inh_Nkx2-2_Tpm2_MB,Inh_Nkx2-2_Tpm2_MB
Inh_Nkx2-2_Tpm2_2,neuron,MB,GABA,MC_86:Midbrain neurons,Inh_Nkx2-2_Tpm2,Inh_Nkx2-2_Tpm2_MB,Inh_Nkx2-2_Tpm2_MB
Inh_Nkx2-2_Cd40_1,neuron,MB,GABA,MC_86:Midbrain neurons,Inh_Nkx2-2_Cd40,Inh_Nkx2-2_Cd40_MB,Inh_Nkx2-2_Cd40_MB
Inh_Nkx2-2_Cd40_2,neuron,MB,GABA,MC_86:Midbrain neurons,Inh_Nkx2-2_Cd40,Inh_Nkx2-2_Cd40_MB,Inh_Nkx2-2_Cd40_MB
Inh_Nkx2-2_Vip,neuron,MB,GABA,MC_86:Midbrain neurons,Inh_Nkx2-2_Vip,Inh_Nkx2-2_Vip_MB,Inh_Nkx2-2_Vip_MB
Inh_Nkx2-2_Bcam_1,neuron,MB,GABA,MC_86:Midbrain neurons,Inh_Nkx2-2_Bcam,Inh_Nkx2-2_Bcam_MB,Inh_Nkx2-2_Bcam_MB
Inh_Nkx2-2_Bcam_2,neuron,MB,GABA,MC_86:Midbrain neurons,Inh_Nkx2-2_Bcam,Inh_Nkx2-2_Bcam_MB,Inh_Nkx2-2_Bcam_MB
Inh_Nkx2-2_Bcam_3,neuron,MB,GABA,MC_86:Midbrain neurons,Inh_Nkx2-2_Bcam,Inh_Nkx2-2_Bcam_MB,Inh_Nkx2-2_Bcam_MB
Inh_Nkx2-2_Itgb6,neuron,MB,GABA,MC_86:Midbrain neurons,Inh_Nkx2-2_Itgb6,Inh_Nkx2-2_Itgb6_MB,Inh_Nkx2-2_Itgb6_MB
Inh_Nkx2-2_Sox14_1,neuron,HY,GABA,MC_86:Midbrain neurons,Inh_Nkx2-2_Sox14,Inh_Nkx2-2_Sox14_HY,Inh_Nkx2-2_Sox14_HY
Inh_Nkx2-2_Sox14_2,neuron,,GABA,MC_86:Midbrain neurons,Inh_Nkx2-2_Sox14,Inh_Nkx2-2_Sox14,Inh_Nkx2-2_Sox14
Inh_Nkx2-2_Sox14_3,neuron,STR,GABA,MC_86:Midbrain neurons,Inh_Nkx2-2_Sox14,Inh_Nkx2-2_Sox14_STR,Inh_Nkx2-2_Sox14_STR
Inh_Nkx2-2_Antxr2,neuron,,GLY,MC_86:Midbrain neurons,Inh_Nkx2-2_Antxr2,Inh_Nkx2-2_Antxr2,Inh_Nkx2-2_Antxr2
Inh_Nkx2-2_Pdzk1ip1,neuron,MB,GABA,MC_86:Midbrain neurons,Inh_Nkx2-2_Pdzk1ip1,Inh_Nkx2-2_Pdzk1ip1_MB,Inh_Nkx2-2_Pdzk1ip1_MB
Inh_Nkx2-2_Lcp1,neuron,,GABA,MC_86:Midbrain neurons,Inh_Nkx2-2_Lcp1,Inh_Nkx2-2_Lcp1,Inh_Nkx2-2_Lcp1
Inh_Nkx2-2_Prrxl1,neuron,MB,GABA,MC_86:Midbrain neurons,Inh_Nkx2-2_Prrxl1,Inh_Nkx2-2_Prrxl1_MB,Inh_Nkx2-2_Prrxl1_MB
Inh_Nkx2-2_Svep1_1,neuron,MB,GABA,MC_86:Midbrain neurons,Inh_Nkx2-2_Svep1,Inh_Nkx2-2_Svep1_MB,Inh_Nkx2-2_Svep1_MB
Inh_Nkx2-2_Svep1_2,neuron,MB,GABA,MC_86:Midbrain neurons,Inh_Nkx2-2_Svep1,Inh_Nkx2-2_Svep1_MB,Inh_Nkx2-2_Svep1_MB
Inh_Nkx2-2_Cpa6_1,neuron,MB,GABA,MC_86:Midbrain neurons,Inh_Nkx2-2_Cpa6,Inh_Nkx2-2_Cpa6_MB,Inh_Nkx2-2_Cpa6_MB
Inh_Nkx2-2_Svep1,neuron,,GABA,MC_86:Midbrain neurons,Inh_Nkx2-2_Svep1,Inh_Nkx2-2_Svep1,Inh_Nkx2-2_Svep1
Inh_Nkx2-2_Cpa6_2,neuron,MB,GABA,MC_86:Midbrain neurons,Inh_Nkx2-2_Cpa6,Inh_Nkx2-2_Cpa6_MB,Inh_Nkx2-2_Cpa6_MB
Ex_Pitx2_Tmem215,neuron,MB,VGLUT2,MC_204:Tectal neurons,Ex_Pitx2_Tmem215,Ex_Pitx2_Tmem215_MB,Ex_Pitx2_Tmem215_MB
Ex_Pitx2_Frem3_1,neuron,MB,VGLUT2,MC_204:Tectal neurons,Ex_Pitx2_Frem3,Ex_Pitx2_Frem3_MB,Ex_Pitx2_Frem3_MB
Ex_Pitx2_Frem3_2,neuron,MB,VGLUT2,MC_204:Tectal neurons,Ex_Pitx2_Frem3,Ex_Pitx2_Frem3_MB,Ex_Pitx2_Frem3_MB
Ex_Pitx2_Frem3_3,neuron,,VGLUT2,MC_204:Tectal neurons,Ex_Pitx2_Frem3,Ex_Pitx2_Frem3,Ex_Pitx2_Frem3
Ex_Pitx2_Fibcd1,neuron,MB,VGLUT2,MC_204:Tectal neurons,Ex_Pitx2_Fibcd1,Ex_Pitx2_Fibcd1_MB,Ex_Pitx2_Fibcd1_MB
Ex_Pitx2_Wdr95,neuron,MB,VGLUT2,MC_204:Tectal neurons,Ex_Pitx2_Wdr95,Ex_Pitx2_Wdr95_MB,Ex_Pitx2_Wdr95_MB
Ex_Pitx2_Nostrin,neuron,MB,VGLUT2,MC_204:Tectal neurons,Ex_Pitx2_Nostrin,Ex_Pitx2_Nostrin_MB,Ex_Pitx2_Nostrin_MB
Ex_Pitx2_Adam18,neuron,MB,VGLUT2,MC_204:Tectal neurons,Ex_Pitx2_Adam18,Ex_Pitx2_Adam18_MB,Ex_Pitx2_Adam18_MB
Ex_Pitx2_Snorc,neuron,MB,VGLUT2,MC_204:Tectal neurons,Ex_Pitx2_Snorc,Ex_Pitx2_Snorc_MB,Ex_Pitx2_Snorc_MB
Ex_Pitx2_Lamp3_1,neuron,MB,VGLUT2,"MC_202:Tegmental neurons, including cuneiform nucleus",Ex_Pitx2_Lamp3,Ex_Pitx2_Lamp3_MB,Ex_Pitx2_Lamp3_MB
Ex_Pitx2_Lamp3_2,neuron,MB,VGLUT2,"MC_202:Tegmental neurons, including cuneiform nucleus",Ex_Pitx2_Lamp3,Ex_Pitx2_Lamp3_MB,Ex_Pitx2_Lamp3_MB
Ex_Pitx2_Lamp3_3,neuron,MB,VGLUT2,"MC_202:Tegmental neurons, including cuneiform nucleus",Ex_Pitx2_Lamp3,Ex_Pitx2_Lamp3_MB,Ex_Pitx2_Lamp3_MB
Ex_Pitx2_Nxph2,neuron,MB,VGLUT2,MC_204:Tectal neurons,Ex_Pitx2_Nxph2,Ex_Pitx2_Nxph2_MB,Ex_Pitx2_Nxph2_MB
Ex_Pitx2_Kntc1,neuron,MB,VGLUT2,MC_204:Tectal neurons,Ex_Pitx2_Kntc1,Ex_Pitx2_Kntc1_MB,Ex_Pitx2_Kntc1_MB
Ex_Pitx2_Acp7,neuron,MB,VGLUT2,MC_204:Tectal neurons,Ex_Pitx2_Acp7,Ex_Pitx2_Acp7_MB,Ex_Pitx2_Acp7_MB
Ex_Pitx2_Sall3,neuron,MB,VGLUT2,MC_204:Tectal neurons,Ex_Pitx2_Sall3,Ex_Pitx2_Sall3_MB,Ex_Pitx2_Sall3_MB
Ex_Pitx2_Gm7271,neuron,MB,VGLUT2,MC_204:Tectal neurons,Ex_Pitx2_Gm7271,Ex_Pitx2_Gm7271_MB,Ex_Pitx2_Gm7271_MB
Ex_Lmx1b_Wdr95,neuron,P,VGLUT2,MC_162:Pontine and medullary neurons,Ex_Lmx1b_Wdr95,Ex_Lmx1b_Wdr95_P,Ex_Lmx1b_Wdr95_P
Ex_Lmx1b_Dkkl1,neuron,,VGLUT2,MC_162:Pontine and medullary neurons,Ex_Lmx1b_Dkkl1,Ex_Lmx1b_Dkkl1,Ex_Lmx1b_Dkkl1
Ex_Lmx1b_Arsj_1,neuron,,VGLUT2,MC_162:Pontine and medullary neurons,Ex_Lmx1b_Arsj,Ex_Lmx1b_Arsj,Ex_Lmx1b_Arsj
Ex_Lmx1b_Arsj_2,neuron,HY,VGLUT2,MC_162:Pontine and medullary neurons,Ex_Lmx1b_Arsj,Ex_Lmx1b_Arsj_HY,Ex_Lmx1b_Arsj_HY
Ex_Ebf2_C1ql2_1,neuron,MB,VGLUT2,MC_212:Tectal neurons,Ex_Ebf2_C1ql2,Ex_Ebf2_C1ql2_MB,Ex_Ebf2_C1ql2_MB
Ex_Ebf2_C1ql2_2,neuron,MB,VGLUT2,MC_212:Tectal neurons,Ex_Ebf2_C1ql2,Ex_Ebf2_C1ql2_MB,Ex_Ebf2_C1ql2_MB
Ex_Ebf2_C1ql2_3,neuron,MB,VGLUT2,MC_212:Tectal neurons,Ex_Ebf2_C1ql2,Ex_Ebf2_C1ql2_MB,Ex_Ebf2_C1ql2_MB
Ex_Ebf2_C1ql2_4,neuron,OLF,VGLUT2,MC_212:Tectal neurons,Ex_Ebf2_C1ql2,Ex_Ebf2_C1ql2_OLF,Ex_Ebf2_C1ql2_OLF
Ex_Ebf2_C1ql2_5,neuron,MB,VGLUT2,MC_212:Tectal neurons,Ex_Ebf2_C1ql2,Ex_Ebf2_C1ql2_MB,Ex_Ebf2_C1ql2_MB
Ex_Ebf2_C1ql2_6,neuron,MB,VGLUT2,MC_212:Tectal neurons,Ex_Ebf2_C1ql2,Ex_Ebf2_C1ql2_MB,Ex_Ebf2_C1ql2_MB
Ex_Ebf2_Gng8,neuron,MB,VGLUT2,MC_201:PAG and SCm neurons,Ex_Ebf2_Gng8,Ex_Ebf2_Gng8_MB,Ex_Ebf2_Gng8_MB
Ex_Ebf2_Clec9a_1,neuron,MB,VGLUT2,MC_201:PAG and SCm neurons,Ex_Ebf2_Clec9a,Ex_Ebf2_Clec9a_MB,Ex_Ebf2_Clec9a_MB
Ex_Ebf2_Clec9a_2,neuron,MB,VGLUT2,MC_201:PAG and SCm neurons,Ex_Ebf2_Clec9a,Ex_Ebf2_Clec9a_MB,Ex_Ebf2_Clec9a_MB
Ex_Ebf2_Layn,neuron,MB,VGLUT2,MC_201:PAG and SCm neurons,Ex_Ebf2_Layn,Ex_Ebf2_Layn_MB,Ex_Ebf2_Layn_MB
Ex_Ebf2_Ifi213_1,neuron,MB,VGLUT2,MC_201:PAG and SCm neurons,Ex_Ebf2_Ifi213,Ex_Ebf2_Ifi213_MB,Ex_Ebf2_Ifi213_MB
Ex_Ebf2_Ifi213_2,neuron,MB,VGLUT2,MC_201:PAG and SCm neurons,Ex_Ebf2_Ifi213,Ex_Ebf2_Ifi213_MB,Ex_Ebf2_Ifi213_MB
Ex_Ebf2_Ifi213_3,neuron,MB,VGLUT2,MC_201:PAG and SCm neurons,Ex_Ebf2_Ifi213,Ex_Ebf2_Ifi213_MB,Ex_Ebf2_Ifi213_MB
Ex_Ebf2_Atp8b1,neuron,MB,VGLUT2,MC_201:PAG and SCm neurons,Ex_Ebf2_Atp8b1,Ex_Ebf2_Atp8b1_MB,Ex_Ebf2_Atp8b1_MB
Ex_Evx1_Cox4i2,neuron,MB,VGLUT2,"MC_202:Tegmental neurons, including cuneiform nucleus",Ex_Evx1_Cox4i2,Ex_Evx1_Cox4i2_MB,Ex_Evx1_Cox4i2_MB
Ex_Evx1_Prkcq_1,neuron,MB,VGLUT2,"MC_202:Tegmental neurons, including cuneiform nucleus",Ex_Evx1_Prkcq,Ex_Evx1_Prkcq_MB,Ex_Evx1_Prkcq_MB
Ex_Evx1_Prkcq_2,neuron,MB,VGLUT2,"MC_202:Tegmental neurons, including cuneiform nucleus",Ex_Evx1_Prkcq,Ex_Evx1_Prkcq_MB,Ex_Evx1_Prkcq_MB
Ex_Evx1_Prkcq_3,neuron,MB,VGLUT2,"MC_202:Tegmental neurons, including cuneiform nucleus",Ex_Evx1_Prkcq,Ex_Evx1_Prkcq_MB,Ex_Evx1_Prkcq_MB
Ex_Evx1_Clec9a_1,neuron,MB,VGLUT2,"MC_202:Tegmental neurons, including cuneiform nucleus",Ex_Evx1_Clec9a,Ex_Evx1_Clec9a_MB,Ex_Evx1_Clec9a_MB
Ex_Evx1_Clec9a_2,neuron,MB,VGLUT2,"MC_202:Tegmental neurons, including cuneiform nucleus",Ex_Evx1_Clec9a,Ex_Evx1_Clec9a_MB,Ex_Evx1_Clec9a_MB
Ex_Evx1_Clec9a_3,neuron,MB,VGLUT2,"MC_202:Tegmental neurons, including cuneiform nucleus",Ex_Evx1_Clec9a,Ex_Evx1_Clec9a_MB,Ex_Evx1_Clec9a_MB
Ex_Evx2_Adamts19,neuron,MB,VGLUT2,"MC_202:Tegmental neurons, including cuneiform nucleus",Ex_Evx2_Adamts19,Ex_Evx2_Adamts19_MB,Ex_Evx2_Adamts19_MB
Ex_Evx2_Chat,neuron,MB,VGLUT2,"MC_202:Tegmental neurons, including cuneiform nucleus",Ex_Evx2_Chat,Ex_Evx2_Chat_MB,Ex_Evx2_Chat_MB
Ex_Evx2_Clec9a,neuron,MB,VGLUT2,"MC_202:Tegmental neurons, including cuneiform nucleus",Ex_Evx2_Clec9a,Ex_Evx2_Clec9a_MB,Ex_Evx2_Clec9a_MB
Ex_Evx2_Ngfr,neuron,MB,VGLUT2,"MC_202:Tegmental neurons, including cuneiform nucleus",Ex_Evx2_Ngfr,Ex_Evx2_Ngfr_MB,Ex_Evx2_Ngfr_MB
Ex_Evx2_Pth2r,neuron,MB,VGLUT2,"MC_202:Tegmental neurons, including cuneiform nucleus",Ex_Evx2_Pth2r,Ex_Evx2_Pth2r_MB,Ex_Evx2_Pth2r_MB
Ex_Evx2_Krt19,neuron,MB,VGLUT2,"MC_202:Tegmental neurons, including cuneiform nucleus",Ex_Evx2_Krt19,Ex_Evx2_Krt19_MB,Ex_Evx2_Krt19_MB
Ex_Pax5_Cdkn1c,neuron,MB,VGLUT2,"MC_202:Tegmental neurons, including cuneiform nucleus",Ex_Pax5_Cdkn1c,Ex_Pax5_Cdkn1c_MB,Ex_Pax5_Cdkn1c_MB
Inh_Pax5_Sox1,neuron,MY,GABA,MC_100:Midbrain neurons,Inh_Pax5_Sox1,Inh_Pax5_Sox1_MY,Inh_Pax5_Sox1_MY
Inh_Pax5_Trh_L3mbtl4,neuron,MB,GABA,MC_100:Midbrain neurons,Inh_Pax5_Trh_L3mbtl4,Inh_Pax5_Trh_L3mbtl4_MB,Inh_Pax5_Trh_L3mbtl4_MB
Inh_Sox1_Cd40,neuron,MB,GABA,MC_100:Midbrain neurons,Inh_Sox1_Cd40,Inh_Sox1_Cd40_MB,Inh_Sox1_Cd40_MB
Inh_Sox1_Sostdc1,neuron,MB,GABA,MC_100:Midbrain neurons,Inh_Sox1_Sostdc1,Inh_Sox1_Sostdc1_MB,Inh_Sox1_Sostdc1_MB
Inh_Sox1_Pou3f1,neuron,MB,GABA,MC_100:Midbrain neurons,Inh_Sox1_Pou3f1,Inh_Sox1_Pou3f1_MB,Inh_Sox1_Pou3f1_MB
Inh_Pax5_Cdh23_Ikzf1,neuron,MB,GABA,MC_100:Midbrain neurons,Inh_Pax5_Cdh23_Ikzf1,Inh_Pax5_Cdh23_Ikzf1_MB,Inh_Pax5_Cdh23_Ikzf1_MB
Ex_Nkx6-1_Sox14,neuron,MB,VGLUT2,MC_100:Midbrain neurons,Ex_Nkx6-1_Sox14,Ex_Nkx6-1_Sox14_MB,Ex_Nkx6-1_Sox14_MB
Ex_Lmx1a_Irx3_1,neuron,HY,VGLUT2,MC_191:Hypothalamic neurons,Ex_Lmx1a_Irx3,Ex_Lmx1a_Irx3_HY,Ex_Lmx1a_Irx3_HY
Ex_Lmx1a_Irx3_2,neuron,HY,VGLUT2,MC_191:Hypothalamic neurons,Ex_Lmx1a_Irx3,Ex_Lmx1a_Irx3_HY,Ex_Lmx1a_Irx3_HY
Ex_Lmx1a_Irx3_3,neuron,MB,VGLUT2,MC_191:Hypothalamic neurons,Ex_Lmx1a_Irx3,Ex_Lmx1a_Irx3_MB,Ex_Lmx1a_Irx3_MB
Ex_Lmx1a_Irx3_4,neuron,HY,VGLUT2,MC_191:Hypothalamic neurons,Ex_Lmx1a_Irx3,Ex_Lmx1a_Irx3_HY,Ex_Lmx1a_Irx3_HY
Ex_Lmx1a_Irx3_5,neuron,HY,VGLUT2,MC_191:Hypothalamic neurons,Ex_Lmx1a_Irx3,Ex_Lmx1a_Irx3_HY,Ex_Lmx1a_Irx3_HY
Ex_Lmx1a_Irx3_6,neuron,MB,VGLUT2,MC_191:Hypothalamic neurons,Ex_Lmx1a_Irx3,Ex_Lmx1a_Irx3_MB,Ex_Lmx1a_Irx3_MB
Ex_Lmx1a_Irx3_7,neuron,HY,VGLUT2,MC_191:Hypothalamic neurons,Ex_Lmx1a_Irx3,Ex_Lmx1a_Irx3_HY,Ex_Lmx1a_Irx3_HY
Ex_Lmx1a_Arhgap36,neuron,HY,VGLUT2,MC_191:Hypothalamic neurons,Ex_Lmx1a_Arhgap36,Ex_Lmx1a_Arhgap36_HY,Ex_Lmx1a_Arhgap36_HY
Ex_Lmx1a_Rrad,neuron,HY,VGLUT2,MC_191:Hypothalamic neurons,Ex_Lmx1a_Rrad,Ex_Lmx1a_Rrad_HY,Ex_Lmx1a_Rrad_HY
Ex_Lmx1a_Ube2u_1,neuron,HY,VGLUT2,MC_191:Hypothalamic neurons,Ex_Lmx1a_Ube2u,Ex_Lmx1a_Ube2u_HY,Ex_Lmx1a_Ube2u_HY
Ex_Lmx1a_Ube2u_2,neuron,HY,VGLUT2,MC_191:Hypothalamic neurons,Ex_Lmx1a_Ube2u,Ex_Lmx1a_Ube2u_HY,Ex_Lmx1a_Ube2u_HY
Ex_Dmrta2_Arhgap36_1,neuron,MB,VGLUT2,MC_188:Hypothalamic and tegmental neurons,Ex_Dmrta2_Arhgap36,Ex_Dmrta2_Arhgap36_MB,Ex_Dmrta2_Arhgap36_MB
Ex_Dmrta2_Arhgap36_2,neuron,MB,VGLUT2,MC_188:Hypothalamic and tegmental neurons,Ex_Dmrta2_Arhgap36,Ex_Dmrta2_Arhgap36_MB,Ex_Dmrta2_Arhgap36_MB
Ex_Dmrta2_Arhgap36_3,neuron,HY,VGLUT2,MC_188:Hypothalamic and tegmental neurons,Ex_Dmrta2_Arhgap36,Ex_Dmrta2_Arhgap36_HY,Ex_Dmrta2_Arhgap36_HY
Ex_Dmrta2_Frem1,neuron,MB,VGLUT2,MC_188:Hypothalamic and tegmental neurons,Ex_Dmrta2_Frem1,Ex_Dmrta2_Frem1_MB,Ex_Dmrta2_Frem1_MB
Ex_Dmrta2_Chat,neuron,HY,VGLUT2,MC_188:Hypothalamic and tegmental neurons,Ex_Dmrta2_Chat,Ex_Dmrta2_Chat_HY,Ex_Dmrta2_Chat_HY
Ex_Dmrta2_Tgm6_1,neuron,HY,VGLUT2,MC_188:Hypothalamic and tegmental neurons,Ex_Dmrta2_Tgm6,Ex_Dmrta2_Tgm6_HY,Ex_Dmrta2_Tgm6_HY
Ex_Dmrta2_Tgm6_2,neuron,HY,VGLUT2,MC_188:Hypothalamic and tegmental neurons,Ex_Dmrta2_Tgm6,Ex_Dmrta2_Tgm6_HY,Ex_Dmrta2_Tgm6_HY
Ex_Dmrta2_Col6a6_1,neuron,HY,VGLUT2,MC_188:Hypothalamic and tegmental neurons,Ex_Dmrta2_Col6a6,Ex_Dmrta2_Col6a6_HY,Ex_Dmrta2_Col6a6_HY
Ex_Dmrta2_Col6a6_2,neuron,MB,VGLUT2,MC_188:Hypothalamic and tegmental neurons,Ex_Dmrta2_Col6a6,Ex_Dmrta2_Col6a6_MB,Ex_Dmrta2_Col6a6_MB
Ex_Dmrta2_Col6a6_3,neuron,HY,VGLUT2,MC_188:Hypothalamic and tegmental neurons,Ex_Dmrta2_Col6a6,Ex_Dmrta2_Col6a6_HY,Ex_Dmrta2_Col6a6_HY
Ex_Dmrta2_Lhx1_1,neuron,HY,VGLUT2,MC_188:Hypothalamic and tegmental neurons,Ex_Dmrta2_Lhx1,Ex_Dmrta2_Lhx1_HY,Ex_Dmrta2_Lhx1_HY
Ex_Dmrta2_Lhx1_2,neuron,MB,VGLUT2,MC_188:Hypothalamic and tegmental neurons,Ex_Dmrta2_Lhx1,Ex_Dmrta2_Lhx1_MB,Ex_Dmrta2_Lhx1_MB
Ex_Dmrta2_Lhx1_3,neuron,MB,VGLUT2,MC_188:Hypothalamic and tegmental neurons,Ex_Dmrta2_Lhx1,Ex_Dmrta2_Lhx1_MB,Ex_Dmrta2_Lhx1_MB
Ex_Dmrta2_Lhx1_4,neuron,MB,VGLUT2,MC_188:Hypothalamic and tegmental neurons,Ex_Dmrta2_Lhx1,Ex_Dmrta2_Lhx1_MB,Ex_Dmrta2_Lhx1_MB
Ex_Dmrta2_Lhx1_5,neuron,MB,VGLUT2,MC_188:Hypothalamic and tegmental neurons,Ex_Dmrta2_Lhx1,Ex_Dmrta2_Lhx1_MB,Ex_Dmrta2_Lhx1_MB
Ex_Dmrta2_Lhx1_6,neuron,HY,VGLUT2,MC_188:Hypothalamic and tegmental neurons,Ex_Dmrta2_Lhx1,Ex_Dmrta2_Lhx1_HY,Ex_Dmrta2_Lhx1_HY
Ex_Emx2_Foxa2_1,neuron,MB,VGLUT2,MC_188:Hypothalamic and tegmental neurons,Ex_Emx2_Foxa2,Ex_Emx2_Foxa2_MB,Ex_Emx2_Foxa2_MB
Ex_Emx2_Foxa2_2,neuron,HY,VGLUT2,MC_188:Hypothalamic and tegmental neurons,Ex_Emx2_Foxa2,Ex_Emx2_Foxa2_HY,Ex_Emx2_Foxa2_HY
Ex_Emx2_Foxa2_3,neuron,MB,VGLUT2,MC_188:Hypothalamic and tegmental neurons,Ex_Emx2_Foxa2,Ex_Emx2_Foxa2_MB,Ex_Emx2_Foxa2_MB
Ex_Maff_Atf3_1,neuron,MB,VGLUT2,MC_188:Hypothalamic and tegmental neurons,Ex_Maff_Atf3,Ex_Maff_Atf3_MB,Ex_Maff_Atf3_MB
Ex_Maff_Atf3_3,neuron,MB,VGLUT2,MC_188:Hypothalamic and tegmental neurons,Ex_Maff_Atf3,Ex_Maff_Atf3_MB,Ex_Maff_Atf3_MB
Ex_Emx2_Pamr1,neuron,MB,VGLUT2,MC_188:Hypothalamic and tegmental neurons,Ex_Emx2_Pamr1,Ex_Emx2_Pamr1_MB,Ex_Emx2_Pamr1_MB
Ex_Dmrta2_Fn1_1,neuron,MB,VGLUT2,MC_189:Hypothalamic and tegmental neurons,Ex_Dmrta2_Fn1,Ex_Dmrta2_Fn1_MB,Ex_Dmrta2_Fn1_MB
Ex_Dmrta2_Fn1_2,neuron,HY,VGLUT2,MC_189:Hypothalamic and tegmental neurons,Ex_Dmrta2_Fn1,Ex_Dmrta2_Fn1_HY,Ex_Dmrta2_Fn1_HY
Ex_Dmrta2_Fn1_3,neuron,MB,VGLUT2,MC_189:Hypothalamic and tegmental neurons,Ex_Dmrta2_Fn1,Ex_Dmrta2_Fn1_MB,Ex_Dmrta2_Fn1_MB
Ex_Dmrta2_Gm7271,neuron,MB,VGLUT2,MC_187:Tegmental neurons,Ex_Dmrta2_Gm7271,Ex_Dmrta2_Gm7271_MB,Ex_Dmrta2_Gm7271_MB
Ex_Dmrta2_Nmu,neuron,MB,VGLUT2,MC_187:Tegmental neurons,Ex_Dmrta2_Nmu,Ex_Dmrta2_Nmu_MB,Ex_Dmrta2_Nmu_MB
Ex_Dmrta2_Chodl_1,neuron,HY,VGLUT2,MC_187:Tegmental neurons,Ex_Dmrta2_Chodl,Ex_Dmrta2_Chodl_HY,Ex_Dmrta2_Chodl_HY
Ex_Dmrta2_Chodl_2,neuron,MB,VGLUT2,MC_187:Tegmental neurons,Ex_Dmrta2_Chodl,Ex_Dmrta2_Chodl_MB,Ex_Dmrta2_Chodl_MB
Ex_Dmrta2_Chodl_3,neuron,MB,VGLUT2,MC_187:Tegmental neurons,Ex_Dmrta2_Chodl,Ex_Dmrta2_Chodl_MB,Ex_Dmrta2_Chodl_MB
Ex_Dmrta2_Chodl_4,neuron,MB,VGLUT2,MC_187:Tegmental neurons,Ex_Dmrta2_Chodl,Ex_Dmrta2_Chodl_MB,Ex_Dmrta2_Chodl_MB
Ex_Dmrta2_Lcp1_1,neuron,MB,VGLUT2,MC_188:Hypothalamic and tegmental neurons,Ex_Dmrta2_Lcp1,Ex_Dmrta2_Lcp1_MB,Ex_Dmrta2_Lcp1_MB
Ex_Dmrta2_Lcp1_2,neuron,MB,VGLUT2,MC_188:Hypothalamic and tegmental neurons,Ex_Dmrta2_Lcp1,Ex_Dmrta2_Lcp1_MB,Ex_Dmrta2_Lcp1_MB
Ex_Dmrta2_Lcp1_3,neuron,MB,VGLUT2,MC_188:Hypothalamic and tegmental neurons,Ex_Dmrta2_Lcp1,Ex_Dmrta2_Lcp1_MB,Ex_Dmrta2_Lcp1_MB
Ex_Sim1_Maf,neuron,MB,VGLUT2,MC_189:Hypothalamic and tegmental neurons,Ex_Sim1_Maf,Ex_Sim1_Maf_MB,Ex_Sim1_Maf_MB
Ex_Sim1_Pdgfd_1,neuron,OLF,VGLUT2,MC_189:Hypothalamic and tegmental neurons,Ex_Sim1_Pdgfd,Ex_Sim1_Pdgfd_OLF,Ex_Sim1_Pdgfd_OLF
Ex_Sim1_Pdgfd_2,neuron,MB,VGLUT2,MC_189:Hypothalamic and tegmental neurons,Ex_Sim1_Pdgfd,Ex_Sim1_Pdgfd_MB,Ex_Sim1_Pdgfd_MB
Ex_Sim1_Nkx2-2_1,neuron,MB,VGLUT2,MC_189:Hypothalamic and tegmental neurons,Ex_Sim1_Nkx2-2,Ex_Sim1_Nkx2-2_MB,Ex_Sim1_Nkx2-2_MB
Ex_Sim1_Nkx2-2_2,neuron,HY,VGLUT2,MC_189:Hypothalamic and tegmental neurons,Ex_Sim1_Nkx2-2,Ex_Sim1_Nkx2-2_HY,Ex_Sim1_Nkx2-2_HY
Ex_Sim1_Nkx2-2_3,neuron,MB,VGLUT2,MC_189:Hypothalamic and tegmental neurons,Ex_Sim1_Nkx2-2,Ex_Sim1_Nkx2-2_MB,Ex_Sim1_Nkx2-2_MB
Ex_Ebf2_Entpd1,neuron,MB,VGLUT2,MC_195:Tegmental neurons,Ex_Ebf2_Entpd1,Ex_Ebf2_Entpd1_MB,Ex_Ebf2_Entpd1_MB
Ex_Sim1_Adam33_1,neuron,HY,VGLUT2,MC_195:Tegmental neurons,Ex_Sim1_Adam33,Ex_Sim1_Adam33_HY,Ex_Sim1_Adam33_HY
Ex_Sim1_Adam33_2,neuron,P,VGLUT2,MC_195:Tegmental neurons,Ex_Sim1_Adam33,Ex_Sim1_Adam33_P,Ex_Sim1_Adam33_P
Ex_Sim1_Adam33_3,neuron,MB,VGLUT2,MC_195:Tegmental neurons,Ex_Sim1_Adam33,Ex_Sim1_Adam33_MB,Ex_Sim1_Adam33_MB
Ex_Ebf2_Myzap,neuron,MB,VGLUT2,MC_195:Tegmental neurons,Ex_Ebf2_Myzap,Ex_Ebf2_Myzap_MB,Ex_Ebf2_Myzap_MB
Ex_Sim1_Ndnf_1,neuron,MB,VGLUT2,MC_195:Tegmental neurons,Ex_Sim1_Ndnf,Ex_Sim1_Ndnf_MB,Ex_Sim1_Ndnf_MB
Ex_Sim1_Ndnf_2,neuron,HY,VGLUT2,MC_195:Tegmental neurons,Ex_Sim1_Ndnf,Ex_Sim1_Ndnf_HY,Ex_Sim1_Ndnf_HY
Ex_Zfp831_Gzmk_1,neuron,MB,VGLUT2,MC_195:Tegmental neurons,Ex_Zfp831_Gzmk,Ex_Zfp831_Gzmk_MB,Ex_Zfp831_Gzmk_MB
Ex_Zfp831_Gzmk_2,neuron,HY,VGLUT2,MC_195:Tegmental neurons,Ex_Zfp831_Gzmk,Ex_Zfp831_Gzmk_HY,Ex_Zfp831_Gzmk_HY
Ex_Ebf2_Gzmk_1,neuron,HY,VGLUT2,MC_194:Posterior hypothalamic neurons,Ex_Ebf2_Gzmk,Ex_Ebf2_Gzmk_HY,Ex_Ebf2_Gzmk_HY
Ex_Ebf2_Gzmk_2,neuron,HY,VGLUT2,MC_194:Posterior hypothalamic neurons,Ex_Ebf2_Gzmk,Ex_Ebf2_Gzmk_HY,Ex_Ebf2_Gzmk_HY
Ex_Ebf2_Gzmk_3,neuron,HY,VGLUT2,MC_194:Posterior hypothalamic neurons,Ex_Ebf2_Gzmk,Ex_Ebf2_Gzmk_HY,Ex_Ebf2_Gzmk_HY
Ex_Ebf2_Gzmk_4,neuron,HY,VGLUT2,MC_194:Posterior hypothalamic neurons,Ex_Ebf2_Gzmk,Ex_Ebf2_Gzmk_HY,Ex_Ebf2_Gzmk_HY
Ex_Phox2b_Cyp26b1_1,neuron,MY,VGLUT2,MC_152:Medullary reticular neurons,Ex_Phox2b_Cyp26b1,Ex_Phox2b_Cyp26b1_MY,Ex_Phox2b_Cyp26b1_MY
Ex_Phox2b_Cyp26b1_2,neuron,MY,VGLUT2,MC_152:Medullary reticular neurons,Ex_Phox2b_Cyp26b1,Ex_Phox2b_Cyp26b1_MY,Ex_Phox2b_Cyp26b1_MY
Ex_Phox2b_Cyp26b1_3,neuron,MY,VGLUT2,MC_152:Medullary reticular neurons,Ex_Phox2b_Cyp26b1,Ex_Phox2b_Cyp26b1_MY,Ex_Phox2b_Cyp26b1_MY
Ex_Phox2b_Tlx1_1,neuron,MY,VGLUT2,MC_152:Medullary reticular neurons,Ex_Phox2b_Tlx1,Ex_Phox2b_Tlx1_MY,Ex_Phox2b_Tlx1_MY
Ex_Phox2b_Tlx1_2,neuron,MY,VGLUT2,MC_152:Medullary reticular neurons,Ex_Phox2b_Tlx1,Ex_Phox2b_Tlx1_MY,Ex_Phox2b_Tlx1_MY
Ex_Phox2b_Frem2,neuron,MY,VGLUT2,MC_152:Medullary reticular neurons,Ex_Phox2b_Frem2,Ex_Phox2b_Frem2_MY,Ex_Phox2b_Frem2_MY
Ex_Phox2b_Dsc3_1,neuron,MB,VGLUT2,MC_152:Medullary reticular neurons,Ex_Phox2b_Dsc3,Ex_Phox2b_Dsc3_MB,Ex_Phox2b_Dsc3_MB
Ex_Phox2b_Dsc3_3,neuron,MY,VGLUT2,MC_152:Medullary reticular neurons,Ex_Phox2b_Dsc3,Ex_Phox2b_Dsc3_MY,Ex_Phox2b_Dsc3_MY
Ex_Phox2b_Igfbpl1_1,neuron,,VGLUT2,MC_152:Medullary reticular neurons,Ex_Phox2b_Igfbpl1,Ex_Phox2b_Igfbpl1,Ex_Phox2b_Igfbpl1
Ex_Phox2b_Igfbpl1_2,neuron,,VGLUT2,MC_152:Medullary reticular neurons,Ex_Phox2b_Igfbpl1,Ex_Phox2b_Igfbpl1,Ex_Phox2b_Igfbpl1
Ex_Phox2b_Igfbpl1_3,neuron,MY,VGLUT2,MC_152:Medullary reticular neurons,Ex_Phox2b_Igfbpl1,Ex_Phox2b_Igfbpl1_MY,Ex_Phox2b_Igfbpl1_MY
Ex_Phox2b_Igfbpl1_4,neuron,P,VGLUT2,MC_152:Medullary reticular neurons,Ex_Phox2b_Igfbpl1,Ex_Phox2b_Igfbpl1_P,Ex_Phox2b_Igfbpl1_P
Ex_Phox2b_Igfbpl1_5,neuron,MB,VGLUT2,MC_152:Medullary reticular neurons,Ex_Phox2b_Igfbpl1,Ex_Phox2b_Igfbpl1_MB,Ex_Phox2b_Igfbpl1_MB
Ex_Phox2b_Vmn1r196,neuron,MB,VGLUT2,MC_152:Medullary reticular neurons,Ex_Phox2b_Vmn1r196,Ex_Phox2b_Vmn1r196_MB,Ex_Phox2b_Vmn1r196_MB
Ex_Phox2b_Nptx2,neuron,,VGLUT2,MC_152:Medullary reticular neurons,Ex_Phox2b_Nptx2,Ex_Phox2b_Nptx2,Ex_Phox2b_Nptx2
Ex_Tcf24_Serpina12_1,neuron,P,VGLUT2,MC_162:Pontine and medullary neurons,Ex_Tcf24_Serpina12,Ex_Tcf24_Serpina12_P,Ex_Tcf24_Serpina12_P
Ex_Tcf24_Serpina12_2,neuron,MY,VGLUT2,MC_162:Pontine and medullary neurons,Ex_Tcf24_Serpina12,Ex_Tcf24_Serpina12_MY,Ex_Tcf24_Serpina12_MY
Ex_Tcf24_Serpina12_3,neuron,MB,VGLUT2,MC_162:Pontine and medullary neurons,Ex_Tcf24_Serpina12,Ex_Tcf24_Serpina12_MB,Ex_Tcf24_Serpina12_MB
CholEx_Tcf24_Oxtr,neuron,MB,VGLUT2_CHOL,MC_162:Pontine and medullary neurons,CholEx_Tcf24_Oxtr,CholEx_Tcf24_Oxtr_MB,CholEx_Tcf24_Oxtr_MB
Ex_Tcf24_Dnajc22,neuron,MY,VGLUT2,MC_162:Pontine and medullary neurons,Ex_Tcf24_Dnajc22,Ex_Tcf24_Dnajc22_MY,Ex_Tcf24_Dnajc22_MY
Inh_Hoxa5_Galr1_1,neuron,MY,GLY,MC_120:Pontine and medullary neurons,Inh_Hoxa5_Galr1,Inh_Hoxa5_Galr1_MY,Inh_Hoxa5_Galr1_MY
Inh_Hoxa5_Galr1_2,neuron,MY,GLY,MC_120:Pontine and medullary neurons,Inh_Hoxa5_Galr1,Inh_Hoxa5_Galr1_MY,Inh_Hoxa5_Galr1_MY
Inh_Hoxa5_Galr1_3,neuron,MY,GLY,MC_120:Pontine and medullary neurons,Inh_Hoxa5_Galr1,Inh_Hoxa5_Galr1_MY,Inh_Hoxa5_Galr1_MY
Inh_Hoxa5_Bfsp2_1,neuron,MY,GLY,MC_122:Pontine and medullary neurons,Inh_Hoxa5_Bfsp2,Inh_Hoxa5_Bfsp2_MY,Inh_Hoxa5_Bfsp2_MY
Inh_Hoxa5_Bfsp2_2,neuron,MY,GLY,MC_122:Pontine and medullary neurons,Inh_Hoxa5_Bfsp2,Inh_Hoxa5_Bfsp2_MY,Inh_Hoxa5_Bfsp2_MY
Inh_Hoxa5_Dmkn,neuron,MY,GLY,MC_120:Pontine and medullary neurons,Inh_Hoxa5_Dmkn,Inh_Hoxa5_Dmkn_MY,Inh_Hoxa5_Dmkn_MY
Inh_Sp8_Sox6_1,neuron,MY,GLY,MC_128:Pontine and medullary neurons,Inh_Sp8_Sox6,Inh_Sp8_Sox6_MY,Inh_Sp8_Sox6_MY
Inh_Sp8_Sox6_2,neuron,MY,GLY,MC_128:Pontine and medullary neurons,Inh_Sp8_Sox6,Inh_Sp8_Sox6_MY,Inh_Sp8_Sox6_MY
Inh_Sp8_Sox6_3,neuron,MY,GLY,MC_128:Pontine and medullary neurons,Inh_Sp8_Sox6,Inh_Sp8_Sox6_MY,Inh_Sp8_Sox6_MY
Inh_Sp8_Vip_1,neuron,P,GLY,MC_122:Pontine and medullary neurons,Inh_Sp8_Vip,Inh_Sp8_Vip_P,Inh_Sp8_Vip_P
Inh_Sp8_Vip_2,neuron,P,GLY,MC_122:Pontine and medullary neurons,Inh_Sp8_Vip,Inh_Sp8_Vip_P,Inh_Sp8_Vip_P
Inh_Sp8_Egfr,neuron,P,GLY,MC_122:Pontine and medullary neurons,Inh_Sp8_Egfr,Inh_Sp8_Egfr_P,Inh_Sp8_Egfr_P
Ex_Hoxb8_Aldh1a2_1,neuron,MY,VGLUT2,MC_122:Pontine and medullary neurons,Ex_Hoxb8_Aldh1a2,Ex_Hoxb8_Aldh1a2_MY,Ex_Hoxb8_Aldh1a2_MY
Ex_Hoxb8_Aldh1a2_2,neuron,MY,VGLUT2,MC_122:Pontine and medullary neurons,Ex_Hoxb8_Aldh1a2,Ex_Hoxb8_Aldh1a2_MY,Ex_Hoxb8_Aldh1a2_MY
Inh_Hoxb5_C1ql2_1,neuron,MY,GLY,MC_127:Pontine and medullary neurons,Inh_Hoxb5_C1ql2,Inh_Hoxb5_C1ql2_MY,Inh_Hoxb5_C1ql2_MY
Inh_Hoxb5_C1ql2_2,neuron,MY,GLY,MC_127:Pontine and medullary neurons,Inh_Hoxb5_C1ql2,Inh_Hoxb5_C1ql2_MY,Inh_Hoxb5_C1ql2_MY
Inh_Hoxb5_Qrfpr_1,neuron,MY,GLY,MC_127:Pontine and medullary neurons,Inh_Hoxb5_Qrfpr,Inh_Hoxb5_Qrfpr_MY,Inh_Hoxb5_Qrfpr_MY
Inh_Hoxb5_Qrfpr_2,neuron,MY,GLY,MC_127:Pontine and medullary neurons,Inh_Hoxb5_Qrfpr,Inh_Hoxb5_Qrfpr_MY,Inh_Hoxb5_Qrfpr_MY
Inh_Hoxb5_Qrfpr_3,neuron,MY,GLY,MC_127:Pontine and medullary neurons,Inh_Hoxb5_Qrfpr,Inh_Hoxb5_Qrfpr_MY,Inh_Hoxb5_Qrfpr_MY
Ex_Ebf2_Sp5_1,neuron,MB,VGLUT2,MC_200:PAG and SCm neurons,Ex_Ebf2_Sp5,Ex_Ebf2_Sp5_MB,Ex_Ebf2_Sp5_MB
Ex_Ebf2_Sp5_2,neuron,MB,VGLUT2,MC_200:PAG and SCm neurons,Ex_Ebf2_Sp5,Ex_Ebf2_Sp5_MB,Ex_Ebf2_Sp5_MB
Ex_Ebf2_Sp5_3,neuron,MB,VGLUT2,MC_200:PAG and SCm neurons,Ex_Ebf2_Sp5,Ex_Ebf2_Sp5_MB,Ex_Ebf2_Sp5_MB
Ex_Ebf2_Sp5_4,neuron,MB,VGLUT2,MC_200:PAG and SCm neurons,Ex_Ebf2_Sp5,Ex_Ebf2_Sp5_MB,Ex_Ebf2_Sp5_MB
Ex_Ebf2_Sp5_5,neuron,MB,VGLUT2,MC_200:PAG and SCm neurons,Ex_Ebf2_Sp5,Ex_Ebf2_Sp5_MB,Ex_Ebf2_Sp5_MB
Ex_Ebf2_Sp5_6,neuron,MB,VGLUT2,MC_200:PAG and SCm neurons,Ex_Ebf2_Sp5,Ex_Ebf2_Sp5_MB,Ex_Ebf2_Sp5_MB
Ex_Ebf2_Sp5_7,neuron,MB,VGLUT2,MC_200:PAG and SCm neurons,Ex_Ebf2_Sp5,Ex_Ebf2_Sp5_MB,Ex_Ebf2_Sp5_MB
Ex_Ebf2_Sp5_8,neuron,MB,VGLUT2,MC_200:PAG and SCm neurons,Ex_Ebf2_Sp5,Ex_Ebf2_Sp5_MB,Ex_Ebf2_Sp5_MB
Ex_Ebf2_Mybpc1,neuron,MB,VGLUT2,MC_200:PAG and SCm neurons,Ex_Ebf2_Mybpc1,Ex_Ebf2_Mybpc1_MB,Ex_Ebf2_Mybpc1_MB
Ex_Ebf2_Slc5a7,neuron,MB,VGLUT2,MC_200:PAG and SCm neurons,Ex_Ebf2_Slc5a7,Ex_Ebf2_Slc5a7_MB,Ex_Ebf2_Slc5a7_MB
Ex_Ebf2_Ltbp1_1,neuron,MB,VGLUT2,MC_200:PAG and SCm neurons,Ex_Ebf2_Ltbp1,Ex_Ebf2_Ltbp1_MB,Ex_Ebf2_Ltbp1_MB
Ex_Ebf2_Ltbp1_2,neuron,MB,VGLUT2,MC_200:PAG and SCm neurons,Ex_Ebf2_Ltbp1,Ex_Ebf2_Ltbp1_MB,Ex_Ebf2_Ltbp1_MB
Ex_Ebf2_Ltbp1_3,neuron,MB,VGLUT2,MC_200:PAG and SCm neurons,Ex_Ebf2_Ltbp1,Ex_Ebf2_Ltbp1_MB,Ex_Ebf2_Ltbp1_MB
Ex_Ebf2_Nr1h4,neuron,MB,VGLUT2,MC_200:PAG and SCm neurons,Ex_Ebf2_Nr1h4,Ex_Ebf2_Nr1h4_MB,Ex_Ebf2_Nr1h4_MB
Ex_Ebf2_Fgfr4,neuron,MB,VGLUT2,MC_200:PAG and SCm neurons,Ex_Ebf2_Fgfr4,Ex_Ebf2_Fgfr4_MB,Ex_Ebf2_Fgfr4_MB
Inh_Pax3_Svs5_1,neuron,MB,GABA,MC_90:Midbrain neurons,Inh_Pax3_Svs5,Inh_Pax3_Svs5_MB,Inh_Pax3_Svs5_MB
Inh_Pax3_Igfbpl1_1,neuron,MB,GABA,MC_90:Midbrain neurons,Inh_Pax3_Igfbpl1,Inh_Pax3_Igfbpl1_MB,Inh_Pax3_Igfbpl1_MB
Inh_Pax3_Igfbpl1_2,neuron,MB,GABA,MC_90:Midbrain neurons,Inh_Pax3_Igfbpl1,Inh_Pax3_Igfbpl1_MB,Inh_Pax3_Igfbpl1_MB
Inh_Pax3_Igfbpl1_3,neuron,MB,GABA,MC_90:Midbrain neurons,Inh_Pax3_Igfbpl1,Inh_Pax3_Igfbpl1_MB,Inh_Pax3_Igfbpl1_MB
Inh_Pax3_Npy,neuron,MB,GABA,MC_90:Midbrain neurons,Inh_Pax3_Npy,Inh_Pax3_Npy_MB,Inh_Pax3_Npy_MB
Inh_Pax3_Galnt15,neuron,MB,GABA,MC_90:Midbrain neurons,Inh_Pax3_Galnt15,Inh_Pax3_Galnt15_MB,Inh_Pax3_Galnt15_MB
Inh_Emx2_Tfap2a,neuron,MB,GABA,MC_96:Midbrain neurons,Inh_Emx2_Tfap2a,Inh_Emx2_Tfap2a_MB,Inh_Emx2_Tfap2a_MB
Inh_Dmbx1_Gem_1,neuron,MB,GABA,MC_89:Tectal neurons,Inh_Dmbx1_Gem,Inh_Dmbx1_Gem_MB,Inh_Dmbx1_Gem_MB
Inh_Dmbx1_Gem_2,neuron,MB,GABA,MC_89:Tectal neurons,Inh_Dmbx1_Gem,Inh_Dmbx1_Gem_MB,Inh_Dmbx1_Gem_MB
Inh_Dmbx1_Sox2_1,neuron,,GABA,MC_89:Tectal neurons,Inh_Dmbx1_Sox2,Inh_Dmbx1_Sox2,Inh_Dmbx1_Sox2
Inh_Dmbx1_Sox2_2,neuron,MB,GABA,MC_89:Tectal neurons,Inh_Dmbx1_Sox2,Inh_Dmbx1_Sox2_MB,Inh_Dmbx1_Sox2_MB
Ex_Sall1_C1ql1_1,neuron,P,VGLUT2,MC_159:Pontine and medullary reticular neurons,Ex_Sall1_C1ql1,Ex_Sall1_C1ql1_P,Ex_Sall1_C1ql1_P
Ex_Sall1_C1ql1_2,neuron,P,VGLUT2,MC_159:Pontine and medullary reticular neurons,Ex_Sall1_C1ql1,Ex_Sall1_C1ql1_P,Ex_Sall1_C1ql1_P
Inh_Irx5_Shisal2b_1,neuron,P,GABA,MC_124:Pontine and medullary neurons,Inh_Irx5_Shisal2b,Inh_Irx5_Shisal2b_P,Inh_Irx5_Shisal2b_P
Inh_Irx5_Shisal2b_2,neuron,P,GLY,MC_124:Pontine and medullary neurons,Inh_Irx5_Shisal2b,Inh_Irx5_Shisal2b_P,Inh_Irx5_Shisal2b_P
Inh_Irx5_Shisal2b_3,neuron,P,GLY,MC_124:Pontine and medullary neurons,Inh_Irx5_Shisal2b,Inh_Irx5_Shisal2b_P,Inh_Irx5_Shisal2b_P
Inh_Gata3_Gsc2_1,neuron,MB,GABA,MC_107:Pontine and medullary neurons,Inh_Gata3_Gsc2,Inh_Gata3_Gsc2_MB,Inh_Gata3_Gsc2_MB
Inh_Gata3_Frem2,neuron,P,GABA,MC_107:Pontine and medullary neurons,Inh_Gata3_Frem2,Inh_Gata3_Frem2_P,Inh_Gata3_Frem2_P
Inh_Gata3_Gsc2_2,neuron,HY,GABA,MC_107:Pontine and medullary neurons,Inh_Gata3_Gsc2,Inh_Gata3_Gsc2_HY,Inh_Gata3_Gsc2_HY
Inh_Gata3_Gsc2_3,neuron,MB,GABA,MC_107:Pontine and medullary neurons,Inh_Gata3_Gsc2,Inh_Gata3_Gsc2_MB,Inh_Gata3_Gsc2_MB
Inh_Gata3_Gsc2_4,neuron,MB,GABA,MC_107:Pontine and medullary neurons,Inh_Gata3_Gsc2,Inh_Gata3_Gsc2_MB,Inh_Gata3_Gsc2_MB
Inh_Gata3_Otx1_Pdlim3_1,neuron,P,GABA,MC_107:Pontine and medullary neurons,Inh_Gata3_Otx1_Pdlim3,Inh_Gata3_Otx1_Pdlim3_P,Inh_Gata3_Otx1_Pdlim3_P
Inh_Gata3_Otx1_Pdlim3_2,neuron,,GABA,MC_107:Pontine and medullary neurons,Inh_Gata3_Otx1_Pdlim3,Inh_Gata3_Otx1_Pdlim3,Inh_Gata3_Otx1_Pdlim3
Inh_Gata3_Otx1_Pdlim3_3,neuron,MB,GABA,MC_107:Pontine and medullary neurons,Inh_Gata3_Otx1_Pdlim3,Inh_Gata3_Otx1_Pdlim3_MB,Inh_Gata3_Otx1_Pdlim3_MB
Inh_Gata3_Lrat,neuron,MB,GABA,MC_107:Pontine and medullary neurons,Inh_Gata3_Lrat,Inh_Gata3_Lrat_MB,Inh_Gata3_Lrat_MB
Inh_Gata3_Pdlim3_4,neuron,MB,GLY,MC_107:Pontine and medullary neurons,Inh_Gata3_Pdlim3,Inh_Gata3_Pdlim3_MB,Inh_Gata3_Pdlim3_MB
Inh_Gata3_Pdlim3_5,neuron,MB,GABA,MC_107:Pontine and medullary neurons,Inh_Gata3_Pdlim3,Inh_Gata3_Pdlim3_MB,Inh_Gata3_Pdlim3_MB
Ex_Phox2b_Hgf,neuron,MB,VGLUT2,"MC_167:Pontine and medullary neurons, primarily nucleus solitarius",Ex_Phox2b_Hgf,Ex_Phox2b_Hgf_MB,Ex_Phox2b_Hgf_MB
Ex_Phox2b_Nmu,neuron,P,VGLUT2,"MC_167:Pontine and medullary neurons, primarily nucleus solitarius",Ex_Phox2b_Nmu,Ex_Phox2b_Nmu_P,Ex_Phox2b_Nmu_P
Ex_Phox2b_Avpr1a,neuron,,VGLUT2,"MC_167:Pontine and medullary neurons, primarily nucleus solitarius",Ex_Phox2b_Avpr1a,Ex_Phox2b_Avpr1a,Ex_Phox2b_Avpr1a
Ex_Phox2b_Chodl,neuron,MB,VGLUT2,"MC_167:Pontine and medullary neurons, primarily nucleus solitarius",Ex_Phox2b_Chodl,Ex_Phox2b_Chodl_MB,Ex_Phox2b_Chodl_MB
Ex_Phox2b_Slitrk6,neuron,,VGLUT2,"MC_167:Pontine and medullary neurons, primarily nucleus solitarius",Ex_Phox2b_Slitrk6,Ex_Phox2b_Slitrk6,Ex_Phox2b_Slitrk6
Ex_Phox2b_Alkal2_1,neuron,P,VGLUT2,"MC_167:Pontine and medullary neurons, primarily nucleus solitarius",Ex_Phox2b_Alkal2,Ex_Phox2b_Alkal2_P,Ex_Phox2b_Alkal2_P
Ex_Phox2b_Kcnj2_1,neuron,P,VGLUT2,"MC_167:Pontine and medullary neurons, primarily nucleus solitarius",Ex_Phox2b_Kcnj2,Ex_Phox2b_Kcnj2_P,Ex_Phox2b_Kcnj2_P
Ex_Phox2b_Alkal2_2,neuron,P,VGLUT2,"MC_167:Pontine and medullary neurons, primarily nucleus solitarius",Ex_Phox2b_Alkal2,Ex_Phox2b_Alkal2_P,Ex_Phox2b_Alkal2_P
Ex_Phox2b_Kcnj2_2,neuron,MY,VGLUT2,"MC_167:Pontine and medullary neurons, primarily nucleus solitarius",Ex_Phox2b_Kcnj2,Ex_Phox2b_Kcnj2_MY,Ex_Phox2b_Kcnj2_MY
Ex_Phox2b_Adamtsl1_Col6a2,neuron,MB,VGLUT2,"MC_167:Pontine and medullary neurons, primarily nucleus solitarius",Ex_Phox2b_Adamtsl1_Col6a2,Ex_Phox2b_Adamtsl1_Col6a2_MB,Ex_Phox2b_Adamtsl1_Col6a2_MB
Ex_Phox2b_Gdpd2,neuron,P,VGLUT2,"MC_167:Pontine and medullary neurons, primarily nucleus solitarius",Ex_Phox2b_Gdpd2,Ex_Phox2b_Gdpd2_P,Ex_Phox2b_Gdpd2_P
Ex_Phox2b_Ddit4l,neuron,P,VGLUT2,"MC_167:Pontine and medullary neurons, primarily nucleus solitarius",Ex_Phox2b_Ddit4l,Ex_Phox2b_Ddit4l_P,Ex_Phox2b_Ddit4l_P
Ex_Phox2b_Slc6a2,neuron,MB,VGLUT2,"MC_167:Pontine and medullary neurons, primarily nucleus solitarius",Ex_Phox2b_Slc6a2,Ex_Phox2b_Slc6a2_MB,Ex_Phox2b_Slc6a2_MB
Ex_Phox2b_Npb,neuron,,VGLUT2,"MC_167:Pontine and medullary neurons, primarily nucleus solitarius",Ex_Phox2b_Npb,Ex_Phox2b_Npb,Ex_Phox2b_Npb
CholEx_Onecut2_Crabp1_1,neuron,MY,VGLUT2_CHOL,"MC_175:Medullary neurons, primarily nucleus of the solitary tract",CholEx_Onecut2_Crabp1,CholEx_Onecut2_Crabp1_MY,CholEx_Onecut2_Crabp1_MY
CholEx_Onecut2_Crabp1_2,neuron,MY,VGLUT2_CHOL,"MC_175:Medullary neurons, primarily nucleus of the solitary tract",CholEx_Onecut2_Crabp1,CholEx_Onecut2_Crabp1_MY,CholEx_Onecut2_Crabp1_MY
CholEx_Onecut2_Crabp1_3,neuron,MY,VGLUT2_CHOL,"MC_175:Medullary neurons, primarily nucleus of the solitary tract",CholEx_Onecut2_Crabp1,CholEx_Onecut2_Crabp1_MY,CholEx_Onecut2_Crabp1_MY
CholEx_Onecut2_Tnfrsf15,neuron,MY,VGLUT2_CHOL,"MC_175:Medullary neurons, primarily nucleus of the solitary tract",CholEx_Onecut2_Tnfrsf15,CholEx_Onecut2_Tnfrsf15_MY,CholEx_Onecut2_Tnfrsf15_MY
Ex_Onecut2_Hmx3_Trim6_1,neuron,,VGLUT2,MC_176:Reticular medullary neurons,Ex_Onecut2_Hmx3_Trim6,Ex_Onecut2_Hmx3_Trim6,Ex_Onecut2_Hmx3_Trim6
Ex_Onecut2_Hmx3_Trim6_2,neuron,,VGLUT2,MC_176:Reticular medullary neurons,Ex_Onecut2_Hmx3_Trim6,Ex_Onecut2_Hmx3_Trim6,Ex_Onecut2_Hmx3_Trim6
Ex_Onecut2_Hmx3_Dmbx1_1,neuron,MY,VGLUT2,"MC_175:Medullary neurons, primarily nucleus of the solitary tract",Ex_Onecut2_Hmx3_Dmbx1,Ex_Onecut2_Hmx3_Dmbx1_MY,Ex_Onecut2_Hmx3_Dmbx1_MY
Ex_Onecut2_Hmx3_Dmbx1_2,neuron,MY,VGLUT2,"MC_175:Medullary neurons, primarily nucleus of the solitary tract",Ex_Onecut2_Hmx3_Dmbx1,Ex_Onecut2_Hmx3_Dmbx1_MY,Ex_Onecut2_Hmx3_Dmbx1_MY
Ex_Onecut2_Hmx3_Adamtsl3_1,neuron,MB,VGLUT2,MC_176:Reticular medullary neurons,Ex_Onecut2_Hmx3_Adamtsl3,Ex_Onecut2_Hmx3_Adamtsl3_MB,Ex_Onecut2_Hmx3_Adamtsl3_MB
Ex_Onecut2_Hmx3_Adamtsl3_2,neuron,MY,VGLUT2,MC_176:Reticular medullary neurons,Ex_Onecut2_Hmx3_Adamtsl3,Ex_Onecut2_Hmx3_Adamtsl3_MY,Ex_Onecut2_Hmx3_Adamtsl3_MY
Ex_Onecut2_Hmx3_Adamtsl3_3,neuron,MY,VGLUT2,MC_176:Reticular medullary neurons,Ex_Onecut2_Hmx3_Adamtsl3,Ex_Onecut2_Hmx3_Adamtsl3_MY,Ex_Onecut2_Hmx3_Adamtsl3_MY
Ex_Onecut2_Hmx3_Trim6_3,neuron,MY,VGLUT2,MC_176:Reticular medullary neurons,Ex_Onecut2_Hmx3_Trim6,Ex_Onecut2_Hmx3_Trim6_MY,Ex_Onecut2_Hmx3_Trim6_MY
Ex_Onecut2_Galnt14,neuron,MY,VGLUT2,MC_176:Reticular medullary neurons,Ex_Onecut2_Galnt14,Ex_Onecut2_Galnt14_MY,Ex_Onecut2_Galnt14_MY
Inh_Gata3_Arid3c,neuron,MY,VGLUT3_GLY,MC_111:Pontine and medullary neurons,Inh_Gata3_Arid3c,Inh_Gata3_Arid3c_MY,Inh_Gata3_Arid3c_MY
Inh_Gata3_Tnc_1,neuron,MY,GLY,MC_111:Pontine and medullary neurons,Inh_Gata3_Tnc,Inh_Gata3_Tnc_MY,Inh_Gata3_Tnc_MY
Inh_Gata3_Tnc_2,neuron,MY,GLY,MC_111:Pontine and medullary neurons,Inh_Gata3_Tnc,Inh_Gata3_Tnc_MY,Inh_Gata3_Tnc_MY
Inh_Gata3_Msx1_1,neuron,MY,GLY,MC_111:Pontine and medullary neurons,Inh_Gata3_Msx1,Inh_Gata3_Msx1_MY,Inh_Gata3_Msx1_MY
Inh_Gata3_Msx1_2,neuron,MY,GLY,MC_111:Pontine and medullary neurons,Inh_Gata3_Msx1,Inh_Gata3_Msx1_MY,Inh_Gata3_Msx1_MY
Inh_Gata3_Msx1_3,neuron,MY,GLY,MC_111:Pontine and medullary neurons,Inh_Gata3_Msx1,Inh_Gata3_Msx1_MY,Inh_Gata3_Msx1_MY
Inh_Gata3_Msx1_4,neuron,MY,GLY,MC_111:Pontine and medullary neurons,Inh_Gata3_Msx1,Inh_Gata3_Msx1_MY,Inh_Gata3_Msx1_MY
Inh_Gata2_Arid3c_1,neuron,MY,GLY,MC_123:Pontine and medullary neurons,Inh_Gata2_Arid3c,Inh_Gata2_Arid3c_MY,Inh_Gata2_Arid3c_MY
Inh_Gata2_Arid3c_2,neuron,MY,GLY,MC_123:Pontine and medullary neurons,Inh_Gata2_Arid3c,Inh_Gata2_Arid3c_MY,Inh_Gata2_Arid3c_MY
Inh_Gata2_Gxylt2_1,neuron,MY,GLY,MC_123:Pontine and medullary neurons,Inh_Gata2_Gxylt2,Inh_Gata2_Gxylt2_MY,Inh_Gata2_Gxylt2_MY
Inh_Gata2_Gxylt2_2,neuron,MY,GLY,MC_123:Pontine and medullary neurons,Inh_Gata2_Gxylt2,Inh_Gata2_Gxylt2_MY,Inh_Gata2_Gxylt2_MY
Ex_Tfap2d_Npnt_1,neuron,MB,VGLUT2,MC_212:Tectal neurons,Ex_Tfap2d_Npnt,Ex_Tfap2d_Npnt_MB,Ex_Tfap2d_Npnt_MB
Ex_Tfap2d_Npnt_2,neuron,MB,VGLUT2,MC_212:Tectal neurons,Ex_Tfap2d_Npnt,Ex_Tfap2d_Npnt_MB,Ex_Tfap2d_Npnt_MB
Ex_Tfap2d_Npnt_3,neuron,MB,VGLUT2,MC_212:Tectal neurons,Ex_Tfap2d_Npnt,Ex_Tfap2d_Npnt_MB,Ex_Tfap2d_Npnt_MB
Ex_Tfap2d_Npnt_4,neuron,MB,VGLUT2,MC_212:Tectal neurons,Ex_Tfap2d_Npnt,Ex_Tfap2d_Npnt_MB,Ex_Tfap2d_Npnt_MB
Ex_Tfap2d_Npnt_5,neuron,HY,VGLUT2,MC_212:Tectal neurons,Ex_Tfap2d_Npnt,Ex_Tfap2d_Npnt_HY,Ex_Tfap2d_Npnt_HY
Ex_Tfap2d_Npnt_6,neuron,,VGLUT2,MC_212:Tectal neurons,Ex_Tfap2d_Npnt,Ex_Tfap2d_Npnt,Ex_Tfap2d_Npnt
Ex_Onecut3_Apela,neuron,,VGLUT2,MC_212:Tectal neurons,Ex_Onecut3_Apela,Ex_Onecut3_Apela,Ex_Onecut3_Apela
Ex_Tfap2d_Lama1,neuron,OLF,VGLUT2,MC_212:Tectal neurons,Ex_Tfap2d_Lama1,Ex_Tfap2d_Lama1_OLF,Ex_Tfap2d_Lama1_OLF
Ex_Irx2_Proser2,neuron,MB,VGLUT2,MC_212:Tectal neurons,Ex_Irx2_Proser2,Ex_Irx2_Proser2_MB,Ex_Irx2_Proser2_MB
Ex_Onecut3_Htr5b,neuron,MB,VGLUT2,MC_214:Lateral habenular neurons,Ex_Onecut3_Htr5b,Ex_Onecut3_Htr5b_MB,Ex_Onecut3_Htr5b_MB
Ex_Ebf2_Postn,neuron,,VGLUT2,MC_72:Triangular septal nucleus neurons,Ex_Ebf2_Postn,Ex_Ebf2_Postn,Ex_Ebf2_Postn
Ex_Tfap2d_Slc38a4_1,neuron,MB,VGLUT2,MC_212:Tectal neurons,Ex_Tfap2d_Slc38a4,Ex_Tfap2d_Slc38a4_MB,Ex_Tfap2d_Slc38a4_MB
Ex_Tfap2d_Slc38a4_2,neuron,TH,VGLUT2,MC_212:Tectal neurons,Ex_Tfap2d_Slc38a4,Ex_Tfap2d_Slc38a4_TH,Ex_Tfap2d_Slc38a4_TH
Ex_Tfap2d_Mab21l2_1,neuron,MB,VGLUT2,MC_212:Tectal neurons,Ex_Tfap2d_Mab21l2,Ex_Tfap2d_Mab21l2_MB,Ex_Tfap2d_Mab21l2_MB
Ex_Tfap2d_Mab21l2_2,neuron,MB,VGLUT2,MC_212:Tectal neurons,Ex_Tfap2d_Mab21l2,Ex_Tfap2d_Mab21l2_MB,Ex_Tfap2d_Mab21l2_MB
Ex_Defb1_Fgf17,neuron,MB,VGLUT2,MC_212:Tectal neurons,Ex_Defb1_Fgf17,Ex_Defb1_Fgf17_MB,Ex_Defb1_Fgf17_MB
Ex_Tfap2d_Mgst2_1,neuron,MB,VGLUT2,MC_209:Tectal neurons,Ex_Tfap2d_Mgst2,Ex_Tfap2d_Mgst2_MB,Ex_Tfap2d_Mgst2_MB
Ex_Tfap2d_Mgst2_2,neuron,HY,VGLUT2,MC_209:Tectal neurons,Ex_Tfap2d_Mgst2,Ex_Tfap2d_Mgst2_HY,Ex_Tfap2d_Mgst2_HY
Ex_Tfap2d_Mgst2_3,neuron,,VGLUT2,MC_209:Tectal neurons,Ex_Tfap2d_Mgst2,Ex_Tfap2d_Mgst2,Ex_Tfap2d_Mgst2
Ex_Tfap2d_Bhlhe23,neuron,MB,VGLUT2,MC_209:Tectal neurons,Ex_Tfap2d_Bhlhe23,Ex_Tfap2d_Bhlhe23_MB,Ex_Tfap2d_Bhlhe23_MB
Ex_Tfap2d_Pirt_1,neuron,MB,VGLUT2,MC_209:Tectal neurons,Ex_Tfap2d_Pirt,Ex_Tfap2d_Pirt_MB,Ex_Tfap2d_Pirt_MB
Ex_Tfap2d_Pirt_2,neuron,TH,VGLUT2,MC_209:Tectal neurons,Ex_Tfap2d_Pirt,Ex_Tfap2d_Pirt_TH,Ex_Tfap2d_Pirt_TH
Ex_Tfap2d_Pirt_3,neuron,,VGLUT2,MC_209:Tectal neurons,Ex_Tfap2d_Pirt,Ex_Tfap2d_Pirt,Ex_Tfap2d_Pirt
Ex_Tfap2d_Pirt_4,neuron,MB,VGLUT2,MC_209:Tectal neurons,Ex_Tfap2d_Pirt,Ex_Tfap2d_Pirt_MB,Ex_Tfap2d_Pirt_MB
Ex_Tfap2d_St14,neuron,MB,VGLUT2,MC_209:Tectal neurons,Ex_Tfap2d_St14,Ex_Tfap2d_St14_MB,Ex_Tfap2d_St14_MB
Ex_Tfap2d_Pirt_5,neuron,MB,VGLUT2,MC_209:Tectal neurons,Ex_Tfap2d_Pirt,Ex_Tfap2d_Pirt_MB,Ex_Tfap2d_Pirt_MB
Ex_Tfap2d_Pirt_6,neuron,,VGLUT2,MC_209:Tectal neurons,Ex_Tfap2d_Pirt,Ex_Tfap2d_Pirt,Ex_Tfap2d_Pirt
Ex_Tfap2d_Pirt_7,neuron,MB,VGLUT2,MC_209:Tectal neurons,Ex_Tfap2d_Pirt,Ex_Tfap2d_Pirt_MB,Ex_Tfap2d_Pirt_MB
Ex_Tfap2d_Sema3d_1,neuron,HY,VGLUT2,MC_209:Tectal neurons,Ex_Tfap2d_Sema3d,Ex_Tfap2d_Sema3d_HY,Ex_Tfap2d_Sema3d_HY
Ex_Tfap2d_Sema3d_2,neuron,MB,VGLUT2,MC_209:Tectal neurons,Ex_Tfap2d_Sema3d,Ex_Tfap2d_Sema3d_MB,Ex_Tfap2d_Sema3d_MB
Ex_Tfap2d_Sema3d_3,neuron,PAL,VGLUT2,MC_209:Tectal neurons,Ex_Tfap2d_Sema3d,Ex_Tfap2d_Sema3d_PAL,Ex_Tfap2d_Sema3d_PAL
Ex_Tfap2d_Sema3d_4,neuron,,VGLUT2,MC_209:Tectal neurons,Ex_Tfap2d_Sema3d,Ex_Tfap2d_Sema3d,Ex_Tfap2d_Sema3d
Ex_Pax6_Casp1,neuron,HY,VGLUT2,MC_74:Midbrain neurons,Ex_Pax6_Casp1,Ex_Pax6_Casp1_HY,Ex_Pax6_Casp1_HY
Ex_Pax6_Cfap77_1,neuron,MB,VGLUT2,MC_74:Midbrain neurons,Ex_Pax6_Cfap77,Ex_Pax6_Cfap77_MB,Ex_Pax6_Cfap77_MB
Ex_Pitx2_Nkx2-2_1,neuron,MB,VGLUT2,MC_189:Hypothalamic and tegmental neurons,Ex_Pitx2_Nkx2-2,Ex_Pitx2_Nkx2-2_MB,Ex_Pitx2_Nkx2-2_MB
Ex_Pitx2_Nkx2-2_2,neuron,,VGLUT2,MC_189:Hypothalamic and tegmental neurons,Ex_Pitx2_Nkx2-2,Ex_Pitx2_Nkx2-2,Ex_Pitx2_Nkx2-2
Ex_Pitx2_Nkx2-2_3,neuron,MB,VGLUT2,MC_189:Hypothalamic and tegmental neurons,Ex_Pitx2_Nkx2-2,Ex_Pitx2_Nkx2-2_MB,Ex_Pitx2_Nkx2-2_MB
Ex_Pitx2_Nkx2-2_4,neuron,MB,VGLUT2,MC_189:Hypothalamic and tegmental neurons,Ex_Pitx2_Nkx2-2,Ex_Pitx2_Nkx2-2_MB,Ex_Pitx2_Nkx2-2_MB
Ex_Pitx2_Nkx2-2_5,neuron,MB,VGLUT2,MC_189:Hypothalamic and tegmental neurons,Ex_Pitx2_Nkx2-2,Ex_Pitx2_Nkx2-2_MB,Ex_Pitx2_Nkx2-2_MB
Ex_Pax6_Cfap77_2,neuron,MB,VGLUT2,MC_201:PAG and SCm neurons,Ex_Pax6_Cfap77,Ex_Pax6_Cfap77_MB,Ex_Pax6_Cfap77_MB
Ex_Pax6_Tmc1,neuron,HY,VGLUT2,MC_201:PAG and SCm neurons,Ex_Pax6_Tmc1,Ex_Pax6_Tmc1_HY,Ex_Pax6_Tmc1_HY
Ex_Pax6_Mtnr1a,neuron,MB,VGLUT2,MC_201:PAG and SCm neurons,Ex_Pax6_Mtnr1a,Ex_Pax6_Mtnr1a_MB,Ex_Pax6_Mtnr1a_MB
Ex_Pax6_Otx1_1,neuron,MB,VGLUT2,MC_201:PAG and SCm neurons,Ex_Pax6_Otx1,Ex_Pax6_Otx1_MB,Ex_Pax6_Otx1_MB
Ex_Pax6_Otx1_2,neuron,MB,VGLUT2,MC_201:PAG and SCm neurons,Ex_Pax6_Otx1,Ex_Pax6_Otx1_MB,Ex_Pax6_Otx1_MB
Ex_Pax6_Otx1_3,neuron,HY,VGLUT2,MC_201:PAG and SCm neurons,Ex_Pax6_Otx1,Ex_Pax6_Otx1_HY,Ex_Pax6_Otx1_HY
Ex_Pitx2_Zfp366,neuron,MB,VGLUT2,"MC_197:Hypothalamic neurons, primarily periventricular and mammilary nuclei",Ex_Pitx2_Zfp366,Ex_Pitx2_Zfp366_MB,Ex_Pitx2_Zfp366_MB
Ex_Pitx2_Skor2,neuron,HY,VGLUT2,"MC_197:Hypothalamic neurons, primarily periventricular and mammilary nuclei",Ex_Pitx2_Skor2,Ex_Pitx2_Skor2_HY,Ex_Pitx2_Skor2_HY
Ex_Pitx2_Cd40,neuron,HY,VGLUT2,"MC_197:Hypothalamic neurons, primarily periventricular and mammilary nuclei",Ex_Pitx2_Cd40,Ex_Pitx2_Cd40_HY,Ex_Pitx2_Cd40_HY
Ex_Vsx2_Lhx4_1,neuron,MB,VGLUT2,MC_198:Brainstem neurons,Ex_Vsx2_Lhx4,Ex_Vsx2_Lhx4_MB,Ex_Vsx2_Lhx4_MB
Ex_Vsx2_Lhx4_2,neuron,P,VGLUT2,MC_198:Brainstem neurons,Ex_Vsx2_Lhx4,Ex_Vsx2_Lhx4_P,Ex_Vsx2_Lhx4_P
Ex_Vsx2_Lhx4_3,neuron,MB,VGLUT2,MC_198:Brainstem neurons,Ex_Vsx2_Lhx4,Ex_Vsx2_Lhx4_MB,Ex_Vsx2_Lhx4_MB
Ex_Vsx2_Lhx4_4,neuron,MB,VGLUT2,MC_198:Brainstem neurons,Ex_Vsx2_Lhx4,Ex_Vsx2_Lhx4_MB,Ex_Vsx2_Lhx4_MB
Ex_Vsx2_Lhx4_5,neuron,MB,VGLUT2,MC_198:Brainstem neurons,Ex_Vsx2_Lhx4,Ex_Vsx2_Lhx4_MB,Ex_Vsx2_Lhx4_MB
Ex_Phox2b_Prrxl1,neuron,MY,VGLUT2,MC_168:Pontine and medullary neurons,Ex_Phox2b_Prrxl1,Ex_Phox2b_Prrxl1_MY,Ex_Phox2b_Prrxl1_MY
Ex_Phox2b_Il15,neuron,,VGLUT2,"MC_164:Pontine and medullary neurons, primarily nucleus solitarius",Ex_Phox2b_Il15,Ex_Phox2b_Il15,Ex_Phox2b_Il15
Ex_Phox2b_Col6a5,neuron,,VGLUT2,"MC_164:Pontine and medullary neurons, primarily nucleus solitarius",Ex_Phox2b_Col6a5,Ex_Phox2b_Col6a5,Ex_Phox2b_Col6a5
Ex_Lmx1b_Adam33_1,neuron,P,VGLUT2,MC_60:Brainstem neurons,Ex_Lmx1b_Adam33,Ex_Lmx1b_Adam33_P,Ex_Lmx1b_Adam33_P
Ex_Lmx1b_Adam33_2,neuron,,VGLUT2,MC_60:Brainstem neurons,Ex_Lmx1b_Adam33,Ex_Lmx1b_Adam33,Ex_Lmx1b_Adam33
Inh_Pax2_Chrna6_1,neuron,MY,GLY,MC_115:Brainstem neurons,Inh_Pax2_Chrna6,Inh_Pax2_Chrna6_MY,Inh_Pax2_Chrna6_MY
Inh_Pax2_Chrna6_2,neuron,,GLY,MC_115:Brainstem neurons,Inh_Pax2_Chrna6,Inh_Pax2_Chrna6,Inh_Pax2_Chrna6
Inh_Pax2_Chrna6_3,neuron,MB,GLY,MC_115:Brainstem neurons,Inh_Pax2_Chrna6,Inh_Pax2_Chrna6_MB,Inh_Pax2_Chrna6_MB
Ex_Pitx2_Zbtb7c_1,neuron,MB,VGLUT2,MC_154:Midbrain and pontine neurons,Ex_Pitx2_Zbtb7c,Ex_Pitx2_Zbtb7c_MB,Ex_Pitx2_Zbtb7c_MB
Ex_Pitx2_Zbtb7c_2,neuron,MB,VGLUT2,MC_154:Midbrain and pontine neurons,Ex_Pitx2_Zbtb7c,Ex_Pitx2_Zbtb7c_MB,Ex_Pitx2_Zbtb7c_MB
Ex_Pitx2_Zbtb7c_3,neuron,P,VGLUT2,MC_154:Midbrain and pontine neurons,Ex_Pitx2_Zbtb7c,Ex_Pitx2_Zbtb7c_P,Ex_Pitx2_Zbtb7c_P
Ex_Pitx2_Zbtb7c_4,neuron,MB,VGLUT2,MC_154:Midbrain and pontine neurons,Ex_Pitx2_Zbtb7c,Ex_Pitx2_Zbtb7c_MB,Ex_Pitx2_Zbtb7c_MB
Ex_Pitx2_Zbtb7c_5,neuron,MB,VGLUT2,MC_154:Midbrain and pontine neurons,Ex_Pitx2_Zbtb7c,Ex_Pitx2_Zbtb7c_MB,Ex_Pitx2_Zbtb7c_MB
Ex_Pitx2_Zbtb7c_7,neuron,MB,VGLUT2,MC_154:Midbrain and pontine neurons,Ex_Pitx2_Zbtb7c,Ex_Pitx2_Zbtb7c_MB,Ex_Pitx2_Zbtb7c_MB
Ex_Dmrta2_Cd274,neuron,MB,VGLUT2,MC_169:Tegmental neurons,Ex_Dmrta2_Cd274,Ex_Dmrta2_Cd274_MB,Ex_Dmrta2_Cd274_MB
Ex_Dmrta2_Crhbp_1,neuron,MB,VGLUT2,MC_169:Tegmental neurons,Ex_Dmrta2_Crhbp,Ex_Dmrta2_Crhbp_MB,Ex_Dmrta2_Crhbp_MB
Ex_Dmrta2_Crhbp_2,neuron,MB,VGLUT2,MC_169:Tegmental neurons,Ex_Dmrta2_Crhbp,Ex_Dmrta2_Crhbp_MB,Ex_Dmrta2_Crhbp_MB
Ex_Dmrta2_Crhbp_3,neuron,MB,VGLUT2,MC_169:Tegmental neurons,Ex_Dmrta2_Crhbp,Ex_Dmrta2_Crhbp_MB,Ex_Dmrta2_Crhbp_MB
Ex_Dmrta2_Crhbp_4,neuron,MB,VGLUT2,MC_169:Tegmental neurons,Ex_Dmrta2_Crhbp,Ex_Dmrta2_Crhbp_MB,Ex_Dmrta2_Crhbp_MB
Ex_Hoxb5_Prdm16_1,neuron,MY,VGLUT2,MC_176:Reticular medullary neurons,Ex_Hoxb5_Prdm16,Ex_Hoxb5_Prdm16_MY,Ex_Hoxb5_Prdm16_MY
Ex_Hoxb5_Prdm16_2,neuron,MY,VGLUT2,MC_176:Reticular medullary neurons,Ex_Hoxb5_Prdm16,Ex_Hoxb5_Prdm16_MY,Ex_Hoxb5_Prdm16_MY
Ex_Hoxb5_Prdm16_3,neuron,MY,VGLUT2,MC_176:Reticular medullary neurons,Ex_Hoxb5_Prdm16,Ex_Hoxb5_Prdm16_MY,Ex_Hoxb5_Prdm16_MY
CholEx_Hoxb5_Prdm16_1,neuron,MY,VGLUT2_CHOL,MC_176:Reticular medullary neurons,CholEx_Hoxb5_Prdm16,CholEx_Hoxb5_Prdm16_MY,CholEx_Hoxb5_Prdm16_MY
Ex_Hoxb5_Prdm16_4,neuron,MY,VGLUT2,MC_176:Reticular medullary neurons,Ex_Hoxb5_Prdm16,Ex_Hoxb5_Prdm16_MY,Ex_Hoxb5_Prdm16_MY
Ex_Hoxb5_Prdm16_5,neuron,MY,VGLUT2,MC_176:Reticular medullary neurons,Ex_Hoxb5_Prdm16,Ex_Hoxb5_Prdm16_MY,Ex_Hoxb5_Prdm16_MY
CholEx_Hoxb5_Prdm16_2,neuron,MY,VGLUT2_CHOL,MC_176:Reticular medullary neurons,CholEx_Hoxb5_Prdm16,CholEx_Hoxb5_Prdm16_MY,CholEx_Hoxb5_Prdm16_MY
CholEx_Pou4f2_Gli3,neuron,MY,VGLUT2_CHOL,MC_176:Reticular medullary neurons,CholEx_Pou4f2_Gli3,CholEx_Pou4f2_Gli3_MY,CholEx_Pou4f2_Gli3_MY
Ex_Pou4f1_Lpar1,neuron,MY,VGLUT2,MC_176:Reticular medullary neurons,Ex_Pou4f1_Lpar1,Ex_Pou4f1_Lpar1_MY,Ex_Pou4f1_Lpar1_MY
Ex_Pou4f1_Col9a1,neuron,MY,VGLUT2,"MC_156:Medullary neurons, primarily vestibular nuclei",Ex_Pou4f1_Col9a1,Ex_Pou4f1_Col9a1_MY,Ex_Pou4f1_Col9a1_MY
Ex_Pou4f1_Ppp1r1c_1,neuron,MY,VGLUT2,"MC_156:Medullary neurons, primarily vestibular nuclei",Ex_Pou4f1_Ppp1r1c,Ex_Pou4f1_Ppp1r1c_MY,Ex_Pou4f1_Ppp1r1c_MY
Ex_Pou4f1_Ppp1r1c_2,neuron,MY,VGLUT2,"MC_156:Medullary neurons, primarily vestibular nuclei",Ex_Pou4f1_Ppp1r1c,Ex_Pou4f1_Ppp1r1c_MY,Ex_Pou4f1_Ppp1r1c_MY
Ex_Pou4f1_Crabp1_1,neuron,,VGLUT2,"MC_156:Medullary neurons, primarily vestibular nuclei",Ex_Pou4f1_Crabp1,Ex_Pou4f1_Crabp1,Ex_Pou4f1_Crabp1
Ex_Pou4f1_Crabp1_2,neuron,MY,VGLUT2,"MC_156:Medullary neurons, primarily vestibular nuclei",Ex_Pou4f1_Crabp1,Ex_Pou4f1_Crabp1_MY,Ex_Pou4f1_Crabp1_MY
Ex_Pou6f2_Evx2_1,neuron,MY,VGLUT2,"MC_158:Medullary neurons, primarily vestibular nuclei",Ex_Pou6f2_Evx2,Ex_Pou6f2_Evx2_MY,Ex_Pou6f2_Evx2_MY
Ex_Pou6f2_Evx2_2,neuron,MY,VGLUT2,MC_145:Medulary vestibular neurons,Ex_Pou6f2_Evx2,Ex_Pou6f2_Evx2_MY,Ex_Pou6f2_Evx2_MY
Ex_Pou6f2_Mgst2,neuron,MY,VGLUT2,MC_145:Medulary vestibular neurons,Ex_Pou6f2_Mgst2,Ex_Pou6f2_Mgst2_MY,Ex_Pou6f2_Mgst2_MY
Inh_Pax7_Hpse_1,neuron,P,GABA,MC_97:Midbrain and pontine neurons,Inh_Pax7_Hpse,Inh_Pax7_Hpse_P,Inh_Pax7_Hpse_P
Inh_Pax7_Hpse_2,neuron,MY,GABA,MC_97:Midbrain and pontine neurons,Inh_Pax7_Hpse,Inh_Pax7_Hpse_MY,Inh_Pax7_Hpse_MY
Inh_Pax7_Hpse_3,neuron,,GABA,MC_97:Midbrain and pontine neurons,Inh_Pax7_Hpse,Inh_Pax7_Hpse,Inh_Pax7_Hpse
Inh_Pax7_Hpse_4,neuron,MB,GABA,MC_97:Midbrain and pontine neurons,Inh_Pax7_Hpse,Inh_Pax7_Hpse_MB,Inh_Pax7_Hpse_MB
Inh_Pax7_A730009L09Rik,neuron,MB,GABA,MC_97:Midbrain and pontine neurons,Inh_Pax7_A730009L09Rik,Inh_Pax7_A730009L09Rik_MB,Inh_Pax7_A730009L09Rik_MB
Inh_Pax7_Rxfp3_1,neuron,,GABA,"MC_99:Pontine and medullary neurons, primarily raphe",Inh_Pax7_Rxfp3,Inh_Pax7_Rxfp3,Inh_Pax7_Rxfp3
Inh_Pax7_Rxfp3_2,neuron,MB,GABA,"MC_99:Pontine and medullary neurons, primarily raphe",Inh_Pax7_Rxfp3,Inh_Pax7_Rxfp3_MB,Inh_Pax7_Rxfp3_MB
Inh_Pax7_Rxfp3_3,neuron,MB,GABA,"MC_99:Pontine and medullary neurons, primarily raphe",Inh_Pax7_Rxfp3,Inh_Pax7_Rxfp3_MB,Inh_Pax7_Rxfp3_MB
Inh_Irx5_Tafa4_1,neuron,P,GABA,"MC_99:Pontine and medullary neurons, primarily raphe",Inh_Irx5_Tafa4,Inh_Irx5_Tafa4_P,Inh_Irx5_Tafa4_P
Inh_Irx5_Tafa4_2,neuron,MB,GABA,"MC_99:Pontine and medullary neurons, primarily raphe",Inh_Irx5_Tafa4,Inh_Irx5_Tafa4_MB,Inh_Irx5_Tafa4_MB
Inh_Irx5_Tafa4_3,neuron,MB,GABA,"MC_99:Pontine and medullary neurons, primarily raphe",Inh_Irx5_Tafa4,Inh_Irx5_Tafa4_MB,Inh_Irx5_Tafa4_MB
Inh_Irx5_Tafa4_4,neuron,P,GABA,"MC_99:Pontine and medullary neurons, primarily raphe",Inh_Irx5_Tafa4,Inh_Irx5_Tafa4_P,Inh_Irx5_Tafa4_P
Ex_Lmx1b_Cd36_1,neuron,HY,VGLUT2,MC_177:Pontine and medullary neurons,Ex_Lmx1b_Cd36,Ex_Lmx1b_Cd36_HY,Ex_Lmx1b_Cd36_HY
Ex_Lmx1b_Cd36_2,neuron,MB,VGLUT2,MC_177:Pontine and medullary neurons,Ex_Lmx1b_Cd36,Ex_Lmx1b_Cd36_MB,Ex_Lmx1b_Cd36_MB
Ex_Lmx1b_Cd36_3,neuron,HY,VGLUT2,MC_177:Pontine and medullary neurons,Ex_Lmx1b_Cd36,Ex_Lmx1b_Cd36_HY,Ex_Lmx1b_Cd36_HY
Ex_Lmx1b_Itih5_1,neuron,MB,VGLUT2,MC_177:Pontine and medullary neurons,Ex_Lmx1b_Itih5,Ex_Lmx1b_Itih5_MB,Ex_Lmx1b_Itih5_MB
Ex_Lmx1b_Itih5_2,neuron,HY,VGLUT2,MC_177:Pontine and medullary neurons,Ex_Lmx1b_Itih5,Ex_Lmx1b_Itih5_HY,Ex_Lmx1b_Itih5_HY
Ex_Lmx1b_Ptgfr,neuron,HY,VGLUT2,MC_177:Pontine and medullary neurons,Ex_Lmx1b_Ptgfr,Ex_Lmx1b_Ptgfr_HY,Ex_Lmx1b_Ptgfr_HY
Ex_Lmx1b_Drd1_1,neuron,HY,VGLUT2,MC_177:Pontine and medullary neurons,Ex_Lmx1b_Drd1,Ex_Lmx1b_Drd1_HY,Ex_Lmx1b_Drd1_HY
Ex_Lmx1b_Drd1_2,neuron,HY,VGLUT2,MC_177:Pontine and medullary neurons,Ex_Lmx1b_Drd1,Ex_Lmx1b_Drd1_HY,Ex_Lmx1b_Drd1_HY
Ex_Lmx1b_Drd1_3,neuron,MY,VGLUT2,MC_177:Pontine and medullary neurons,Ex_Lmx1b_Drd1,Ex_Lmx1b_Drd1_MY,Ex_Lmx1b_Drd1_MY
Ex_Lmx1b_Calcrl,neuron,MY,VGLUT2,MC_172:Pontine and medullary reticular neurons,Ex_Lmx1b_Calcrl,Ex_Lmx1b_Calcrl_MY,Ex_Lmx1b_Calcrl_MY
Ex_Lmx1b_Prkcq_Dynap_1,neuron,MY,VGLUT2,MC_172:Pontine and medullary reticular neurons,Ex_Lmx1b_Prkcq_Dynap,Ex_Lmx1b_Prkcq_Dynap_MY,Ex_Lmx1b_Prkcq_Dynap_MY
Ex_Lmx1b_F2rl2,neuron,MY,VGLUT2,MC_172:Pontine and medullary reticular neurons,Ex_Lmx1b_F2rl2,Ex_Lmx1b_F2rl2_MY,Ex_Lmx1b_F2rl2_MY
Ex_Lmx1b_Prkcq_Dynap_2,neuron,,VGLUT2,MC_172:Pontine and medullary reticular neurons,Ex_Lmx1b_Prkcq_Dynap,Ex_Lmx1b_Prkcq_Dynap,Ex_Lmx1b_Prkcq_Dynap
Ex_Lmx1b_Pamr1_1,neuron,MY,VGLUT2,MC_172:Pontine and medullary reticular neurons,Ex_Lmx1b_Pamr1,Ex_Lmx1b_Pamr1_MY,Ex_Lmx1b_Pamr1_MY
Ex_Lmx1b_Pamr1_2,neuron,MY,VGLUT2,MC_172:Pontine and medullary reticular neurons,Ex_Lmx1b_Pamr1,Ex_Lmx1b_Pamr1_MY,Ex_Lmx1b_Pamr1_MY
Ex_Lmx1b_Pamr1_3,neuron,MY,VGLUT2,MC_172:Pontine and medullary reticular neurons,Ex_Lmx1b_Pamr1,Ex_Lmx1b_Pamr1_MY,Ex_Lmx1b_Pamr1_MY
Inh_Pax8_Sfrp1_1,neuron,MY,GLY,MC_124:Pontine and medullary neurons,Inh_Pax8_Sfrp1,Inh_Pax8_Sfrp1_MY,Inh_Pax8_Sfrp1_MY
Inh_Pax8_Sfrp1_2,neuron,MY,GLY,MC_124:Pontine and medullary neurons,Inh_Pax8_Sfrp1,Inh_Pax8_Sfrp1_MY,Inh_Pax8_Sfrp1_MY
Inh_Pax8_Sfrp1_3,neuron,MY,GLY,MC_124:Pontine and medullary neurons,Inh_Pax8_Sfrp1,Inh_Pax8_Sfrp1_MY,Inh_Pax8_Sfrp1_MY
Inh_Pax8_Sfrp1_4,neuron,MY,GLY,MC_124:Pontine and medullary neurons,Inh_Pax8_Sfrp1,Inh_Pax8_Sfrp1_MY,Inh_Pax8_Sfrp1_MY
Inh_Pax8_Sfrp1_5,neuron,MY,GLY,MC_124:Pontine and medullary neurons,Inh_Pax8_Sfrp1,Inh_Pax8_Sfrp1_MY,Inh_Pax8_Sfrp1_MY
Inh_Pax8_Sfrp1_6,neuron,MY,GLY,MC_124:Pontine and medullary neurons,Inh_Pax8_Sfrp1,Inh_Pax8_Sfrp1_MY,Inh_Pax8_Sfrp1_MY
Ex_Pax8_Sfrp1,neuron,,VGLUT2,MC_136:Pontine and medullary neurons,Ex_Pax8_Sfrp1,Ex_Pax8_Sfrp1,Ex_Pax8_Sfrp1
Inh_Pax8_Sfrp1_7,neuron,MY,GLY,MC_128:Pontine and medullary neurons,Inh_Pax8_Sfrp1,Inh_Pax8_Sfrp1_MY,Inh_Pax8_Sfrp1_MY
Inh_Pax8_Sfrp1_8,neuron,MY,GLY,MC_130:Pontine and medullary neurons,Inh_Pax8_Sfrp1,Inh_Pax8_Sfrp1_MY,Inh_Pax8_Sfrp1_MY
Inh_Pax8_Sfrp1_9,neuron,MY,GLY,MC_128:Pontine and medullary neurons,Inh_Pax8_Sfrp1,Inh_Pax8_Sfrp1_MY,Inh_Pax8_Sfrp1_MY
Inh_Pax8_Hhip,neuron,MY,GLY,MC_128:Pontine and medullary neurons,Inh_Pax8_Hhip,Inh_Pax8_Hhip_MY,Inh_Pax8_Hhip_MY
Inh_Pax8_Qrfpr_1,neuron,P,GLY,MC_130:Pontine and medullary neurons,Inh_Pax8_Qrfpr,Inh_Pax8_Qrfpr_P,Inh_Pax8_Qrfpr_P
Inh_Pax8_Qrfpr_2,neuron,MY,GLY,MC_130:Pontine and medullary neurons,Inh_Pax8_Qrfpr,Inh_Pax8_Qrfpr_MY,Inh_Pax8_Qrfpr_MY
Inh_Pax8_Qrfpr_3,neuron,P,GLY,MC_130:Pontine and medullary neurons,Inh_Pax8_Qrfpr,Inh_Pax8_Qrfpr_P,Inh_Pax8_Qrfpr_P
Ex_Tfap2b_Rxfp2_1,neuron,MB,VGLUT2,"MC_215:Superior collicular, motor area neurons",Ex_Tfap2b_Rxfp2,Ex_Tfap2b_Rxfp2_MB,Ex_Tfap2b_Rxfp2_MB
Ex_Tfap2b_Rxfp2_2,neuron,MB,VGLUT2,"MC_215:Superior collicular, motor area neurons",Ex_Tfap2b_Rxfp2,Ex_Tfap2b_Rxfp2_MB,Ex_Tfap2b_Rxfp2_MB
Ex_Tfap2b_Rxfp2_3,neuron,MB,VGLUT2,"MC_215:Superior collicular, motor area neurons",Ex_Tfap2b_Rxfp2,Ex_Tfap2b_Rxfp2_MB,Ex_Tfap2b_Rxfp2_MB
Ex_Tfap2b_Rxfp2_4,neuron,MB,VGLUT2,"MC_215:Superior collicular, motor area neurons",Ex_Tfap2b_Rxfp2,Ex_Tfap2b_Rxfp2_MB,Ex_Tfap2b_Rxfp2_MB
Ex_Tfap2b_Rxfp2_5,neuron,MB,VGLUT2,"MC_215:Superior collicular, motor area neurons",Ex_Tfap2b_Rxfp2,Ex_Tfap2b_Rxfp2_MB,Ex_Tfap2b_Rxfp2_MB
Ex_Tfap2b_Gadl1,neuron,MB,VGLUT2,"MC_215:Superior collicular, motor area neurons",Ex_Tfap2b_Gadl1,Ex_Tfap2b_Gadl1_MB,Ex_Tfap2b_Gadl1_MB
Ex_Tfap2b_Samd3_1,neuron,MB,VGLUT2,"MC_215:Superior collicular, motor area neurons",Ex_Tfap2b_Samd3,Ex_Tfap2b_Samd3_MB,Ex_Tfap2b_Samd3_MB
Ex_Tfap2b_Samd3_2,neuron,MB,VGLUT2,"MC_215:Superior collicular, motor area neurons",Ex_Tfap2b_Samd3,Ex_Tfap2b_Samd3_MB,Ex_Tfap2b_Samd3_MB
Ex_Tfap2b_Sult3a2,neuron,MB,VGLUT2,"MC_215:Superior collicular, motor area neurons",Ex_Tfap2b_Sult3a2,Ex_Tfap2b_Sult3a2_MB,Ex_Tfap2b_Sult3a2_MB
Ex_Tfap2b_Chrdl1,neuron,MB,VGLUT2,"MC_215:Superior collicular, motor area neurons",Ex_Tfap2b_Chrdl1,Ex_Tfap2b_Chrdl1_MB,Ex_Tfap2b_Chrdl1_MB
Ex_Tfap2b_Kdr,neuron,MB,VGLUT2,"MC_215:Superior collicular, motor area neurons",Ex_Tfap2b_Kdr,Ex_Tfap2b_Kdr_MB,Ex_Tfap2b_Kdr_MB
Ex_Tfap2b_Flt4,neuron,MB,VGLUT2,"MC_215:Superior collicular, motor area neurons",Ex_Tfap2b_Flt4,Ex_Tfap2b_Flt4_MB,Ex_Tfap2b_Flt4_MB
Ex_Tfap2b_Mdfic,neuron,MB,VGLUT2,"MC_215:Superior collicular, motor area neurons",Ex_Tfap2b_Mdfic,Ex_Tfap2b_Mdfic_MB,Ex_Tfap2b_Mdfic_MB
Ex_Tfap2b_Col4a5,neuron,MB,VGLUT2,"MC_215:Superior collicular, motor area neurons",Ex_Tfap2b_Col4a5,Ex_Tfap2b_Col4a5_MB,Ex_Tfap2b_Col4a5_MB
Ex_Tfap2b_Adam18,neuron,MB,VGLUT2,"MC_215:Superior collicular, motor area neurons",Ex_Tfap2b_Adam18,Ex_Tfap2b_Adam18_MB,Ex_Tfap2b_Adam18_MB
Ex_Tfap2b_Met_1,neuron,MB,VGLUT2,"MC_215:Superior collicular, motor area neurons",Ex_Tfap2b_Met,Ex_Tfap2b_Met_MB,Ex_Tfap2b_Met_MB
Ex_Tfap2b_Met_2,neuron,MB,VGLUT2,"MC_215:Superior collicular, motor area neurons",Ex_Tfap2b_Met,Ex_Tfap2b_Met_MB,Ex_Tfap2b_Met_MB
Ex_Tfap2b_Dnah11,neuron,MB,VGLUT2,"MC_215:Superior collicular, motor area neurons",Ex_Tfap2b_Dnah11,Ex_Tfap2b_Dnah11_MB,Ex_Tfap2b_Dnah11_MB
Inh_Pax2_Lpl_1,neuron,MY,GLY,MC_142:Pontine and medullary neurons,Inh_Pax2_Lpl,Inh_Pax2_Lpl_MY,Inh_Pax2_Lpl_MY
Inh_Pax2_Lpl_2,neuron,MY,GLY,MC_142:Pontine and medullary neurons,Inh_Pax2_Lpl,Inh_Pax2_Lpl_MY,Inh_Pax2_Lpl_MY
Inh_Pax2_Lpl_3,neuron,MY,GLY,MC_142:Pontine and medullary neurons,Inh_Pax2_Lpl,Inh_Pax2_Lpl_MY,Inh_Pax2_Lpl_MY
Inh_Pax2_Lpl_4,neuron,MY,GLY,MC_142:Pontine and medullary neurons,Inh_Pax2_Lpl,Inh_Pax2_Lpl_MY,Inh_Pax2_Lpl_MY
Inh_Pax2_Vgll3_1,neuron,MY,GLY,MC_142:Pontine and medullary neurons,Inh_Pax2_Vgll3,Inh_Pax2_Vgll3_MY,Inh_Pax2_Vgll3_MY
Inh_Pax2_Vgll3_2,neuron,MY,GLY,MC_142:Pontine and medullary neurons,Inh_Pax2_Vgll3,Inh_Pax2_Vgll3_MY,Inh_Pax2_Vgll3_MY
Inh_Pax2_Vgll3_3,neuron,MY,GLY,MC_142:Pontine and medullary neurons,Inh_Pax2_Vgll3,Inh_Pax2_Vgll3_MY,Inh_Pax2_Vgll3_MY
Inh_Pax2_Vgll3_4,neuron,MY,GLY,MC_142:Pontine and medullary neurons,Inh_Pax2_Vgll3,Inh_Pax2_Vgll3_MY,Inh_Pax2_Vgll3_MY
Inh_Pax2_Vgll3_5,neuron,MY,GLY,MC_142:Pontine and medullary neurons,Inh_Pax2_Vgll3,Inh_Pax2_Vgll3_MY,Inh_Pax2_Vgll3_MY
Inh_Pax2_Vgll3_6,neuron,MY,GLY,MC_142:Pontine and medullary neurons,Inh_Pax2_Vgll3,Inh_Pax2_Vgll3_MY,Inh_Pax2_Vgll3_MY
Inh_Pax2_Vgll3_7,neuron,MY,GLY,MC_142:Pontine and medullary neurons,Inh_Pax2_Vgll3,Inh_Pax2_Vgll3_MY,Inh_Pax2_Vgll3_MY
Inh_Pax2_Vgll3_8,neuron,MY,GLY,MC_142:Pontine and medullary neurons,Inh_Pax2_Vgll3,Inh_Pax2_Vgll3_MY,Inh_Pax2_Vgll3_MY
Inh_Pax2_Vgll3_9,neuron,MY,GLY,MC_142:Pontine and medullary neurons,Inh_Pax2_Vgll3,Inh_Pax2_Vgll3_MY,Inh_Pax2_Vgll3_MY
Inh_Pax2_Vgll3_10,neuron,MY,GLY,MC_142:Pontine and medullary neurons,Inh_Pax2_Vgll3_10,Inh_Pax2_Vgll3_10_MY,Inh_Pax2_Vgll3_10_MY
Inh_Pax2_Vgll3_11,neuron,MY,GLY,MC_142:Pontine and medullary neurons,Inh_Pax2_Vgll3_11,Inh_Pax2_Vgll3_11_MY,Inh_Pax2_Vgll3_11_MY
Inh_Pax2_Vgll3_12,neuron,MY,GLY,MC_142:Pontine and medullary neurons,Inh_Pax2_Vgll3_12,Inh_Pax2_Vgll3_12_MY,Inh_Pax2_Vgll3_12_MY
Inh_Pax2_Vgll3_13,neuron,MY,GLY,MC_142:Pontine and medullary neurons,Inh_Pax2_Vgll3_13,Inh_Pax2_Vgll3_13_MY,Inh_Pax2_Vgll3_13_MY
Inh_Pax2_Vgll3_14,neuron,MY,GLY,MC_142:Pontine and medullary neurons,Inh_Pax2_Vgll3_14,Inh_Pax2_Vgll3_14_MY,Inh_Pax2_Vgll3_14_MY
Inh_Pax2_Vgll3_15,neuron,MY,GLY,MC_142:Pontine and medullary neurons,Inh_Pax2_Vgll3_15,Inh_Pax2_Vgll3_15_MY,Inh_Pax2_Vgll3_15_MY
Inh_Pax2_Vgll3_16,neuron,MY,GLY,MC_142:Pontine and medullary neurons,Inh_Pax2_Vgll3_16,Inh_Pax2_Vgll3_16_MY,Inh_Pax2_Vgll3_16_MY
Inh_Pax2_Vgll3_17,neuron,MY,GLY,MC_142:Pontine and medullary neurons,Inh_Pax2_Vgll3_17,Inh_Pax2_Vgll3_17_MY,Inh_Pax2_Vgll3_17_MY
Inh_Pax2_Vgll3_18,neuron,MY,GLY,MC_142:Pontine and medullary neurons,Inh_Pax2_Vgll3_18,Inh_Pax2_Vgll3_18_MY,Inh_Pax2_Vgll3_18_MY
Inh_Pax2_Vgll3_19,neuron,MY,GLY,MC_142:Pontine and medullary neurons,Inh_Pax2_Vgll3_19,Inh_Pax2_Vgll3_19_MY,Inh_Pax2_Vgll3_19_MY
Inh_Pax2_Vgll3_20,neuron,MY,GLY,MC_141:Medullary neurons,Inh_Pax2_Vgll3_20,Inh_Pax2_Vgll3_20_MY,Inh_Pax2_Vgll3_20_MY
Inh_Pax2_Vgll3_21,neuron,MY,GLY,MC_141:Medullary neurons,Inh_Pax2_Vgll3_21,Inh_Pax2_Vgll3_21_MY,Inh_Pax2_Vgll3_21_MY
Inh_Pax2_Dkk2,neuron,MY,GLY,MC_141:Medullary neurons,Inh_Pax2_Dkk2,Inh_Pax2_Dkk2_MY,Inh_Pax2_Dkk2_MY
Inh_Pax2_Crym,neuron,MY,GLY,MC_141:Medullary neurons,Inh_Pax2_Crym,Inh_Pax2_Crym_MY,Inh_Pax2_Crym_MY
Inh_Gata3_Sox14_1,neuron,MB,GABA,MC_112:Midbrain and pontine neurons,Inh_Gata3_Sox14,Inh_Gata3_Sox14_MB,Inh_Gata3_Sox14_MB
Inh_Gata3_Sox14_2,neuron,P,GABA,MC_112:Midbrain and pontine neurons,Inh_Gata3_Sox14,Inh_Gata3_Sox14_P,Inh_Gata3_Sox14_P
Inh_Gata3_Sox14_3,neuron,P,GABA,MC_112:Midbrain and pontine neurons,Inh_Gata3_Sox14,Inh_Gata3_Sox14_P,Inh_Gata3_Sox14_P
Inh_Gata3_Tll2_1,neuron,P,GABA,MC_112:Midbrain and pontine neurons,Inh_Gata3_Tll2,Inh_Gata3_Tll2_P,Inh_Gata3_Tll2_P
Inh_Gata3_Tll2_2,neuron,MY,GABA,MC_112:Midbrain and pontine neurons,Inh_Gata3_Tll2,Inh_Gata3_Tll2_MY,Inh_Gata3_Tll2_MY
Inh_Gata3_Tll2_3,neuron,MB,GABA,"MC_93:Tegmental neurons, primarily interstitial nucleus of Cajal",Inh_Gata3_Tll2,Inh_Gata3_Tll2_MB,Inh_Gata3_Tll2_MB
Inh_Gata3_Tll2_4,neuron,MB,GABA,"MC_93:Tegmental neurons, primarily interstitial nucleus of Cajal",Inh_Gata3_Tll2,Inh_Gata3_Tll2_MB,Inh_Gata3_Tll2_MB
Inh_Gata3_Sp9_1,neuron,P,GABA,MC_112:Midbrain and pontine neurons,Inh_Gata3_Sp9,Inh_Gata3_Sp9_P,Inh_Gata3_Sp9_P
Inh_Gata3_Sp9_2,neuron,,GABA,MC_112:Midbrain and pontine neurons,Inh_Gata3_Sp9,Inh_Gata3_Sp9,Inh_Gata3_Sp9
Inh_Gata3_Sp9_3,neuron,MB,GABA,MC_112:Midbrain and pontine neurons,Inh_Gata3_Sp9,Inh_Gata3_Sp9_MB,Inh_Gata3_Sp9_MB
Inh_Gata3_Qrfprl_1,neuron,MB,GABA,MC_112:Midbrain and pontine neurons,Inh_Gata3_Qrfprl,Inh_Gata3_Qrfprl_MB,Inh_Gata3_Qrfprl_MB
Inh_Gata3_Qrfprl_2,neuron,MB,GABA,MC_112:Midbrain and pontine neurons,Inh_Gata3_Qrfprl,Inh_Gata3_Qrfprl_MB,Inh_Gata3_Qrfprl_MB
Inh_Gata3_Qrfprl_3,neuron,P,GABA,MC_112:Midbrain and pontine neurons,Inh_Gata3_Qrfprl,Inh_Gata3_Qrfprl_P,Inh_Gata3_Qrfprl_P
Inh_Fefb1_Islr2,neuron,P,GABA,MC_112:Midbrain and pontine neurons,Inh_Fefb1_Islr2,Inh_Fefb1_Islr2_P,Inh_Fefb1_Islr2_P
Inh_Gata3_Tnnt1_1,neuron,P,GABA,MC_112:Midbrain and pontine neurons,Inh_Gata3_Tnnt1,Inh_Gata3_Tnnt1_P,Inh_Gata3_Tnnt1_P
Inh_Gata3_Tnnt1_2,neuron,P,GABA,MC_112:Midbrain and pontine neurons,Inh_Gata3_Tnnt1,Inh_Gata3_Tnnt1_P,Inh_Gata3_Tnnt1_P
Inh_Gata3_Tnnt1_3,neuron,P,GABA,MC_112:Midbrain and pontine neurons,Inh_Gata3_Tnnt1,Inh_Gata3_Tnnt1_P,Inh_Gata3_Tnnt1_P
Inh_Gata3_Aldh1a2,neuron,MB,GABA,MC_112:Midbrain and pontine neurons,Inh_Gata3_Aldh1a2,Inh_Gata3_Aldh1a2_MB,Inh_Gata3_Aldh1a2_MB
Inh_Gata3_Tnnt1_4,neuron,P,GABA,MC_112:Midbrain and pontine neurons,Inh_Gata3_Tnnt1,Inh_Gata3_Tnnt1_P,Inh_Gata3_Tnnt1_P
Inh_Gata3_Lrrc38,neuron,MB,GLY,MC_103:Midbrain neurons,Inh_Gata3_Lrrc38,Inh_Gata3_Lrrc38_MB,Inh_Gata3_Lrrc38_MB
Inh_Pax5_Cdh23,neuron,MB,GABA,MC_100:Midbrain neurons,Inh_Pax5_Cdh23,Inh_Pax5_Cdh23_MB,Inh_Pax5_Cdh23_MB
Inh_Gata3_Cdh23_1,neuron,MB,GABA,MC_100:Midbrain neurons,Inh_Gata3_Cdh23,Inh_Gata3_Cdh23_MB,Inh_Gata3_Cdh23_MB
Inh_Gata3_Trh,neuron,MB,GABA,MC_100:Midbrain neurons,Inh_Gata3_Trh,Inh_Gata3_Trh_MB,Inh_Gata3_Trh_MB
Inh_Gata3_Cdh23_2,neuron,MB,GABA,MC_100:Midbrain neurons,Inh_Gata3_Cdh23,Inh_Gata3_Cdh23_MB,Inh_Gata3_Cdh23_MB
Inh_Pax5_Olfr48,neuron,MB,GABA,MC_100:Midbrain neurons,Inh_Pax5_Olfr48,Inh_Pax5_Olfr48_MB,Inh_Pax5_Olfr48_MB
Inh_Pax5_Ptgfr,neuron,,GABA,MC_100:Midbrain neurons,Inh_Pax5_Ptgfr,Inh_Pax5_Ptgfr,Inh_Pax5_Ptgfr
Inh_Pax5_Calcr,neuron,,GABA,MC_100:Midbrain neurons,Inh_Pax5_Calcr,Inh_Pax5_Calcr,Inh_Pax5_Calcr
Inh_Pax5_Krt25_1,neuron,MB,GABA,MC_100:Midbrain neurons,Inh_Pax5_Krt25,Inh_Pax5_Krt25_MB,Inh_Pax5_Krt25_MB
Inh_Pax5_Krt25_2,neuron,MB,GABA,MC_100:Midbrain neurons,Inh_Pax5_Krt25,Inh_Pax5_Krt25_MB,Inh_Pax5_Krt25_MB
Inh_Pax5_Irs4_1,neuron,MB,GLY,MC_100:Midbrain neurons,Inh_Pax5_Irs4,Inh_Pax5_Irs4_MB,Inh_Pax5_Irs4_MB
Inh_Pax5_Irs4_2,neuron,MB,GABA,MC_100:Midbrain neurons,Inh_Pax5_Irs4,Inh_Pax5_Irs4_MB,Inh_Pax5_Irs4_MB
Inh_Pax5_Irs4_3,neuron,MB,GABA,MC_100:Midbrain neurons,Inh_Pax5_Irs4,Inh_Pax5_Irs4_MB,Inh_Pax5_Irs4_MB
Inh_Pax5_Irs4_4,neuron,MB,GABA,MC_100:Midbrain neurons,Inh_Pax5_Irs4,Inh_Pax5_Irs4_MB,Inh_Pax5_Irs4_MB
Inh_Pax5_Tmem176b_1,neuron,MB,GABA,MC_100:Midbrain neurons,Inh_Pax5_Tmem176b,Inh_Pax5_Tmem176b_MB,Inh_Pax5_Tmem176b_MB
Inh_Pax5_Tmem176b_2,neuron,MB,GABA,MC_100:Midbrain neurons,Inh_Pax5_Tmem176b,Inh_Pax5_Tmem176b_MB,Inh_Pax5_Tmem176b_MB
Inh_Pax5_Tmem176b_3,neuron,MB,GABA,MC_100:Midbrain neurons,Inh_Pax5_Tmem176b,Inh_Pax5_Tmem176b_MB,Inh_Pax5_Tmem176b_MB
Inh_Pax5_Tmem176b_4,neuron,MB,GABA,MC_105:Midbrain neurons,Inh_Pax5_Tmem176b,Inh_Pax5_Tmem176b_MB,Inh_Pax5_Tmem176b_MB
Inh_Pax5_Tmem176b_5,neuron,MB,GABA,MC_105:Midbrain neurons,Inh_Pax5_Tmem176b,Inh_Pax5_Tmem176b_MB,Inh_Pax5_Tmem176b_MB
Inh_Pax5_Pgr15l_1,neuron,MB,GABA,MC_100:Midbrain neurons,Inh_Pax5_Pgr15l,Inh_Pax5_Pgr15l_MB,Inh_Pax5_Pgr15l_MB
Inh_Pax5_Pdpn,neuron,MB,GABA,MC_100:Midbrain neurons,Inh_Pax5_Pdpn,Inh_Pax5_Pdpn_MB,Inh_Pax5_Pdpn_MB
Inh_Pax5_Ceacam10,neuron,MB,GABA,MC_100:Midbrain neurons,Inh_Pax5_Ceacam10,Inh_Pax5_Ceacam10_MB,Inh_Pax5_Ceacam10_MB
Inh_Pax5_Pgr15l_2,neuron,MB,GABA,MC_100:Midbrain neurons,Inh_Pax5_Pgr15l,Inh_Pax5_Pgr15l_MB,Inh_Pax5_Pgr15l_MB
Inh_Pax5_Myof,neuron,MB,GABA,MC_100:Midbrain neurons,Inh_Pax5_Myof,Inh_Pax5_Myof_MB,Inh_Pax5_Myof_MB
Inh_Pax5_Oxtr,neuron,MB,GABA,MC_100:Midbrain neurons,Inh_Pax5_Oxtr,Inh_Pax5_Oxtr_MB,Inh_Pax5_Oxtr_MB
Inh_Pax5_Il20ra,neuron,MB,GABA,MC_100:Midbrain neurons,Inh_Pax5_Il20ra,Inh_Pax5_Il20ra_MB,Inh_Pax5_Il20ra_MB
Inh_Onecut3_Piezo2_1,neuron,MY,GLY,MC_133:Pontine and medullary neurons,Inh_Onecut3_Piezo2,Inh_Onecut3_Piezo2_MY,Inh_Onecut3_Piezo2_MY
Inh_Onecut3_Piezo2_2,neuron,MY,GLY,MC_133:Pontine and medullary neurons,Inh_Onecut3_Piezo2,Inh_Onecut3_Piezo2_MY,Inh_Onecut3_Piezo2_MY
Inh_Onecut3_Piezo2_3,neuron,MY,GLY,MC_133:Pontine and medullary neurons,Inh_Onecut3_Piezo2,Inh_Onecut3_Piezo2_MY,Inh_Onecut3_Piezo2_MY
Inh_Onecut3_Piezo2_4,neuron,MY,GLY,MC_133:Pontine and medullary neurons,Inh_Onecut3_Piezo2,Inh_Onecut3_Piezo2_MY,Inh_Onecut3_Piezo2_MY
Inh_Onecut3_Npy_1,neuron,MY,GLY,MC_133:Pontine and medullary neurons,Inh_Onecut3_Npy,Inh_Onecut3_Npy_MY,Inh_Onecut3_Npy_MY
Inh_Onecut3_Col6a3,neuron,MY,GLY,MC_133:Pontine and medullary neurons,Inh_Onecut3_Col6a3,Inh_Onecut3_Col6a3_MY,Inh_Onecut3_Col6a3_MY
Inh_Onecut3_Npy_2,neuron,MY,GLY,MC_133:Pontine and medullary neurons,Inh_Onecut3_Npy,Inh_Onecut3_Npy_MY,Inh_Onecut3_Npy_MY
Inh_Onecut3_Npy_3,neuron,MY,GLY,MC_133:Pontine and medullary neurons,Inh_Onecut3_Npy,Inh_Onecut3_Npy_MY,Inh_Onecut3_Npy_MY
Inh_Onecut3_Calcrl,neuron,MY,GLY,MC_133:Pontine and medullary neurons,Inh_Onecut3_Calcrl,Inh_Onecut3_Calcrl_MY,Inh_Onecut3_Calcrl_MY
Inh_Onecut3_Catspere1_1,neuron,MY,GLY,MC_133:Pontine and medullary neurons,Inh_Onecut3_Catspere1,Inh_Onecut3_Catspere1_MY,Inh_Onecut3_Catspere1_MY
Inh_Onecut3_Catspere1_2,neuron,MY,GLY,MC_133:Pontine and medullary neurons,Inh_Onecut3_Catspere1,Inh_Onecut3_Catspere1_MY,Inh_Onecut3_Catspere1_MY
Inh_Onecut3_Catspere1_3,neuron,MY,VGLUT3,MC_133:Pontine and medullary neurons,Inh_Onecut3_Catspere1,Inh_Onecut3_Catspere1_MY,Inh_Onecut3_Catspere1_MY
Inh_Onecut3_Fbxo40,neuron,MY,GLY,MC_133:Pontine and medullary neurons,Inh_Onecut3_Fbxo40,Inh_Onecut3_Fbxo40_MY,Inh_Onecut3_Fbxo40_MY
Inh_Pax8_Met_Qrfpr,neuron,MY,GLY,MC_125:Pontine and medullary neurons,Inh_Pax8_Met_Qrfpr,Inh_Pax8_Met_Qrfpr_MY,Inh_Pax8_Met_Qrfpr_MY
Inh_Pax8_Col6a3,neuron,MY,GLY,MC_125:Pontine and medullary neurons,Inh_Pax8_Col6a3,Inh_Pax8_Col6a3_MY,Inh_Pax8_Col6a3_MY
Inh_Pax8_Mup6_Qrfpr,neuron,MY,GLY,MC_125:Pontine and medullary neurons,Inh_Pax8_Mup6_Qrfpr,Inh_Pax8_Mup6_Qrfpr_MY,Inh_Pax8_Mup6_Qrfpr_MY
Inh_Pax8_Pnoc,neuron,MY,GLY,MC_125:Pontine and medullary neurons,Inh_Pax8_Pnoc,Inh_Pax8_Pnoc_MY,Inh_Pax8_Pnoc_MY
Inh_Pax8_Nkx6-1_1,neuron,MY,GLY,MC_125:Pontine and medullary neurons,Inh_Pax8_Nkx6-1,Inh_Pax8_Nkx6-1_MY,Inh_Pax8_Nkx6-1_MY
Inh_Pax8_Nkx6-1_2,neuron,MY,GLY,MC_125:Pontine and medullary neurons,Inh_Pax8_Nkx6-1,Inh_Pax8_Nkx6-1_MY,Inh_Pax8_Nkx6-1_MY
Inh_Pax8_Nkx6-1_3,neuron,MY,GLY,MC_125:Pontine and medullary neurons,Inh_Pax8_Nkx6-1,Inh_Pax8_Nkx6-1_MY,Inh_Pax8_Nkx6-1_MY
Inh_Pax8_Nkx6-1_4,neuron,MY,GLY,MC_125:Pontine and medullary neurons,Inh_Pax8_Nkx6-1,Inh_Pax8_Nkx6-1_MY,Inh_Pax8_Nkx6-1_MY
Ex_Foxb1_Moxd1,neuron,MY,VGLUT2,MC_114:Red nucleus neurons,Ex_Foxb1_Moxd1,Ex_Foxb1_Moxd1_MY,Ex_Foxb1_Moxd1_MY
Inh_Foxb1_Tacr3_1,neuron,MY,GLY,MC_131:Pontine and medullary neurons,Inh_Foxb1_Tacr3,Inh_Foxb1_Tacr3_MY,Inh_Foxb1_Tacr3_MY
Inh_Foxb1_Tacr3_2,neuron,MY,GLY,MC_131:Pontine and medullary neurons,Inh_Foxb1_Tacr3,Inh_Foxb1_Tacr3_MY,Inh_Foxb1_Tacr3_MY
Inh_Pax8_Tacr3,neuron,MY,GLY,MC_131:Pontine and medullary neurons,Inh_Pax8_Tacr3,Inh_Pax8_Tacr3_MY,Inh_Pax8_Tacr3_MY
Ex_Hpgd_Pth2r_1,neuron,MB,VGLUT2,"MC_215:Superior collicular, motor area neurons",Ex_Hpgd_Pth2r,Ex_Hpgd_Pth2r_MB,Ex_Hpgd_Pth2r_MB
Ex_Hpgd_Pth2r_2,neuron,MB,VGLUT2,"MC_215:Superior collicular, motor area neurons",Ex_Hpgd_Pth2r,Ex_Hpgd_Pth2r_MB,Ex_Hpgd_Pth2r_MB
Ex_Hpgd_Pth2r_3,neuron,MB,VGLUT2,"MC_215:Superior collicular, motor area neurons",Ex_Hpgd_Pth2r,Ex_Hpgd_Pth2r_MB,Ex_Hpgd_Pth2r_MB
Ex_Hpgd_Pth2r_4,neuron,MB,VGLUT2,"MC_215:Superior collicular, motor area neurons",Ex_Hpgd_Pth2r,Ex_Hpgd_Pth2r_MB,Ex_Hpgd_Pth2r_MB
Ex_Hpgd_Pth2r_5,neuron,MB,VGLUT2,"MC_215:Superior collicular, motor area neurons",Ex_Hpgd_Pth2r,Ex_Hpgd_Pth2r_MB,Ex_Hpgd_Pth2r_MB
Ex_Hpgd_Pth2r_6,neuron,MB,VGLUT2,"MC_215:Superior collicular, motor area neurons",Ex_Hpgd_Pth2r,Ex_Hpgd_Pth2r_MB,Ex_Hpgd_Pth2r_MB
Ex_Hpgd_Pth2r_7,neuron,MB,VGLUT2,"MC_215:Superior collicular, motor area neurons",Ex_Hpgd_Pth2r,Ex_Hpgd_Pth2r_MB,Ex_Hpgd_Pth2r_MB
Ex_Hpgd_Pth2r_8,neuron,MB,VGLUT2,"MC_215:Superior collicular, motor area neurons",Ex_Hpgd_Pth2r,Ex_Hpgd_Pth2r_MB,Ex_Hpgd_Pth2r_MB
Ex_Hpgd_Ednra,neuron,MB,VGLUT2,"MC_215:Superior collicular, motor area neurons",Ex_Hpgd_Ednra,Ex_Hpgd_Ednra_MB,Ex_Hpgd_Ednra_MB
Ex_Hpgd_Trpa1,neuron,MB,VGLUT2,"MC_215:Superior collicular, motor area neurons",Ex_Hpgd_Trpa1,Ex_Hpgd_Trpa1_MB,Ex_Hpgd_Trpa1_MB
Ex_Hpgd_Cd24a_1,neuron,MB,VGLUT2,"MC_215:Superior collicular, motor area neurons",Ex_Hpgd_Cd24a,Ex_Hpgd_Cd24a_MB,Ex_Hpgd_Cd24a_MB
Ex_Hpgd_Lgr6,neuron,MB,VGLUT2,"MC_215:Superior collicular, motor area neurons",Ex_Hpgd_Lgr6,Ex_Hpgd_Lgr6_MB,Ex_Hpgd_Lgr6_MB
Ex_Hpgd_Cd24a_2,neuron,MB,VGLUT2,"MC_215:Superior collicular, motor area neurons",Ex_Hpgd_Cd24a,Ex_Hpgd_Cd24a_MB,Ex_Hpgd_Cd24a_MB
Ex_Hpgd_Pik3c2g_1,neuron,MB,VGLUT2,"MC_215:Superior collicular, motor area neurons",Ex_Hpgd_Pik3c2g,Ex_Hpgd_Pik3c2g_MB,Ex_Hpgd_Pik3c2g_MB
Ex_Hpgd_Pik3c2g_2,neuron,MB,VGLUT2,"MC_215:Superior collicular, motor area neurons",Ex_Hpgd_Pik3c2g,Ex_Hpgd_Pik3c2g_MB,Ex_Hpgd_Pik3c2g_MB
Ex_Irx3_Kcnj5_1,neuron,MB,VGLUT2,"MC_215:Superior collicular, motor area neurons",Ex_Irx3_Kcnj5,Ex_Irx3_Kcnj5_MB,Ex_Irx3_Kcnj5_MB
Ex_Irx3_Kcnj5_2,neuron,MB,VGLUT2,"MC_215:Superior collicular, motor area neurons",Ex_Irx3_Kcnj5,Ex_Irx3_Kcnj5_MB,Ex_Irx3_Kcnj5_MB
Inh_Lhx1_Dlk1_1,neuron,MB,GABA,"MC_170:Hypothalamic neurons, primarily zona incerta",Inh_Lhx1_Dlk1,Inh_Lhx1_Dlk1_MB,Inh_Lhx1_Dlk1_MB
Inh_Lhx1_Dlk1_2,neuron,HY,GABA,"MC_85:Hypothalamic neurons, primarily zona incerta",Inh_Lhx1_Dlk1,Inh_Lhx1_Dlk1_HY,Inh_Lhx1_Dlk1_HY
Inh_Lhx1_Dlk1_3,neuron,HY,GABA,"MC_85:Hypothalamic neurons, primarily zona incerta",Inh_Lhx1_Dlk1,Inh_Lhx1_Dlk1_HY,Inh_Lhx1_Dlk1_HY
Inh_Lhx1_Dlk1_4,neuron,HY,GABA,"MC_170:Hypothalamic neurons, primarily zona incerta",Inh_Lhx1_Dlk1,Inh_Lhx1_Dlk1_HY,Inh_Lhx1_Dlk1_HY
Inh_Lhx1_Dlk1_5,neuron,HY,GABA,"MC_170:Hypothalamic neurons, primarily zona incerta",Inh_Lhx1_Dlk1,Inh_Lhx1_Dlk1_HY,Inh_Lhx1_Dlk1_HY
Inh_Lhx1_Dlk1_6,neuron,MB,GABA,"MC_170:Hypothalamic neurons, primarily zona incerta",Inh_Lhx1_Dlk1,Inh_Lhx1_Dlk1_MB,Inh_Lhx1_Dlk1_MB
Inh_Lhx1_Dlk1_7,neuron,HY,GABA,"MC_170:Hypothalamic neurons, primarily zona incerta",Inh_Lhx1_Dlk1,Inh_Lhx1_Dlk1_HY,Inh_Lhx1_Dlk1_HY
Inh_Lhx1_Otx2_1,neuron,HY,GABA,MC_80:Anterior hypothalamic neurons,Inh_Lhx1_Otx2,Inh_Lhx1_Otx2_HY,Inh_Lhx1_Otx2_HY
Inh_Lhx1_Otx2_2,neuron,OLF,GABA,MC_80:Anterior hypothalamic neurons,Inh_Lhx1_Otx2,Inh_Lhx1_Otx2_OLF,Inh_Lhx1_Otx2_OLF
Inh_Lhx1_Fgf5,neuron,HY,GABA,MC_80:Anterior hypothalamic neurons,Inh_Lhx1_Fgf5,Inh_Lhx1_Fgf5_HY,Inh_Lhx1_Fgf5_HY
Inh_Lhx1_Ikzf1,neuron,MB,GABA,MC_80:Anterior hypothalamic neurons,Inh_Lhx1_Ikzf1,Inh_Lhx1_Ikzf1_MB,Inh_Lhx1_Ikzf1_MB
Inh_Lhx1_Nmbr_1,neuron,HY,GABA,MC_80:Anterior hypothalamic neurons,Inh_Lhx1_Nmbr,Inh_Lhx1_Nmbr_HY,Inh_Lhx1_Nmbr_HY
Inh_Lhx1_Nmbr_2,neuron,HY,GABA,MC_80:Anterior hypothalamic neurons,Inh_Lhx1_Nmbr,Inh_Lhx1_Nmbr_HY,Inh_Lhx1_Nmbr_HY
Inh_Lhx1_Hcrtr1,neuron,HY,GABA,MC_80:Anterior hypothalamic neurons,Inh_Lhx1_Hcrtr1,Inh_Lhx1_Hcrtr1_HY,Inh_Lhx1_Hcrtr1_HY
Inh_Lhx1_Mdfic2,neuron,HY,GABA,"MC_170:Hypothalamic neurons, primarily zona incerta",Inh_Lhx1_Mdfic2,Inh_Lhx1_Mdfic2_HY,Inh_Lhx1_Mdfic2_HY
Inh_Lhx1_Vsir_1,neuron,HY,GABA,"MC_170:Hypothalamic neurons, primarily zona incerta",Inh_Lhx1_Vsir,Inh_Lhx1_Vsir_HY,Inh_Lhx1_Vsir_HY
Inh_Lhx1_Vsir_2,neuron,HY,GABA,"MC_170:Hypothalamic neurons, primarily zona incerta",Inh_Lhx1_Vsir,Inh_Lhx1_Vsir_HY,Inh_Lhx1_Vsir_HY
Inh_Lhx1_Vsir_3,neuron,HY,GABA,"MC_170:Hypothalamic neurons, primarily zona incerta",Inh_Lhx1_Vsir,Inh_Lhx1_Vsir_HY,Inh_Lhx1_Vsir_HY
Inh_Lhx1_Vsir_4,neuron,PAL,GABA,"MC_170:Hypothalamic neurons, primarily zona incerta",Inh_Lhx1_Vsir,Inh_Lhx1_Vsir_PAL,Inh_Lhx1_Vsir_PAL
Inh_Lhx1_Vsir_5,neuron,HY,GABA,"MC_170:Hypothalamic neurons, primarily zona incerta",Inh_Lhx1_Vsir,Inh_Lhx1_Vsir_HY,Inh_Lhx1_Vsir_HY
Inh_Lhx1_Erfl_1,neuron,HY,GABA,MC_80:Anterior hypothalamic neurons,Inh_Lhx1_Erfl,Inh_Lhx1_Erfl_HY,Inh_Lhx1_Erfl_HY
Inh_Lhx1_Erfl_2,neuron,HY,GABA,MC_80:Anterior hypothalamic neurons,Inh_Lhx1_Erfl,Inh_Lhx1_Erfl_HY,Inh_Lhx1_Erfl_HY
Inh_Lhx1_Erfl_3,neuron,HY,GABA,MC_80:Anterior hypothalamic neurons,Inh_Lhx1_Erfl,Inh_Lhx1_Erfl_HY,Inh_Lhx1_Erfl_HY
Inh_Lhx1_Otx1,neuron,HY,GABA,MC_201:PAG and SCm neurons,Inh_Lhx1_Otx1,Inh_Lhx1_Otx1_HY,Inh_Lhx1_Otx1_HY
Inh_Otx2_Lmcd1,neuron,HY,GABA,MC_201:PAG and SCm neurons,Inh_Otx2_Lmcd1,Inh_Otx2_Lmcd1_HY,Inh_Otx2_Lmcd1_HY
Inh_Nkx2-2_Mafb_1,neuron,HY,GABA,MC_77:Hypothalamic neurons,Inh_Nkx2-2_Mafb,Inh_Nkx2-2_Mafb_HY,Inh_Nkx2-2_Mafb_HY
Inh_Nkx2-2_Mafb_2,neuron,HY,GABA,MC_77:Hypothalamic neurons,Inh_Nkx2-2_Mafb,Inh_Nkx2-2_Mafb_HY,Inh_Nkx2-2_Mafb_HY
Inh_Nkx2-2_Mafb_3,neuron,HY,GABA,MC_77:Hypothalamic neurons,Inh_Nkx2-2_Mafb,Inh_Nkx2-2_Mafb_HY,Inh_Nkx2-2_Mafb_HY
Inh_Nkx2-2_Ppp1r17,neuron,HY,GABA,MC_77:Hypothalamic neurons,Inh_Nkx2-2_Ppp1r17,Inh_Nkx2-2_Ppp1r17_HY,Inh_Nkx2-2_Ppp1r17_HY
Inh_Nkx2-2_Pnoc_1,neuron,HY,GABA,MC_77:Hypothalamic neurons,Inh_Nkx2-2_Pnoc,Inh_Nkx2-2_Pnoc_HY,Inh_Nkx2-2_Pnoc_HY
Inh_Nkx2-2_Efhb_1,neuron,HY,GABA,MC_77:Hypothalamic neurons,Inh_Nkx2-2_Efhb,Inh_Nkx2-2_Efhb_HY,Inh_Nkx2-2_Efhb_HY
Inh_Nkx2-2_Efhb_2,neuron,HY,GABA,MC_77:Hypothalamic neurons,Inh_Nkx2-2_Efhb,Inh_Nkx2-2_Efhb_HY,Inh_Nkx2-2_Efhb_HY
Inh_Nkx2-2_Pnoc_2,neuron,HY,GABA,MC_77:Hypothalamic neurons,Inh_Nkx2-2_Pnoc,Inh_Nkx2-2_Pnoc_HY,Inh_Nkx2-2_Pnoc_HY
Inh_Nkx2-2_Moxd1,neuron,HY,GABA,MC_77:Hypothalamic neurons,Inh_Nkx2-2_Moxd1,Inh_Nkx2-2_Moxd1_HY,Inh_Nkx2-2_Moxd1_HY
Inh_Nkx2-2_Gm16223_1,neuron,HY,GABA,MC_77:Hypothalamic neurons,Inh_Nkx2-2_Gm16223,Inh_Nkx2-2_Gm16223_HY,Inh_Nkx2-2_Gm16223_HY
Inh_Nkx2-2_Gm16223_2,neuron,HY,GABA,MC_77:Hypothalamic neurons,Inh_Nkx2-2_Gm16223,Inh_Nkx2-2_Gm16223_HY,Inh_Nkx2-2_Gm16223_HY
Inh_Nkx2-2_Gal,neuron,HY,GABA,MC_77:Hypothalamic neurons,Inh_Nkx2-2_Gal,Inh_Nkx2-2_Gal_HY,Inh_Nkx2-2_Gal_HY
Ex_Lhx2_Gng8_1,neuron,MB,VGLUT2,MC_207:Tegmental neurons,Ex_Lhx2_Gng8,Ex_Lhx2_Gng8_MB,Ex_Lhx2_Gng8_MB
Ex_Lhx2_Gng8_2,neuron,MB,VGLUT2,MC_207:Tegmental neurons,Ex_Lhx2_Gng8,Ex_Lhx2_Gng8_MB,Ex_Lhx2_Gng8_MB
Ex_Lhx2_Nek11_1,neuron,MB,VGLUT2,MC_207:Tegmental neurons,Ex_Lhx2_Nek11,Ex_Lhx2_Nek11_MB,Ex_Lhx2_Nek11_MB
Ex_Lhx2_Nek11_2,neuron,MB,VGLUT2,MC_207:Tegmental neurons,Ex_Lhx2_Nek11,Ex_Lhx2_Nek11_MB,Ex_Lhx2_Nek11_MB
Ex_Lhx2_Nek11_3,neuron,MB,VGLUT2,MC_207:Tegmental neurons,Ex_Lhx2_Nek11,Ex_Lhx2_Nek11_MB,Ex_Lhx2_Nek11_MB
Ex_Lhx2_Nek11_4,neuron,MB,VGLUT2,MC_207:Tegmental neurons,Ex_Lhx2_Nek11,Ex_Lhx2_Nek11_MB,Ex_Lhx2_Nek11_MB
Ex_Lhx2_Nek11_5,neuron,MB,VGLUT2,MC_207:Tegmental neurons,Ex_Lhx2_Nek11,Ex_Lhx2_Nek11_MB,Ex_Lhx2_Nek11_MB
Ex_Lhx2_Nek11_6,neuron,MB,VGLUT2,MC_207:Tegmental neurons,Ex_Lhx2_Nek11,Ex_Lhx2_Nek11_MB,Ex_Lhx2_Nek11_MB
Ex_Lhx2_Nek11_7,neuron,MB,VGLUT2,MC_207:Tegmental neurons,Ex_Lhx2_Nek11,Ex_Lhx2_Nek11_MB,Ex_Lhx2_Nek11_MB
Ex_Lhx2_Nek11_9,neuron,MB,VGLUT2,MC_207:Tegmental neurons,Ex_Lhx2_Nek11,Ex_Lhx2_Nek11_MB,Ex_Lhx2_Nek11_MB
Ex_Gbx2_Adam18_1,neuron,MB,VGLUT2,MC_207:Tegmental neurons,Ex_Gbx2_Adam18,Ex_Gbx2_Adam18_MB,Ex_Gbx2_Adam18_MB
Ex_Gbx2_C6,neuron,MB,VGLUT2,MC_207:Tegmental neurons,Ex_Gbx2_C6,Ex_Gbx2_C6_MB,Ex_Gbx2_C6_MB
Ex_Gbx2_Adam18_2,neuron,MB,VGLUT2,MC_207:Tegmental neurons,Ex_Gbx2_Adam18,Ex_Gbx2_Adam18_MB,Ex_Gbx2_Adam18_MB
Ex_Gbx2_Wif1,neuron,MB,VGLUT2,MC_207:Tegmental neurons,Ex_Gbx2_Wif1,Ex_Gbx2_Wif1_MB,Ex_Gbx2_Wif1_MB
Ex_Lhx2_Pth2,neuron,HY,VGLUT2,MC_207:Tegmental neurons,Ex_Lhx2_Pth2,Ex_Lhx2_Pth2_HY,Ex_Lhx2_Pth2_HY
Ex_Lhx2_Asb4,neuron,HY,VGLUT2,MC_207:Tegmental neurons,Ex_Lhx2_Asb4,Ex_Lhx2_Asb4_HY,Ex_Lhx2_Asb4_HY
Ex_C1ql4_Prph,neuron,MB,VGLUT2,MC_212:Tectal neurons,Ex_C1ql4_Prph,Ex_C1ql4_Prph_MB,Ex_C1ql4_Prph_MB
Ex_C1ql4_Rgcc_1,neuron,MB,VGLUT2,MC_212:Tectal neurons,Ex_C1ql4_Rgcc,Ex_C1ql4_Rgcc_MB,Ex_C1ql4_Rgcc_MB
Ex_C1ql4_Rgcc_2,neuron,MB,VGLUT2,MC_212:Tectal neurons,Ex_C1ql4_Rgcc,Ex_C1ql4_Rgcc_MB,Ex_C1ql4_Rgcc_MB
Ex_C1ql4_Rgcc_3,neuron,MB,VGLUT2,MC_212:Tectal neurons,Ex_C1ql4_Rgcc,Ex_C1ql4_Rgcc_MB,Ex_C1ql4_Rgcc_MB
Ex_C1ql4_Rgcc_4,neuron,MB,VGLUT2,MC_212:Tectal neurons,Ex_C1ql4_Rgcc,Ex_C1ql4_Rgcc_MB,Ex_C1ql4_Rgcc_MB
Ex_C1ql4_Tnfrsf11b_1,neuron,MB,VGLUT2,MC_212:Tectal neurons,Ex_C1ql4_Tnfrsf11b,Ex_C1ql4_Tnfrsf11b_MB,Ex_C1ql4_Tnfrsf11b_MB
Ex_C1ql4_Tnfrsf11b_2,neuron,MB,VGLUT2,MC_212:Tectal neurons,Ex_C1ql4_Tnfrsf11b,Ex_C1ql4_Tnfrsf11b_MB,Ex_C1ql4_Tnfrsf11b_MB
Ex_C1ql4_Tnfrsf11b_3,neuron,MB,VGLUT2,MC_212:Tectal neurons,Ex_C1ql4_Tnfrsf11b,Ex_C1ql4_Tnfrsf11b_MB,Ex_C1ql4_Tnfrsf11b_MB
Ex_C1ql4_Smoc2,neuron,MB,VGLUT2,MC_212:Tectal neurons,Ex_C1ql4_Smoc2,Ex_C1ql4_Smoc2_MB,Ex_C1ql4_Smoc2_MB
Ex_Lhx3_Arsj,neuron,MY,VGLUT2,MC_155:Pontine and medullary reticular neurons,Ex_Lhx3_Arsj,Ex_Lhx3_Arsj_MY,Ex_Lhx3_Arsj_MY
Ex_Lhx3_Nkx6-3,neuron,MY,VGLUT2,MC_155:Pontine and medullary reticular neurons,Ex_Lhx3_Nkx6-3,Ex_Lhx3_Nkx6-3_MY,Ex_Lhx3_Nkx6-3_MY
Ex_Lhx3_Tlcd1_1,neuron,MY,VGLUT2,MC_155:Pontine and medullary reticular neurons,Ex_Lhx3_Tlcd1,Ex_Lhx3_Tlcd1_MY,Ex_Lhx3_Tlcd1_MY
Ex_Lhx3_Tlcd1_2,neuron,MY,VGLUT2,MC_155:Pontine and medullary reticular neurons,Ex_Lhx3_Tlcd1,Ex_Lhx3_Tlcd1_MY,Ex_Lhx3_Tlcd1_MY
Ex_Lhx3_Tlcd1_3,neuron,MY,VGLUT2,MC_155:Pontine and medullary reticular neurons,Ex_Lhx3_Tlcd1,Ex_Lhx3_Tlcd1_MY,Ex_Lhx3_Tlcd1_MY
Ex_Sox14_Sp8_1,neuron,MY,VGLUT2,MC_155:Pontine and medullary reticular neurons,Ex_Sox14_Sp8,Ex_Sox14_Sp8_MY,Ex_Sox14_Sp8_MY
Ex_Sox14_Sp8_2,neuron,MY,VGLUT2,MC_155:Pontine and medullary reticular neurons,Ex_Sox14_Sp8,Ex_Sox14_Sp8_MY,Ex_Sox14_Sp8_MY
Ex_Sox14_Sp8_3,neuron,MY,VGLUT2,MC_155:Pontine and medullary reticular neurons,Ex_Sox14_Sp8,Ex_Sox14_Sp8_MY,Ex_Sox14_Sp8_MY
Ex_Lhx3_Trat1,neuron,MY,VGLUT2,MC_155:Pontine and medullary reticular neurons,Ex_Lhx3_Trat1,Ex_Lhx3_Trat1_MY,Ex_Lhx3_Trat1_MY
Ex_Lhx3_Tspo2_1,neuron,,VGLUT2,MC_155:Pontine and medullary reticular neurons,Ex_Lhx3_Tspo2,Ex_Lhx3_Tspo2,Ex_Lhx3_Tspo2
Ex_Lhx3_Robo3,neuron,,VGLUT2,MC_155:Pontine and medullary reticular neurons,Ex_Lhx3_Robo3,Ex_Lhx3_Robo3,Ex_Lhx3_Robo3
Ex_Lhx3_A730046J19Rik,neuron,MY,VGLUT2,MC_155:Pontine and medullary reticular neurons,Ex_Lhx3_A730046J19Rik,Ex_Lhx3_A730046J19Rik_MY,Ex_Lhx3_A730046J19Rik_MY
Ex_Lhx3_Tspo2_2,neuron,MY,VGLUT2,MC_155:Pontine and medullary reticular neurons,Ex_Lhx3_Tspo2,Ex_Lhx3_Tspo2_MY,Ex_Lhx3_Tspo2_MY
Ex_Lhx3_Tspo2_3,neuron,MY,VGLUT2,MC_155:Pontine and medullary reticular neurons,Ex_Lhx3_Tspo2,Ex_Lhx3_Tspo2_MY,Ex_Lhx3_Tspo2_MY
Ex_Lhx3_Slc5a7_1,neuron,MB,VGLUT2,MC_155:Pontine and medullary reticular neurons,Ex_Lhx3_Slc5a7,Ex_Lhx3_Slc5a7_MB,Ex_Lhx3_Slc5a7_MB
Ex_Lhx3_Slc5a7_2,neuron,MB,VGLUT2,MC_155:Pontine and medullary reticular neurons,Ex_Lhx3_Slc5a7,Ex_Lhx3_Slc5a7_MB,Ex_Lhx3_Slc5a7_MB
Ex_Lhx3_Slc5a7_3,neuron,,VGLUT2,MC_155:Pontine and medullary reticular neurons,Ex_Lhx3_Slc5a7,Ex_Lhx3_Slc5a7,Ex_Lhx3_Slc5a7
Ex_Lhx3_Slc5a7_4,neuron,MY,VGLUT2,MC_155:Pontine and medullary reticular neurons,Ex_Lhx3_Slc5a7,Ex_Lhx3_Slc5a7_MY,Ex_Lhx3_Slc5a7_MY
Ex_Lhx3_Slc5a7_5,neuron,MY,VGLUT2,MC_155:Pontine and medullary reticular neurons,Ex_Lhx3_Slc5a7,Ex_Lhx3_Slc5a7_MY,Ex_Lhx3_Slc5a7_MY
Ex_Pou4f1_Vill,neuron,MY,VGLUT2,MC_155:Pontine and medullary reticular neurons,Ex_Pou4f1_Vill,Ex_Pou4f1_Vill_MY,Ex_Pou4f1_Vill_MY
Ex_Vsx2_Tecta_1,neuron,P,VGLUT2,MC_198:Brainstem neurons,Ex_Vsx2_Tecta,Ex_Vsx2_Tecta_P,Ex_Vsx2_Tecta_P
Ex_Vsx2_Tecta_2,neuron,MB,VGLUT2,MC_198:Brainstem neurons,Ex_Vsx2_Tecta,Ex_Vsx2_Tecta_MB,Ex_Vsx2_Tecta_MB
Ex_Vsx2_Tecta_3,neuron,MY,VGLUT2,MC_198:Brainstem neurons,Ex_Vsx2_Tecta,Ex_Vsx2_Tecta_MY,Ex_Vsx2_Tecta_MY
Ex_Vsx2_Tecta_4,neuron,MY,VGLUT2,MC_198:Brainstem neurons,Ex_Vsx2_Tecta,Ex_Vsx2_Tecta_MY,Ex_Vsx2_Tecta_MY
Ex_Vsx2_Crym,neuron,MY,VGLUT2_VGLUT3,MC_198:Brainstem neurons,Ex_Vsx2_Crym,Ex_Vsx2_Crym_MY,Ex_Vsx2_Crym_MY
Ex_Vsx2_Htr3a,neuron,P,VGLUT2,MC_198:Brainstem neurons,Ex_Vsx2_Htr3a,Ex_Vsx2_Htr3a_P,Ex_Vsx2_Htr3a_P
Ex_Vsx2_C1ql2_1,neuron,P,VGLUT2,MC_198:Brainstem neurons,Ex_Vsx2_C1ql2,Ex_Vsx2_C1ql2_P,Ex_Vsx2_C1ql2_P
Ex_Vsx2_C1ql2_2,neuron,P,VGLUT2,MC_198:Brainstem neurons,Ex_Vsx2_C1ql2,Ex_Vsx2_C1ql2_P,Ex_Vsx2_C1ql2_P
Ex_Vsx2_Apbb1ip,neuron,P,VGLUT2,MC_198:Brainstem neurons,Ex_Vsx2_Apbb1ip,Ex_Vsx2_Apbb1ip_P,Ex_Vsx2_Apbb1ip_P
Ex_Vsx2_Col15a1,neuron,MY,VGLUT2,MC_198:Brainstem neurons,Ex_Vsx2_Col15a1,Ex_Vsx2_Col15a1_MY,Ex_Vsx2_Col15a1_MY
Ex_Vsx2_Drd3_1,neuron,MY,VGLUT2,MC_198:Brainstem neurons,Ex_Vsx2_Drd3,Ex_Vsx2_Drd3_MY,Ex_Vsx2_Drd3_MY
Ex_Vsx2_Drd3_2,neuron,P,VGLUT2,MC_198:Brainstem neurons,Ex_Vsx2_Drd3,Ex_Vsx2_Drd3_P,Ex_Vsx2_Drd3_P
Ex_Vsx2_Drd3_3,neuron,P,VGLUT2,MC_198:Brainstem neurons,Ex_Vsx2_Drd3,Ex_Vsx2_Drd3_P,Ex_Vsx2_Drd3_P
Inh_Gata3_Npffr1_Ntsr1,neuron,P,GABA,"MC_113:Pontine neurons, primarily nucleus incertus (PMID 34239421)",Inh_Gata3_Npffr1_Ntsr1,Inh_Gata3_Npffr1_Ntsr1_P,Inh_Gata3_Npffr1_Ntsr1_P
Inh_Gata3_Chrna5,neuron,P,VGLUT3_GABA,"MC_113:Pontine neurons, primarily nucleus incertus (PMID 34239421)",Inh_Gata3_Chrna5,Inh_Gata3_Chrna5_P,Inh_Gata3_Chrna5_P
Inh_Hmcn1_Sycp2l_1,neuron,MY,GLY,MC_160:Pontine and medullary reticular neurons,Inh_Hmcn1_Sycp2l,Inh_Hmcn1_Sycp2l_MY,Inh_Hmcn1_Sycp2l_MY
Inh_Hmcn1_Sycp2l_2,neuron,MY,GLY,MC_160:Pontine and medullary reticular neurons,Inh_Hmcn1_Sycp2l,Inh_Hmcn1_Sycp2l_MY,Inh_Hmcn1_Sycp2l_MY
Inh_Hmcn1_Sycp2l_3,neuron,MY,GLY,MC_160:Pontine and medullary reticular neurons,Inh_Hmcn1_Sycp2l,Inh_Hmcn1_Sycp2l_MY,Inh_Hmcn1_Sycp2l_MY
Inh_Hmcn1_Sycp2l_4,neuron,MY,GLY,MC_160:Pontine and medullary reticular neurons,Inh_Hmcn1_Sycp2l,Inh_Hmcn1_Sycp2l_MY,Inh_Hmcn1_Sycp2l_MY
Inh_Hmcn1_Sycp2l_5,neuron,MY,GLY,MC_160:Pontine and medullary reticular neurons,Inh_Hmcn1_Sycp2l,Inh_Hmcn1_Sycp2l_MY,Inh_Hmcn1_Sycp2l_MY
Inh_Hmcn1_Sycp2l_6,neuron,MY,GLY,MC_160:Pontine and medullary reticular neurons,Inh_Hmcn1_Sycp2l,Inh_Hmcn1_Sycp2l_MY,Inh_Hmcn1_Sycp2l_MY
Inh_Hmcn1_Sycp2l_7,neuron,MY,GLY,MC_160:Pontine and medullary reticular neurons,Inh_Hmcn1_Sycp2l,Inh_Hmcn1_Sycp2l_MY,Inh_Hmcn1_Sycp2l_MY
Inh_Pax8_Tac2,neuron,MY,GLY,MC_160:Pontine and medullary reticular neurons,Inh_Pax8_Tac2,Inh_Pax8_Tac2_MY,Inh_Pax8_Tac2_MY
Inh_Pax8_Abcc9_1,neuron,MY,GLY,MC_126:Pontine and medullary neurons,Inh_Pax8_Abcc9,Inh_Pax8_Abcc9_MY,Inh_Pax8_Abcc9_MY
Inh_Tfap2b_Ikzf1,neuron,MY,GLY,MC_126:Pontine and medullary neurons,Inh_Tfap2b_Ikzf1,Inh_Tfap2b_Ikzf1_MY,Inh_Tfap2b_Ikzf1_MY
Inh_Pax8_Slc30a8,neuron,MY,GLY,MC_126:Pontine and medullary neurons,Inh_Pax8_Slc30a8,Inh_Pax8_Slc30a8_MY,Inh_Pax8_Slc30a8_MY
Inh_Pax8_Abcc9_2,neuron,MY,GLY,MC_126:Pontine and medullary neurons,Inh_Pax8_Abcc9,Inh_Pax8_Abcc9_MY,Inh_Pax8_Abcc9_MY
Inh_Tfap2b_Gabrq_1,neuron,MY,GLY,MC_126:Pontine and medullary neurons,Inh_Tfap2b_Gabrq,Inh_Tfap2b_Gabrq_MY,Inh_Tfap2b_Gabrq_MY
Inh_Tfap2b_Gabrq_2,neuron,MY,GLY,MC_126:Pontine and medullary neurons,Inh_Tfap2b_Gabrq,Inh_Tfap2b_Gabrq_MY,Inh_Tfap2b_Gabrq_MY
Inh_Tfap2b_Gabrq_3,neuron,MY,GLY,MC_126:Pontine and medullary neurons,Inh_Tfap2b_Gabrq,Inh_Tfap2b_Gabrq_MY,Inh_Tfap2b_Gabrq_MY
Inh_Tfap2b_Agtr1a_1,neuron,MY,GLY,MC_126:Pontine and medullary neurons,Inh_Tfap2b_Agtr1a,Inh_Tfap2b_Agtr1a_MY,Inh_Tfap2b_Agtr1a_MY
Inh_Tfap2b_Agtr1a_2,neuron,MY,GLY,MC_126:Pontine and medullary neurons,Inh_Tfap2b_Agtr1a,Inh_Tfap2b_Agtr1a_MY,Inh_Tfap2b_Agtr1a_MY
Inh_Tfap2b_Slc22a7,neuron,MY,GLY,MC_126:Pontine and medullary neurons,Inh_Tfap2b_Slc22a7,Inh_Tfap2b_Slc22a7_MY,Inh_Tfap2b_Slc22a7_MY
Inh_Tfap2b_Saa1_1,neuron,MY,GLY,MC_126:Pontine and medullary neurons,Inh_Tfap2b_Saa1,Inh_Tfap2b_Saa1_MY,Inh_Tfap2b_Saa1_MY
Inh_Tfap2b_Col5a2_1,neuron,MY,GLY,MC_126:Pontine and medullary neurons,Inh_Tfap2b_Col5a2,Inh_Tfap2b_Col5a2_MY,Inh_Tfap2b_Col5a2_MY
Inh_Tfap2b_Adamtsl2,neuron,MY,GLY,MC_126:Pontine and medullary neurons,Inh_Tfap2b_Adamtsl2,Inh_Tfap2b_Adamtsl2_MY,Inh_Tfap2b_Adamtsl2_MY
Inh_Tfap2b_Col5a2_2,neuron,MY,GLY,MC_126:Pontine and medullary neurons,Inh_Tfap2b_Col5a2,Inh_Tfap2b_Col5a2_MY,Inh_Tfap2b_Col5a2_MY
Ex_C1ql4_Trhr_1,neuron,MB,VGLUT2,MC_208:PAG neurons,Ex_C1ql4_Trhr,Ex_C1ql4_Trhr_MB,Ex_C1ql4_Trhr_MB
Ex_C1ql4_Trhr_2,neuron,MB,VGLUT2,MC_212:Tectal neurons,Ex_C1ql4_Trhr,Ex_C1ql4_Trhr_MB,Ex_C1ql4_Trhr_MB
Ex_C1ql4_Trhr_3,neuron,MB,VGLUT2,MC_208:PAG neurons,Ex_C1ql4_Trhr,Ex_C1ql4_Trhr_MB,Ex_C1ql4_Trhr_MB
Ex_C1ql4_Trhr_4,neuron,MB,VGLUT2,MC_208:PAG neurons,Ex_C1ql4_Trhr,Ex_C1ql4_Trhr_MB,Ex_C1ql4_Trhr_MB
Ex_C1ql4_Trhr_5,neuron,MB,VGLUT2,MC_208:PAG neurons,Ex_C1ql4_Trhr,Ex_C1ql4_Trhr_MB,Ex_C1ql4_Trhr_MB
Ex_C1ql4_Trhr_6,neuron,MB,VGLUT2,MC_208:PAG neurons,Ex_C1ql4_Trhr,Ex_C1ql4_Trhr_MB,Ex_C1ql4_Trhr_MB
Ex_C1ql4_Trhr_7,neuron,MB,VGLUT2,MC_208:PAG neurons,Ex_C1ql4_Trhr,Ex_C1ql4_Trhr_MB,Ex_C1ql4_Trhr_MB
Ex_C1ql4_Trhr_8,neuron,MB,VGLUT2,MC_208:PAG neurons,Ex_C1ql4_Trhr,Ex_C1ql4_Trhr_MB,Ex_C1ql4_Trhr_MB
Ex_C1ql4_Trhr_9,neuron,MB,VGLUT2,MC_208:PAG neurons,Ex_C1ql4_Trhr,Ex_C1ql4_Trhr_MB,Ex_C1ql4_Trhr_MB
Ex_Ebf2_Antxr2,neuron,MB,VGLUT2,MC_200:PAG and SCm neurons,Ex_Ebf2_Antxr2,Ex_Ebf2_Antxr2_MB,Ex_Ebf2_Antxr2_MB
Inh_Dlk1_Olfr48,neuron,MY,GLY,MC_111:Pontine and medullary neurons,Inh_Dlk1_Olfr48,Inh_Dlk1_Olfr48_MY,Inh_Dlk1_Olfr48_MY
Inh_Dlk1_Asb4_1,neuron,MY,GLY,MC_111:Pontine and medullary neurons,Inh_Dlk1_Asb4,Inh_Dlk1_Asb4_MY,Inh_Dlk1_Asb4_MY
Inh_Dlk1_Galr1,neuron,MY,GLY,MC_111:Pontine and medullary neurons,Inh_Dlk1_Galr1,Inh_Dlk1_Galr1_MY,Inh_Dlk1_Galr1_MY
Inh_Dlk1_Apbb1ip_1,neuron,MY,GLY,MC_111:Pontine and medullary neurons,Inh_Dlk1_Apbb1ip,Inh_Dlk1_Apbb1ip_MY,Inh_Dlk1_Apbb1ip_MY
Inh_Dlk1_Apbb1ip_2,neuron,MY,GLY,MC_111:Pontine and medullary neurons,Inh_Dlk1_Apbb1ip,Inh_Dlk1_Apbb1ip_MY,Inh_Dlk1_Apbb1ip_MY
Ex_Tcf7l2_Irak3_1,neuron,MY,VGLUT2,MC_159:Pontine and medullary reticular neurons,Ex_Tcf7l2_Irak3,Ex_Tcf7l2_Irak3_MY,Ex_Tcf7l2_Irak3_MY
Ex_Tcf7l2_C1ql4_1,neuron,MY,VGLUT2,MC_159:Pontine and medullary reticular neurons,Ex_Tcf7l2_C1ql4,Ex_Tcf7l2_C1ql4_MY,Ex_Tcf7l2_C1ql4_MY
Ex_Tcf7l2_C1ql4_2,neuron,MY,VGLUT2,MC_159:Pontine and medullary reticular neurons,Ex_Tcf7l2_C1ql4,Ex_Tcf7l2_C1ql4_MY,Ex_Tcf7l2_C1ql4_MY
Inh_Ebf3_Erfl,neuron,P,GLY,"MC_99:Pontine and medullary neurons, primarily raphe",Inh_Ebf3_Erfl,Inh_Ebf3_Erfl_P,Inh_Ebf3_Erfl_P
Inh_Pax5_Erfl_1,neuron,P,GLY,"MC_99:Pontine and medullary neurons, primarily raphe",Inh_Pax5_Erfl,Inh_Pax5_Erfl_P,Inh_Pax5_Erfl_P
Inh_Pax5_Erfl_3,neuron,P,GLY,"MC_99:Pontine and medullary neurons, primarily raphe",Inh_Pax5_Erfl,Inh_Pax5_Erfl_P,Inh_Pax5_Erfl_P
Inh_Pax5_Erfl_4,neuron,MB,GLY,"MC_99:Pontine and medullary neurons, primarily raphe",Inh_Pax5_Erfl,Inh_Pax5_Erfl_MB,Inh_Pax5_Erfl_MB
Inh_Pax8_Ngfr_1,neuron,MY,GLY,MC_124:Pontine and medullary neurons,Inh_Pax8_Ngfr,Inh_Pax8_Ngfr_MY,Inh_Pax8_Ngfr_MY
Inh_Pax8_Ngfr_2,neuron,MY,GLY,MC_124:Pontine and medullary neurons,Inh_Pax8_Ngfr,Inh_Pax8_Ngfr_MY,Inh_Pax8_Ngfr_MY
Inh_Pax8_Ngfr_3,neuron,MY,GLY,MC_124:Pontine and medullary neurons,Inh_Pax8_Ngfr,Inh_Pax8_Ngfr_MY,Inh_Pax8_Ngfr_MY
Inh_Foxp2_Btc_1,neuron,MB,GABA,"MC_99:Pontine and medullary neurons, primarily raphe",Inh_Foxp2_Btc,Inh_Foxp2_Btc_MB,Inh_Foxp2_Btc_MB
Inh_Foxp2_Btc_2,neuron,MY,GABA,"MC_99:Pontine and medullary neurons, primarily raphe",Inh_Foxp2_Btc,Inh_Foxp2_Btc_MY,Inh_Foxp2_Btc_MY
Inh_Foxp2_Fst_2,neuron,P,GABA,"MC_99:Pontine and medullary neurons, primarily raphe",Inh_Foxp2_Fst,Inh_Foxp2_Fst_P,Inh_Foxp2_Fst_P
Inh_Foxp2_Btc_3,neuron,P,GABA,"MC_99:Pontine and medullary neurons, primarily raphe",Inh_Foxp2_Btc,Inh_Foxp2_Btc_P,Inh_Foxp2_Btc_P
Inh_Foxp2_Btc_4,neuron,P,GABA,"MC_99:Pontine and medullary neurons, primarily raphe",Inh_Foxp2_Btc,Inh_Foxp2_Btc_P,Inh_Foxp2_Btc_P
Inh_Foxp2_Kcnj2_1,neuron,MY,GABA,"MC_99:Pontine and medullary neurons, primarily raphe",Inh_Foxp2_Kcnj2,Inh_Foxp2_Kcnj2_MY,Inh_Foxp2_Kcnj2_MY
Inh_Foxp2_Kcnj2_2,neuron,P,GABA,"MC_99:Pontine and medullary neurons, primarily raphe",Inh_Foxp2_Kcnj2,Inh_Foxp2_Kcnj2_P,Inh_Foxp2_Kcnj2_P
Ex_Phox2b_Gda_1,neuron,,VGLUT2,MC_166:Noradrenergic neurons of the nucleus solitarius,Ex_Phox2b_Gda,Ex_Phox2b_Gda,Ex_Phox2b_Gda
Ex_Phox2b_Gda_2,neuron,,VGLUT2,MC_166:Noradrenergic neurons of the nucleus solitarius,Ex_Phox2b_Gda,Ex_Phox2b_Gda,Ex_Phox2b_Gda
Ex_Phox2b_Olfr78,neuron,,VGLUT2,MC_166:Noradrenergic neurons of the nucleus solitarius,Ex_Phox2b_Olfr78,Ex_Phox2b_Olfr78,Ex_Phox2b_Olfr78
Ex_Hmx3_Twist2_1,neuron,HY,VGLUT2,MC_223:,Ex_Hmx3_Twist2,Ex_Hmx3_Twist2_HY,Ex_Hmx3_Twist2_HY
Ex_Hmx3_Twist2_2,neuron,MB,VGLUT2,MC_154:Midbrain and pontine neurons,Ex_Hmx3_Twist2,Ex_Hmx3_Twist2_MB,Ex_Hmx3_Twist2_MB
Ex_Hmx3_Twist2_3,neuron,P,VGLUT2,MC_154:Midbrain and pontine neurons,Ex_Hmx3_Twist2,Ex_Hmx3_Twist2_P,Ex_Hmx3_Twist2_P
Ex_Hmx3_Gda,neuron,HY,VGLUT2,MC_154:Midbrain and pontine neurons,Ex_Hmx3_Gda,Ex_Hmx3_Gda_HY,Ex_Hmx3_Gda_HY
Ex_Hmx3_Npbwr1,neuron,HY,VGLUT2,MC_154:Midbrain and pontine neurons,Ex_Hmx3_Npbwr1,Ex_Hmx3_Npbwr1_HY,Ex_Hmx3_Npbwr1_HY
Ex_Hmx3_Has2,neuron,MB,VGLUT2,MC_154:Midbrain and pontine neurons,Ex_Hmx3_Has2,Ex_Hmx3_Has2_MB,Ex_Hmx3_Has2_MB
CholEx_Hmx3_Agtr1b,neuron,MY,VGLUT2_CHOL,"MC_175:Medullary neurons, primarily nucleus of the solitary tract",CholEx_Hmx3_Agtr1b,CholEx_Hmx3_Agtr1b_MY,CholEx_Hmx3_Agtr1b_MY
CholEx_Hmx3_Grpr,neuron,MY,VGLUT2_CHOL,"MC_175:Medullary neurons, primarily nucleus of the solitary tract",CholEx_Hmx3_Grpr,CholEx_Hmx3_Grpr_MY,CholEx_Hmx3_Grpr_MY
CholEx_Hmx3_Wnt10a,neuron,MY,VGLUT2_CHOL,"MC_175:Medullary neurons, primarily nucleus of the solitary tract",CholEx_Hmx3_Wnt10a,CholEx_Hmx3_Wnt10a_MY,CholEx_Hmx3_Wnt10a_MY
Ex_Hmx3_Vip,neuron,MY,VGLUT2,"MC_175:Medullary neurons, primarily nucleus of the solitary tract",Ex_Hmx3_Vip,Ex_Hmx3_Vip_MY,Ex_Hmx3_Vip_MY
Ex_Hmx3_Sst,neuron,MY,VGLUT2,"MC_175:Medullary neurons, primarily nucleus of the solitary tract",Ex_Hmx3_Sst,Ex_Hmx3_Sst_MY,Ex_Hmx3_Sst_MY
Ex_Hoxb5_Nostrin,neuron,MY,VGLUT2,"MC_175:Medullary neurons, primarily nucleus of the solitary tract",Ex_Hoxb5_Nostrin,Ex_Hoxb5_Nostrin_MY,Ex_Hoxb5_Nostrin_MY
Ex_Hoxb5_Epsti1_1,neuron,MY,VGLUT2,"MC_175:Medullary neurons, primarily nucleus of the solitary tract",Ex_Hoxb5_Epsti1,Ex_Hoxb5_Epsti1_MY,Ex_Hoxb5_Epsti1_MY
Ex_Hoxb5_Epsti1_2,neuron,MY,VGLUT2,"MC_175:Medullary neurons, primarily nucleus of the solitary tract",Ex_Hoxb5_Epsti1,Ex_Hoxb5_Epsti1_MY,Ex_Hoxb5_Epsti1_MY
Ex_Hoxb5_Klc3,neuron,,VGLUT2,"MC_175:Medullary neurons, primarily nucleus of the solitary tract",Ex_Hoxb5_Klc3,Ex_Hoxb5_Klc3,Ex_Hoxb5_Klc3
Ex_Fam163a_Vip,neuron,P,VGLUT2,MC_159:Pontine and medullary reticular neurons,Ex_Fam163a_Vip,Ex_Fam163a_Vip_P,Ex_Fam163a_Vip_P
Ex_Fam163a_Kcne4_1,neuron,P,VGLUT2,MC_159:Pontine and medullary reticular neurons,Ex_Fam163a_Kcne4,Ex_Fam163a_Kcne4_P,Ex_Fam163a_Kcne4_P
Ex_Fam163a_C1ql2,neuron,P,VGLUT2,MC_159:Pontine and medullary reticular neurons,Ex_Fam163a_C1ql2,Ex_Fam163a_C1ql2_P,Ex_Fam163a_C1ql2_P
Ex_Fam163a_Npy2r,neuron,MY,VGLUT2,MC_159:Pontine and medullary reticular neurons,Ex_Fam163a_Npy2r,Ex_Fam163a_Npy2r_MY,Ex_Fam163a_Npy2r_MY
Ex_Fam163a_Kcne4_2,neuron,P,VGLUT2,MC_159:Pontine and medullary reticular neurons,Ex_Fam163a_Kcne4,Ex_Fam163a_Kcne4_P,Ex_Fam163a_Kcne4_P
Ex_Fam163a_Prdm6_1,neuron,P,VGLUT2,MC_159:Pontine and medullary reticular neurons,Ex_Fam163a_Prdm6,Ex_Fam163a_Prdm6_P,Ex_Fam163a_Prdm6_P
Ex_Fam163a_Prdm6_2,neuron,P,VGLUT2,MC_159:Pontine and medullary reticular neurons,Ex_Fam163a_Prdm6,Ex_Fam163a_Prdm6_P,Ex_Fam163a_Prdm6_P
Ex_Fam163a_Adad2,neuron,P,VGLUT2,MC_159:Pontine and medullary reticular neurons,Ex_Fam163a_Adad2,Ex_Fam163a_Adad2_P,Ex_Fam163a_Adad2_P
Ex_Fam163a_Prdm6_3,neuron,P,VGLUT2,MC_159:Pontine and medullary reticular neurons,Ex_Fam163a_Prdm6,Ex_Fam163a_Prdm6_P,Ex_Fam163a_Prdm6_P
Ex_Fam163a_Prdm6_4,neuron,P,VGLUT2,MC_159:Pontine and medullary reticular neurons,Ex_Fam163a_Prdm6,Ex_Fam163a_Prdm6_P,Ex_Fam163a_Prdm6_P
Ex_Fam163a_Prdm6_5,neuron,P,VGLUT2,MC_159:Pontine and medullary reticular neurons,Ex_Fam163a_Prdm6,Ex_Fam163a_Prdm6_P,Ex_Fam163a_Prdm6_P
Ex_Gata3_Svs5,neuron,P,VGLUT2,MC_114:Red nucleus neurons,Ex_Gata3_Svs5,Ex_Gata3_Svs5_P,Ex_Gata3_Svs5_P
Ex_Gata3_Tgm6_2,neuron,HY,VGLUT3,MC_114:Red nucleus neurons,Ex_Gata3_Tgm6,Ex_Gata3_Tgm6_HY,Ex_Gata3_Tgm6_HY
Ex_Lhx3_Il1f9,neuron,MY,VGLUT2,MC_155:Pontine and medullary reticular neurons,Ex_Lhx3_Il1f9,Ex_Lhx3_Il1f9_MY,Ex_Lhx3_Il1f9_MY
Ex_Lhx3_Sp8,neuron,MY,VGLUT2,MC_155:Pontine and medullary reticular neurons,Ex_Lhx3_Sp8,Ex_Lhx3_Sp8_MY,Ex_Lhx3_Sp8_MY
Inh_Foxp2_Bmp3_1,neuron,MY,GLY,MC_142:Pontine and medullary neurons,Inh_Foxp2_Bmp3,Inh_Foxp2_Bmp3_MY,Inh_Foxp2_Bmp3_MY
Inh_Foxp2_Bmp3_2,neuron,MY,GLY,MC_142:Pontine and medullary neurons,Inh_Foxp2_Bmp3,Inh_Foxp2_Bmp3_MY,Inh_Foxp2_Bmp3_MY
Inh_Foxp2_Bmp3_3,neuron,MY,GLY,MC_142:Pontine and medullary neurons,Inh_Foxp2_Bmp3,Inh_Foxp2_Bmp3_MY,Inh_Foxp2_Bmp3_MY
Inh_Foxp2_Bmp3_4,neuron,MY,GLY,MC_142:Pontine and medullary neurons,Inh_Foxp2_Bmp3,Inh_Foxp2_Bmp3_MY,Inh_Foxp2_Bmp3_MY
Inh_Foxp2_Bmp3_5,neuron,MY,GLY,MC_142:Pontine and medullary neurons,Inh_Foxp2_Bmp3,Inh_Foxp2_Bmp3_MY,Inh_Foxp2_Bmp3_MY
Inh_Pax8_Cntnap3,neuron,MY,GLY,MC_142:Pontine and medullary neurons,Inh_Pax8_Cntnap3,Inh_Pax8_Cntnap3_MY,Inh_Pax8_Cntnap3_MY
Inh_Pax8_Vgll3,neuron,MY,GLY,MC_142:Pontine and medullary neurons,Inh_Pax8_Vgll3,Inh_Pax8_Vgll3_MY,Inh_Pax8_Vgll3_MY
Inh_Pax8_Agtr1a_Tacr3,neuron,MY,GLY,MC_142:Pontine and medullary neurons,Inh_Pax8_Agtr1a_Tacr3,Inh_Pax8_Agtr1a_Tacr3_MY,Inh_Pax8_Agtr1a_Tacr3_MY
Inh_Pax2_Igfbpl1_1,neuron,MY,GLY,MC_121:Pontine and medullary neurons,Inh_Pax2_Igfbpl1,Inh_Pax2_Igfbpl1_MY,Inh_Pax2_Igfbpl1_MY
Inh_Pax2_Igfbpl1_2,neuron,MY,GABA,MC_121:Pontine and medullary neurons,Inh_Pax2_Igfbpl1,Inh_Pax2_Igfbpl1_MY,Inh_Pax2_Igfbpl1_MY
Inh_Pax2_Irx4_1,neuron,MY,GLY,MC_121:Pontine and medullary neurons,Inh_Pax2_Irx4,Inh_Pax2_Irx4_MY,Inh_Pax2_Irx4_MY
Inh_Pax2_Irx4_2,neuron,MY,GLY,MC_121:Pontine and medullary neurons,Inh_Pax2_Irx4,Inh_Pax2_Irx4_MY,Inh_Pax2_Irx4_MY
Inh_Pax2_Postn_1,neuron,MY,GLY,MC_141:Medullary neurons,Inh_Pax2_Postn,Inh_Pax2_Postn_MY,Inh_Pax2_Postn_MY
Inh_Pax2_Chrdl2_1,neuron,MY,GLY,MC_141:Medullary neurons,Inh_Pax2_Chrdl2,Inh_Pax2_Chrdl2_MY,Inh_Pax2_Chrdl2_MY
Inh_Pax2_Postn_2,neuron,MY,GLY,MC_141:Medullary neurons,Inh_Pax2_Postn,Inh_Pax2_Postn_MY,Inh_Pax2_Postn_MY
Inh_Pax2_Chrdl2_2,neuron,MY,GLY,MC_141:Medullary neurons,Inh_Pax2_Chrdl2,Inh_Pax2_Chrdl2_MY,Inh_Pax2_Chrdl2_MY
Inh_Pax2_Robo3,neuron,MY,GLY,MC_141:Medullary neurons,Inh_Pax2_Robo3,Inh_Pax2_Robo3_MY,Inh_Pax2_Robo3_MY
Inh_Pax2_Chrdl2_3,neuron,MY,GLY,MC_141:Medullary neurons,Inh_Pax2_Chrdl2,Inh_Pax2_Chrdl2_MY,Inh_Pax2_Chrdl2_MY
Inh_Pax2_Rgs5,neuron,MY,GLY,MC_141:Medullary neurons,Inh_Pax2_Rgs5,Inh_Pax2_Rgs5_MY,Inh_Pax2_Rgs5_MY
Inh_Pax2_Tnfaip8l3_1,neuron,MY,GLY,MC_141:Medullary neurons,Inh_Pax2_Tnfaip8l3,Inh_Pax2_Tnfaip8l3_MY,Inh_Pax2_Tnfaip8l3_MY
Inh_Pax2_Tnfaip8l3_2,neuron,MY,GLY,MC_141:Medullary neurons,Inh_Pax2_Tnfaip8l3,Inh_Pax2_Tnfaip8l3_MY,Inh_Pax2_Tnfaip8l3_MY
Inh_Pax2_Tnfaip8l3_3,neuron,MY,GLY,MC_141:Medullary neurons,Inh_Pax2_Tnfaip8l3,Inh_Pax2_Tnfaip8l3_MY,Inh_Pax2_Tnfaip8l3_MY
Inh_Pax2_Tnfaip8l3_4,neuron,MY,GLY,MC_141:Medullary neurons,Inh_Pax2_Tnfaip8l3,Inh_Pax2_Tnfaip8l3_MY,Inh_Pax2_Tnfaip8l3_MY
Inh_Pax2_Tnfaip8l3_5,neuron,MY,GLY,MC_141:Medullary neurons,Inh_Pax2_Tnfaip8l3,Inh_Pax2_Tnfaip8l3_MY,Inh_Pax2_Tnfaip8l3_MY
Inh_Pax2_Igfbp4,neuron,MY,GLY,MC_141:Medullary neurons,Inh_Pax2_Igfbp4,Inh_Pax2_Igfbp4_MY,Inh_Pax2_Igfbp4_MY
Inh_Pax2_Rxfp1_1,neuron,MY,GLY,MC_141:Medullary neurons,Inh_Pax2_Rxfp1,Inh_Pax2_Rxfp1_MY,Inh_Pax2_Rxfp1_MY
Inh_Pax2_Rxfp1_2,neuron,MY,GLY,MC_141:Medullary neurons,Inh_Pax2_Rxfp1,Inh_Pax2_Rxfp1_MY,Inh_Pax2_Rxfp1_MY
Inh_Pax2_Mgarp_Tcim,neuron,MY,GLY,MC_141:Medullary neurons,Inh_Pax2_Mgarp_Tcim,Inh_Pax2_Mgarp_Tcim_MY,Inh_Pax2_Mgarp_Tcim_MY
Inh_Pax2_Zbbx,neuron,MY,GLY,MC_141:Medullary neurons,Inh_Pax2_Zbbx,Inh_Pax2_Zbbx_MY,Inh_Pax2_Zbbx_MY
Inh_Pax2_Tfap2c_1,neuron,MY,GLY,MC_141:Medullary neurons,Inh_Pax2_Tfap2c,Inh_Pax2_Tfap2c_MY,Inh_Pax2_Tfap2c_MY
Inh_Pax2_Tfap2c_2,neuron,MY,GLY,MC_141:Medullary neurons,Inh_Pax2_Tfap2c,Inh_Pax2_Tfap2c_MY,Inh_Pax2_Tfap2c_MY
Inh_Pax2_Agtr1b_1,neuron,MY,GLY,MC_141:Medullary neurons,Inh_Pax2_Agtr1b,Inh_Pax2_Agtr1b_MY,Inh_Pax2_Agtr1b_MY
Inh_Pax2_Agtr1b_2,neuron,MY,GLY,MC_141:Medullary neurons,Inh_Pax2_Agtr1b,Inh_Pax2_Agtr1b_MY,Inh_Pax2_Agtr1b_MY
Inh_Pax2_Agtr1b_3,neuron,MY,GLY,MC_141:Medullary neurons,Inh_Pax2_Agtr1b,Inh_Pax2_Agtr1b_MY,Inh_Pax2_Agtr1b_MY
Inh_Pax2_Areg,neuron,MY,GLY,MC_141:Medullary neurons,Inh_Pax2_Areg,Inh_Pax2_Areg_MY,Inh_Pax2_Areg_MY
Inh_Pax2_Adamts12,neuron,MY,GLY,MC_141:Medullary neurons,Inh_Pax2_Adamts12,Inh_Pax2_Adamts12_MY,Inh_Pax2_Adamts12_MY
Inh_Pax2_Kcnj5,neuron,P,GLY,MC_117:Pontine and medullary neurons,Inh_Pax2_Kcnj5,Inh_Pax2_Kcnj5_P,Inh_Pax2_Kcnj5_P
Inh_Pax2_Brs3,neuron,MY,GLY,MC_117:Pontine and medullary neurons,Inh_Pax2_Brs3,Inh_Pax2_Brs3_MY,Inh_Pax2_Brs3_MY
Inh_Pax2_Gli2_1,neuron,MY,GLY,MC_117:Pontine and medullary neurons,Inh_Pax2_Gli2,Inh_Pax2_Gli2_MY,Inh_Pax2_Gli2_MY
Inh_Pax2_Gli2_2,neuron,MY,GLY,MC_117:Pontine and medullary neurons,Inh_Pax2_Gli2,Inh_Pax2_Gli2_MY,Inh_Pax2_Gli2_MY
Ex_Lhx9_Igfbpl1_1,neuron,MY,VGLUT2,"MC_178:Posterior medullary neurons, primarily spinal nucleus",Ex_Lhx9_Igfbpl1,Ex_Lhx9_Igfbpl1_MY,Ex_Lhx9_Igfbpl1_MY
Ex_Lhx9_Igfbpl1_2,neuron,,VGLUT2,"MC_178:Posterior medullary neurons, primarily spinal nucleus",Ex_Lhx9_Igfbpl1,Ex_Lhx9_Igfbpl1,Ex_Lhx9_Igfbpl1
Ex_Lhx9_Tmem215_1,neuron,MY,VGLUT2,"MC_178:Posterior medullary neurons, primarily spinal nucleus",Ex_Lhx9_Tmem215,Ex_Lhx9_Tmem215_MY,Ex_Lhx9_Tmem215_MY
Ex_Lhx9_Tmem215_2,neuron,,VGLUT2,"MC_178:Posterior medullary neurons, primarily spinal nucleus",Ex_Lhx9_Tmem215,Ex_Lhx9_Tmem215,Ex_Lhx9_Tmem215
Ex_Lhx9_Slc38a11_1,neuron,MY,VGLUT2,MC_139:Pontine and medullary neurons,Ex_Lhx9_Slc38a11,Ex_Lhx9_Slc38a11_MY,Ex_Lhx9_Slc38a11_MY
Ex_Lhx9_Slc38a11_2,neuron,MY,VGLUT2,MC_139:Pontine and medullary neurons,Ex_Lhx9_Slc38a11,Ex_Lhx9_Slc38a11_MY,Ex_Lhx9_Slc38a11_MY
Ex_Lhx9_Slc38a11_3,neuron,MY,VGLUT2,MC_139:Pontine and medullary neurons,Ex_Lhx9_Slc38a11,Ex_Lhx9_Slc38a11_MY,Ex_Lhx9_Slc38a11_MY
Ex_Lhx9_Wdr72,neuron,MY,VGLUT1_VGLUT2,MC_139:Pontine and medullary neurons,Ex_Lhx9_Wdr72,Ex_Lhx9_Wdr72_MY,Ex_Lhx9_Wdr72_MY
Ex_Lhx9_Slc38a11_4,neuron,MY,VGLUT2,MC_139:Pontine and medullary neurons,Ex_Lhx9_Slc38a11,Ex_Lhx9_Slc38a11_MY,Ex_Lhx9_Slc38a11_MY
Ex_Lhx9_Slc38a11_5,neuron,MY,VGLUT2,MC_139:Pontine and medullary neurons,Ex_Lhx9_Slc38a11,Ex_Lhx9_Slc38a11_MY,Ex_Lhx9_Slc38a11_MY
Ex_Lhx9_Slc38a11_6,neuron,,VGLUT2,MC_139:Pontine and medullary neurons,Ex_Lhx9_Slc38a11,Ex_Lhx9_Slc38a11,Ex_Lhx9_Slc38a11
Inh_Sox6_Cdkn1c,neuron,MY,GLY,MC_124:Pontine and medullary neurons,Inh_Sox6_Cdkn1c,Inh_Sox6_Cdkn1c_MY,Inh_Sox6_Cdkn1c_MY
Ex_Tlx1_Aoc1,neuron,MY,VGLUT2,MC_136:Pontine and medullary neurons,Ex_Tlx1_Aoc1,Ex_Tlx1_Aoc1_MY,Ex_Tlx1_Aoc1_MY
Ex_Tlx1_Tmem215_1,neuron,MY,VGLUT2,MC_136:Pontine and medullary neurons,Ex_Tlx1_Tmem215,Ex_Tlx1_Tmem215_MY,Ex_Tlx1_Tmem215_MY
Ex_Tlx1_Tmem215_2,neuron,MY,VGLUT2,MC_136:Pontine and medullary neurons,Ex_Tlx1_Tmem215,Ex_Tlx1_Tmem215_MY,Ex_Tlx1_Tmem215_MY
Ex_Tlx1_Tmem215_3,neuron,,VGLUT2,MC_136:Pontine and medullary neurons,Ex_Tlx1_Tmem215,Ex_Tlx1_Tmem215,Ex_Tlx1_Tmem215
Ex_Tlx1_Crocc2_1,neuron,MY,VGLUT2,MC_138:Pontine and medullary neurons,Ex_Tlx1_Crocc2,Ex_Tlx1_Crocc2_MY,Ex_Tlx1_Crocc2_MY
Ex_Tlx1_Crocc2_2,neuron,P,VGLUT2,MC_138:Pontine and medullary neurons,Ex_Tlx1_Crocc2,Ex_Tlx1_Crocc2_P,Ex_Tlx1_Crocc2_P
Ex_Tlx1_Crocc2_3,neuron,,VGLUT2,MC_138:Pontine and medullary neurons,Ex_Tlx1_Crocc2,Ex_Tlx1_Crocc2,Ex_Tlx1_Crocc2
Ex_Tlx1_Crocc2_4,neuron,P,VGLUT2,MC_138:Pontine and medullary neurons,Ex_Tlx1_Crocc2,Ex_Tlx1_Crocc2_P,Ex_Tlx1_Crocc2_P
Ex_Tlx1_Crocc2_5,neuron,MY,VGLUT2,MC_138:Pontine and medullary neurons,Ex_Tlx1_Crocc2,Ex_Tlx1_Crocc2_MY,Ex_Tlx1_Crocc2_MY
Ex_Tlx1_Crocc2_6,neuron,P,VGLUT2,MC_138:Pontine and medullary neurons,Ex_Tlx1_Crocc2,Ex_Tlx1_Crocc2_P,Ex_Tlx1_Crocc2_P
Ex_Lmx1b_Krt9_1,neuron,MY,VGLUT2,MC_177:Pontine and medullary neurons,Ex_Lmx1b_Krt9,Ex_Lmx1b_Krt9_MY,Ex_Lmx1b_Krt9_MY
Ex_Lmx1b_Krt9_2,neuron,MY,VGLUT2,MC_177:Pontine and medullary neurons,Ex_Lmx1b_Krt9,Ex_Lmx1b_Krt9_MY,Ex_Lmx1b_Krt9_MY
Ex_Dlk1_Nms,neuron,P,VGLUT2,MC_177:Pontine and medullary neurons,Ex_Dlk1_Nms,Ex_Dlk1_Nms_P,Ex_Dlk1_Nms_P
Ex_Tfap2b_Ppp1r1c_1,neuron,MB,VGLUT2,"MC_215:Superior collicular, motor area neurons",Ex_Tfap2b_Ppp1r1c,Ex_Tfap2b_Ppp1r1c_MB,Ex_Tfap2b_Ppp1r1c_MB
Ex_Tfap2b_Ppp1r1c_2,neuron,MB,VGLUT2,"MC_215:Superior collicular, motor area neurons",Ex_Tfap2b_Ppp1r1c,Ex_Tfap2b_Ppp1r1c_MB,Ex_Tfap2b_Ppp1r1c_MB
Inh_Pax5_Vwa7_1,neuron,MB,GLY,MC_104:Midbrain neurons,Inh_Pax5_Vwa7,Inh_Pax5_Vwa7_MB,Inh_Pax5_Vwa7_MB
Inh_Pax5_Vwa7_2,neuron,MY,GLY,MC_104:Midbrain neurons,Inh_Pax5_Vwa7,Inh_Pax5_Vwa7_MY,Inh_Pax5_Vwa7_MY
Inh_Pax5_Rab38_1,neuron,MB,GLY,MC_104:Midbrain neurons,Inh_Pax5_Rab38,Inh_Pax5_Rab38_MB,Inh_Pax5_Rab38_MB
Inh_Pax5_Rab38_2,neuron,MB,GABA,MC_104:Midbrain neurons,Inh_Pax5_Rab38,Inh_Pax5_Rab38_MB,Inh_Pax5_Rab38_MB
Inh_Pax5_Rab38_3,neuron,MB,GLY,MC_104:Midbrain neurons,Inh_Pax5_Rab38,Inh_Pax5_Rab38_MB,Inh_Pax5_Rab38_MB
Inh_Pax5_Rab38_4,neuron,MB,GABA,MC_104:Midbrain neurons,Inh_Pax5_Rab38,Inh_Pax5_Rab38_MB,Inh_Pax5_Rab38_MB
Inh_Pax5_Rab38_5,neuron,MB,GABA,MC_104:Midbrain neurons,Inh_Pax5_Rab38,Inh_Pax5_Rab38_MB,Inh_Pax5_Rab38_MB
Inh_Pax5_Met,neuron,MB,GLY,MC_102:Midbrain neurons,Inh_Pax5_Met,Inh_Pax5_Met_MB,Inh_Pax5_Met_MB
Inh_Pax5_Niban1,neuron,MB,GABA,MC_104:Midbrain neurons,Inh_Pax5_Niban1,Inh_Pax5_Niban1_MB,Inh_Pax5_Niban1_MB
Inh_Six3_Met_1,neuron,MB,GABA,"MC_106:Midbrain neurons, primarily reticulata",Inh_Six3_Met,Inh_Six3_Met_MB,Inh_Six3_Met_MB
Inh_Six3_Met_2,neuron,MB,GABA,"MC_106:Midbrain neurons, primarily reticulata",Inh_Six3_Met,Inh_Six3_Met_MB,Inh_Six3_Met_MB
Inh_Six3_Met_3,neuron,MB,GABA,"MC_106:Midbrain neurons, primarily reticulata",Inh_Six3_Met,Inh_Six3_Met_MB,Inh_Six3_Met_MB
Inh_Six3_Met_4,neuron,MB,GABA,"MC_106:Midbrain neurons, primarily reticulata",Inh_Six3_Met,Inh_Six3_Met_MB,Inh_Six3_Met_MB
Inh_Six3_Ano1_1,neuron,MB,GABA,MC_102:Midbrain neurons,Inh_Six3_Ano1,Inh_Six3_Ano1_MB,Inh_Six3_Ano1_MB
Inh_Six3_Ano1_2,neuron,MB,GABA,MC_102:Midbrain neurons,Inh_Six3_Ano1,Inh_Six3_Ano1_MB,Inh_Six3_Ano1_MB
Inh_Six3_Ano1_3,neuron,,GABA,MC_102:Midbrain neurons,Inh_Six3_Ano1,Inh_Six3_Ano1,Inh_Six3_Ano1
Inh_Six3_Sox21,neuron,MB,GABA,MC_102:Midbrain neurons,Inh_Six3_Sox21,Inh_Six3_Sox21_MB,Inh_Six3_Sox21_MB
Inh_Six3_Pamr1_1,neuron,MB,GABA,MC_102:Midbrain neurons,Inh_Six3_Pamr1,Inh_Six3_Pamr1_MB,Inh_Six3_Pamr1_MB
Inh_Six3_Pamr1_2,neuron,MB,GABA,MC_102:Midbrain neurons,Inh_Six3_Pamr1,Inh_Six3_Pamr1_MB,Inh_Six3_Pamr1_MB
Inh_Sox14_Plac9a,neuron,MB,GABA,MC_102:Midbrain neurons,Inh_Sox14_Plac9a,Inh_Sox14_Plac9a_MB,Inh_Sox14_Plac9a_MB
Inh_Six3_Svs5,neuron,MB,GABA,MC_102:Midbrain neurons,Inh_Six3_Svs5,Inh_Six3_Svs5_MB,Inh_Six3_Svs5_MB
Inh_Six3_Arid3c,neuron,MB,GABA,MC_102:Midbrain neurons,Inh_Six3_Arid3c,Inh_Six3_Arid3c_MB,Inh_Six3_Arid3c_MB
Inh_Six3_Fgf15,neuron,MB,GABA,MC_102:Midbrain neurons,Inh_Six3_Fgf15,Inh_Six3_Fgf15_MB,Inh_Six3_Fgf15_MB
Inh_Six3_Ccdc68_1,neuron,MB,GABA,MC_102:Midbrain neurons,Inh_Six3_Ccdc68,Inh_Six3_Ccdc68_MB,Inh_Six3_Ccdc68_MB
Inh_Six3_Ccdc68_2,neuron,MB,GABA,MC_102:Midbrain neurons,Inh_Six3_Ccdc68,Inh_Six3_Ccdc68_MB,Inh_Six3_Ccdc68_MB
Inh_Six3_Fgf16,neuron,MB,GABA,MC_102:Midbrain neurons,Inh_Six3_Fgf16,Inh_Six3_Fgf16_MB,Inh_Six3_Fgf16_MB
Inh_Nkx2-2_Trh_1,neuron,MB,GLY,"MC_98:Midbrain neurons, primarily periaqueductal gray",Inh_Nkx2-2_Trh,Inh_Nkx2-2_Trh_MB,Inh_Nkx2-2_Trh_MB
Inh_Nkx2-2_Trh_2,neuron,MB,GLY,"MC_98:Midbrain neurons, primarily periaqueductal gray",Inh_Nkx2-2_Trh,Inh_Nkx2-2_Trh_MB,Inh_Nkx2-2_Trh_MB
Inh_Nkx2-2_Tspo2_1,neuron,MB,GABA,"MC_98:Midbrain neurons, primarily periaqueductal gray",Inh_Nkx2-2_Tspo2,Inh_Nkx2-2_Tspo2_MB,Inh_Nkx2-2_Tspo2_MB
Inh_Nkx2-2_Tspo2_2,neuron,MB,GLY,"MC_98:Midbrain neurons, primarily periaqueductal gray",Inh_Nkx2-2_Tspo2,Inh_Nkx2-2_Tspo2_MB,Inh_Nkx2-2_Tspo2_MB
Inh_Nkx2-2_Slc26a7_1,neuron,MB,GLY,"MC_98:Midbrain neurons, primarily periaqueductal gray",Inh_Nkx2-2_Slc26a7,Inh_Nkx2-2_Slc26a7_MB,Inh_Nkx2-2_Slc26a7_MB
Inh_Nkx2-2_Vwa7,neuron,MB,GLY,"MC_98:Midbrain neurons, primarily periaqueductal gray",Inh_Nkx2-2_Vwa7,Inh_Nkx2-2_Vwa7_MB,Inh_Nkx2-2_Vwa7_MB
Inh_Nkx2-2_Slc26a7_2,neuron,MB,GLY,"MC_98:Midbrain neurons, primarily periaqueductal gray",Inh_Nkx2-2_Slc26a7,Inh_Nkx2-2_Slc26a7_MB,Inh_Nkx2-2_Slc26a7_MB
Inh_Nkx2-2_Glp1r_Trh_1,neuron,MB,GLY,"MC_98:Midbrain neurons, primarily periaqueductal gray",Inh_Nkx2-2_Glp1r_Trh,Inh_Nkx2-2_Glp1r_Trh_MB,Inh_Nkx2-2_Glp1r_Trh_MB
Inh_Nkx2-2_Glp1r_Trh_2,neuron,MB,GABA,"MC_98:Midbrain neurons, primarily periaqueductal gray",Inh_Nkx2-2_Glp1r_Trh,Inh_Nkx2-2_Glp1r_Trh_MB,Inh_Nkx2-2_Glp1r_Trh_MB
Inh_Nkx2-2_Glp1r_Trh_3,neuron,MB,GLY,"MC_98:Midbrain neurons, primarily periaqueductal gray",Inh_Nkx2-2_Glp1r_Trh,Inh_Nkx2-2_Glp1r_Trh_MB,Inh_Nkx2-2_Glp1r_Trh_MB
Inh_Nkx2-2_Ush2a,neuron,MB,GABA,MC_94:Tegmental neurons,Inh_Nkx2-2_Ush2a,Inh_Nkx2-2_Ush2a_MB,Inh_Nkx2-2_Ush2a_MB
Inh_Nkx2-2_Clic5,neuron,MB,GABA,MC_94:Tegmental neurons,Inh_Nkx2-2_Clic5,Inh_Nkx2-2_Clic5_MB,Inh_Nkx2-2_Clic5_MB
Inh_Six3_Ush2a,neuron,MB,GABA,MC_94:Tegmental neurons,Inh_Six3_Ush2a,Inh_Six3_Ush2a_MB,Inh_Six3_Ush2a_MB
Inh_Nkx2-2_Hsd17b14,neuron,MB,GABA,MC_94:Tegmental neurons,Inh_Nkx2-2_Hsd17b14,Inh_Nkx2-2_Hsd17b14_MB,Inh_Nkx2-2_Hsd17b14_MB
Ex_C1ql4_Crispld2_1,neuron,MB,VGLUT2,"MC_202:Tegmental neurons, including cuneiform nucleus",Ex_C1ql4_Crispld2,Ex_C1ql4_Crispld2_MB,Ex_C1ql4_Crispld2_MB
Ex_C1ql4_Crispld2_2,neuron,MB,VGLUT2,"MC_202:Tegmental neurons, including cuneiform nucleus",Ex_C1ql4_Crispld2,Ex_C1ql4_Crispld2_MB,Ex_C1ql4_Crispld2_MB
Ex_C1ql4_Prdm6,neuron,MB,VGLUT2,"MC_202:Tegmental neurons, including cuneiform nucleus",Ex_C1ql4_Prdm6,Ex_C1ql4_Prdm6_MB,Ex_C1ql4_Prdm6_MB
Ex_C1ql4_Kcne4_1,neuron,MB,VGLUT2,MC_162:Pontine and medullary neurons,Ex_C1ql4_Kcne4,Ex_C1ql4_Kcne4_MB,Ex_C1ql4_Kcne4_MB
Ex_C1ql4_Kcne4_2,neuron,P,VGLUT2,MC_162:Pontine and medullary neurons,Ex_C1ql4_Kcne4,Ex_C1ql4_Kcne4_P,Ex_C1ql4_Kcne4_P
Ex_C1ql4_Kcne4_3,neuron,MB,VGLUT2,MC_162:Pontine and medullary neurons,Ex_C1ql4_Kcne4,Ex_C1ql4_Kcne4_MB,Ex_C1ql4_Kcne4_MB
Ex_C1ql4_Kcne4_4,neuron,MY,VGLUT2,MC_162:Pontine and medullary neurons,Ex_C1ql4_Kcne4,Ex_C1ql4_Kcne4_MY,Ex_C1ql4_Kcne4_MY
Ex_C1ql4_Islr2_1,neuron,P,VGLUT2,MC_162:Pontine and medullary neurons,Ex_C1ql4_Islr2,Ex_C1ql4_Islr2_P,Ex_C1ql4_Islr2_P
Ex_C1ql4_Islr2_2,neuron,MY,VGLUT2,MC_162:Pontine and medullary neurons,Ex_C1ql4_Islr2,Ex_C1ql4_Islr2_MY,Ex_C1ql4_Islr2_MY
Ex_C1ql4_Islr2_3,neuron,MY,VGLUT2,MC_162:Pontine and medullary neurons,Ex_C1ql4_Islr2,Ex_C1ql4_Islr2_MY,Ex_C1ql4_Islr2_MY
Ex_C1ql4_Islr2_4,neuron,MY,VGLUT2,MC_162:Pontine and medullary neurons,Ex_C1ql4_Islr2,Ex_C1ql4_Islr2_MY,Ex_C1ql4_Islr2_MY
Ex_C1ql4_Calcr_1,neuron,MY,VGLUT2,MC_162:Pontine and medullary neurons,Ex_C1ql4_Calcr,Ex_C1ql4_Calcr_MY,Ex_C1ql4_Calcr_MY
Ex_C1ql4_Calcr_2,neuron,MY,VGLUT2,MC_162:Pontine and medullary neurons,Ex_C1ql4_Calcr,Ex_C1ql4_Calcr_MY,Ex_C1ql4_Calcr_MY
Ex_C1ql4_Calcr_3,neuron,HY,VGLUT2,MC_162:Pontine and medullary neurons,Ex_C1ql4_Calcr,Ex_C1ql4_Calcr_HY,Ex_C1ql4_Calcr_HY
Ex_C1ql4_Calcr_4,neuron,,VGLUT2,MC_162:Pontine and medullary neurons,Ex_C1ql4_Calcr,Ex_C1ql4_Calcr,Ex_C1ql4_Calcr
Ex_C1ql4_Drd1_1,neuron,MB,VGLUT2,MC_162:Pontine and medullary neurons,Ex_C1ql4_Drd1,Ex_C1ql4_Drd1_MB,Ex_C1ql4_Drd1_MB
Ex_C1ql4_Drd1_2,neuron,MB,VGLUT2,MC_162:Pontine and medullary neurons,Ex_C1ql4_Drd1,Ex_C1ql4_Drd1_MB,Ex_C1ql4_Drd1_MB
Ex_C1ql4_Drd1_3,neuron,,VGLUT2,MC_162:Pontine and medullary neurons,Ex_C1ql4_Drd1,Ex_C1ql4_Drd1,Ex_C1ql4_Drd1
Ex_C1ql4_Drd1_4,neuron,MB,VGLUT2,MC_162:Pontine and medullary neurons,Ex_C1ql4_Drd1,Ex_C1ql4_Drd1_MB,Ex_C1ql4_Drd1_MB
Ex_C1ql4_Drd1_5,neuron,MY,VGLUT2,MC_162:Pontine and medullary neurons,Ex_C1ql4_Drd1,Ex_C1ql4_Drd1_MY,Ex_C1ql4_Drd1_MY
Ex_C1ql4_Drd1_6,neuron,P,VGLUT2,MC_162:Pontine and medullary neurons,Ex_C1ql4_Drd1,Ex_C1ql4_Drd1_P,Ex_C1ql4_Drd1_P
Ex_C1ql4_Drd1_7,neuron,MB,VGLUT2,MC_162:Pontine and medullary neurons,Ex_C1ql4_Drd1,Ex_C1ql4_Drd1_MB,Ex_C1ql4_Drd1_MB
Ex_C1ql4_Tgm6_1,neuron,P,VGLUT2,MC_162:Pontine and medullary neurons,Ex_C1ql4_Tgm6,Ex_C1ql4_Tgm6_P,Ex_C1ql4_Tgm6_P
Ex_C1ql4_Tgm6_2,neuron,MB,VGLUT2,MC_162:Pontine and medullary neurons,Ex_C1ql4_Tgm6,Ex_C1ql4_Tgm6_MB,Ex_C1ql4_Tgm6_MB
Ex_C1ql4_Tgm6_3,neuron,P,VGLUT2,MC_162:Pontine and medullary neurons,Ex_C1ql4_Tgm6,Ex_C1ql4_Tgm6_P,Ex_C1ql4_Tgm6_P
Ex_C1ql4_Tgm6_4,neuron,MB,VGLUT2,MC_162:Pontine and medullary neurons,Ex_C1ql4_Tgm6,Ex_C1ql4_Tgm6_MB,Ex_C1ql4_Tgm6_MB
Ex_C1ql4_Tgm6_5,neuron,MB,VGLUT2,MC_162:Pontine and medullary neurons,Ex_C1ql4_Tgm6,Ex_C1ql4_Tgm6_MB,Ex_C1ql4_Tgm6_MB
Inh_Gata3_Tecrl,neuron,MY,GLY,MC_123:Pontine and medullary neurons,Inh_Gata3_Tecrl,Inh_Gata3_Tecrl_MY,Inh_Gata3_Tecrl_MY
Inh_Gata3_Frmd7_1,neuron,MY,GLY,MC_123:Pontine and medullary neurons,Inh_Gata3_Frmd7,Inh_Gata3_Frmd7_MY,Inh_Gata3_Frmd7_MY
Inh_Gata3_Frmd7_2,neuron,MY,GLY,MC_123:Pontine and medullary neurons,Inh_Gata3_Frmd7,Inh_Gata3_Frmd7_MY,Inh_Gata3_Frmd7_MY
Inh_Gata3_Vwde_1,neuron,,GLY,MC_123:Pontine and medullary neurons,Inh_Gata3_Vwde,Inh_Gata3_Vwde,Inh_Gata3_Vwde
Inh_Gata3_Vwde_2,neuron,MY,GLY,MC_123:Pontine and medullary neurons,Inh_Gata3_Vwde,Inh_Gata3_Vwde_MY,Inh_Gata3_Vwde_MY
Inh_Gata3_Slc5a7,neuron,,GLY,MC_123:Pontine and medullary neurons,Inh_Gata3_Slc5a7,Inh_Gata3_Slc5a7,Inh_Gata3_Slc5a7
Inh_Gata3_Edaradd,neuron,MY,GLY,MC_123:Pontine and medullary neurons,Inh_Gata3_Edaradd,Inh_Gata3_Edaradd_MY,Inh_Gata3_Edaradd_MY
Inh_Gata3_Npy2r_1,neuron,MY,GLY,MC_123:Pontine and medullary neurons,Inh_Gata3_Npy2r,Inh_Gata3_Npy2r_MY,Inh_Gata3_Npy2r_MY
Inh_Gata3_Npy2r_2,neuron,MY,GLY,MC_123:Pontine and medullary neurons,Inh_Gata3_Npy2r,Inh_Gata3_Npy2r_MY,Inh_Gata3_Npy2r_MY
Inh_Gata3_Npy2r_3,neuron,MY,GLY,MC_123:Pontine and medullary neurons,Inh_Gata3_Npy2r,Inh_Gata3_Npy2r_MY,Inh_Gata3_Npy2r_MY
Inh_Gata3_Clic5_1,neuron,MY,GLY,MC_123:Pontine and medullary neurons,Inh_Gata3_Clic5,Inh_Gata3_Clic5_MY,Inh_Gata3_Clic5_MY
Inh_Gata3_Clic5_2,neuron,MY,GLY,MC_123:Pontine and medullary neurons,Inh_Gata3_Clic5,Inh_Gata3_Clic5_MY,Inh_Gata3_Clic5_MY
Inh_Gata3_Clic5_3,neuron,MY,GLY,MC_123:Pontine and medullary neurons,Inh_Gata3_Clic5,Inh_Gata3_Clic5_MY,Inh_Gata3_Clic5_MY
Inh_Gata3_Stat4_3,neuron,MY,GLY,MC_123:Pontine and medullary neurons,Inh_Gata3_Stat4,Inh_Gata3_Stat4_MY,Inh_Gata3_Stat4_MY
Inh_Gata3_Arhgap9,neuron,MY,GLY,MC_123:Pontine and medullary neurons,Inh_Gata3_Arhgap9,Inh_Gata3_Arhgap9_MY,Inh_Gata3_Arhgap9_MY
Inh_Gata3_Wnt16,neuron,MY,GLY,MC_123:Pontine and medullary neurons,Inh_Gata3_Wnt16,Inh_Gata3_Wnt16_MY,Inh_Gata3_Wnt16_MY
Inh_Gata3_Pmfbp1_1,neuron,MY,GLY,MC_123:Pontine and medullary neurons,Inh_Gata3_Pmfbp1,Inh_Gata3_Pmfbp1_MY,Inh_Gata3_Pmfbp1_MY
Inh_Gata3_Pmfbp1_2,neuron,MY,GLY,MC_123:Pontine and medullary neurons,Inh_Gata3_Pmfbp1,Inh_Gata3_Pmfbp1_MY,Inh_Gata3_Pmfbp1_MY
Inh_Gata3_Pou6f2_Olfr48_1,neuron,MY,GLY,MC_123:Pontine and medullary neurons,Inh_Gata3_Pou6f2_Olfr48,Inh_Gata3_Pou6f2_Olfr48_MY,Inh_Gata3_Pou6f2_Olfr48_MY
Inh_Gata3_Pou6f2_Olfr48_2,neuron,MY,GLY,MC_123:Pontine and medullary neurons,Inh_Gata3_Pou6f2_Olfr48,Inh_Gata3_Pou6f2_Olfr48_MY,Inh_Gata3_Pou6f2_Olfr48_MY
Inh_Gata3_Gda_1,neuron,MY,GLY,MC_123:Pontine and medullary neurons,Inh_Gata3_Gda,Inh_Gata3_Gda_MY,Inh_Gata3_Gda_MY
Inh_Gata3_Gda_2,neuron,MY,GLY,MC_123:Pontine and medullary neurons,Inh_Gata3_Gda,Inh_Gata3_Gda_MY,Inh_Gata3_Gda_MY
Inh_Gata3_Nptx2,neuron,MY,GLY,MC_123:Pontine and medullary neurons,Inh_Gata3_Nptx2,Inh_Gata3_Nptx2_MY,Inh_Gata3_Nptx2_MY
Inh_Gata3_Ucn3,neuron,,GLY,MC_123:Pontine and medullary neurons,Inh_Gata3_Ucn3,Inh_Gata3_Ucn3,Inh_Gata3_Ucn3
Inh_Gata3_Tnmd,neuron,MY,GLY,MC_123:Pontine and medullary neurons,Inh_Gata3_Tnmd,Inh_Gata3_Tnmd_MY,Inh_Gata3_Tnmd_MY
Inh_Gata3_Wnt16_1,neuron,MY,GLY,MC_123:Pontine and medullary neurons,Inh_Gata3_Wnt16,Inh_Gata3_Wnt16_MY,Inh_Gata3_Wnt16_MY
Inh_Gata3_Wnt16_2,neuron,MY,VGLUT3_GLY,MC_94:Tegmental neurons,Inh_Gata3_Wnt16,Inh_Gata3_Wnt16_MY,Inh_Gata3_Wnt16_MY
Inh_Gata3_Tecrl_1,neuron,MY,GLY,MC_94:Tegmental neurons,Inh_Gata3_Tecrl,Inh_Gata3_Tecrl_MY,Inh_Gata3_Tecrl_MY
Inh_Gata3_Tecrl_2,neuron,MY,GLY,MC_123:Pontine and medullary neurons,Inh_Gata3_Tecrl,Inh_Gata3_Tecrl_MY,Inh_Gata3_Tecrl_MY
Inh_Gata3_Hoxd4_Olfr48,neuron,MY,GLY,MC_123:Pontine and medullary neurons,Inh_Gata3_Hoxd4_Olfr48,Inh_Gata3_Hoxd4_Olfr48_MY,Inh_Gata3_Hoxd4_Olfr48_MY
Inh_Gata3_Tecrl_3,neuron,MY,GLY,MC_123:Pontine and medullary neurons,Inh_Gata3_Tecrl,Inh_Gata3_Tecrl_MY,Inh_Gata3_Tecrl_MY
Inh_Gata3_Cdh3_1,neuron,MY,GLY,MC_123:Pontine and medullary neurons,Inh_Gata3_Cdh3,Inh_Gata3_Cdh3_MY,Inh_Gata3_Cdh3_MY
Inh_Gata3_Cdh3_2,neuron,MY,GLY,MC_123:Pontine and medullary neurons,Inh_Gata3_Cdh3,Inh_Gata3_Cdh3_MY,Inh_Gata3_Cdh3_MY
Inh_Gata3_Nts,neuron,MY,GLY,MC_123:Pontine and medullary neurons,Inh_Gata3_Nts,Inh_Gata3_Nts_MY,Inh_Gata3_Nts_MY
Inh_Gata3_Qrfpr_1,neuron,MY,GLY,MC_123:Pontine and medullary neurons,Inh_Gata3_Qrfpr,Inh_Gata3_Qrfpr_MY,Inh_Gata3_Qrfpr_MY
Inh_Gata3_Qrfpr_2,neuron,,GLY,MC_123:Pontine and medullary neurons,Inh_Gata3_Qrfpr,Inh_Gata3_Qrfpr,Inh_Gata3_Qrfpr
Inh_Gata3_Qrfpr_3,neuron,MY,GLY,MC_123:Pontine and medullary neurons,Inh_Gata3_Qrfpr,Inh_Gata3_Qrfpr_MY,Inh_Gata3_Qrfpr_MY
Inh_Gata3_Gdpd2_1,neuron,MY,GLY,MC_123:Pontine and medullary neurons,Inh_Gata3_Gdpd2,Inh_Gata3_Gdpd2_MY,Inh_Gata3_Gdpd2_MY
Inh_Gata3_Gdpd2_2,neuron,MY,GLY,MC_123:Pontine and medullary neurons,Inh_Gata3_Gdpd2,Inh_Gata3_Gdpd2_MY,Inh_Gata3_Gdpd2_MY
Inh_Pax8_Oxtr_1,neuron,MY,GLY,MC_134:Pontine and medullary neurons,Inh_Pax8_Oxtr,Inh_Pax8_Oxtr_MY,Inh_Pax8_Oxtr_MY
Inh_Pax8_Oxtr_2,neuron,MY,GLY,MC_134:Pontine and medullary neurons,Inh_Pax8_Oxtr,Inh_Pax8_Oxtr_MY,Inh_Pax8_Oxtr_MY
Inh_Pax8_Oxtr_3,neuron,MY,GLY,MC_134:Pontine and medullary neurons,Inh_Pax8_Oxtr,Inh_Pax8_Oxtr_MY,Inh_Pax8_Oxtr_MY
Inh_Pax8_Kcng3,neuron,MY,GLY,MC_134:Pontine and medullary neurons,Inh_Pax8_Kcng3,Inh_Pax8_Kcng3_MY,Inh_Pax8_Kcng3_MY
Inh_Pax8_Oxtr_4,neuron,MY,GLY,MC_134:Pontine and medullary neurons,Inh_Pax8_Oxtr,Inh_Pax8_Oxtr_MY,Inh_Pax8_Oxtr_MY
Inh_Pax8_Bmp4_1,neuron,MY,VGLUT3_GLY,MC_134:Pontine and medullary neurons,Inh_Pax8_Bmp4,Inh_Pax8_Bmp4_MY,Inh_Pax8_Bmp4_MY
Inh_Pax8_Bmp4_2,neuron,MY,GLY,MC_134:Pontine and medullary neurons,Inh_Pax8_Bmp4,Inh_Pax8_Bmp4_MY,Inh_Pax8_Bmp4_MY
Inh_Pax8_Apbb1ip,neuron,MY,GLY,MC_134:Pontine and medullary neurons,Inh_Pax8_Apbb1ip,Inh_Pax8_Apbb1ip_MY,Inh_Pax8_Apbb1ip_MY
Inh_Pax8_Zan,neuron,MY,GLY,MC_132:Pontine and medullary neurons,Inh_Pax8_Zan,Inh_Pax8_Zan_MY,Inh_Pax8_Zan_MY
Inh_Pax8_Dpp4,neuron,MY,GLY,MC_134:Pontine and medullary neurons,Inh_Pax8_Dpp4,Inh_Pax8_Dpp4_MY,Inh_Pax8_Dpp4_MY
Inh_Pax8_Sp9,neuron,MY,GLY,MC_132:Pontine and medullary neurons,Inh_Pax8_Sp9,Inh_Pax8_Sp9_MY,Inh_Pax8_Sp9_MY
Inh_Pax2_Papln_1,neuron,MY,GLY,MC_134:Pontine and medullary neurons,Inh_Pax2_Papln,Inh_Pax2_Papln_MY,Inh_Pax2_Papln_MY
Inh_Pax2_Papln_2,neuron,MY,GLY,MC_134:Pontine and medullary neurons,Inh_Pax2_Papln,Inh_Pax2_Papln_MY,Inh_Pax2_Papln_MY
Inh_Pax2_Papln_3,neuron,MY,GLY,MC_132:Pontine and medullary neurons,Inh_Pax2_Papln,Inh_Pax2_Papln_MY,Inh_Pax2_Papln_MY
Inh_Dmbx1_Slitrk6,neuron,MY,GLY,MC_144:Medulary vestibular neurons,Inh_Dmbx1_Slitrk6,Inh_Dmbx1_Slitrk6_MY,Inh_Dmbx1_Slitrk6_MY
Ex_Dmrta2_Prkcq_1,neuron,MB,VGLUT2,MC_194:Posterior hypothalamic neurons,Ex_Dmrta2_Prkcq,Ex_Dmrta2_Prkcq_MB,Ex_Dmrta2_Prkcq_MB
Ex_Dmrta2_Prkcq_2,neuron,HY,VGLUT2,MC_194:Posterior hypothalamic neurons,Ex_Dmrta2_Prkcq,Ex_Dmrta2_Prkcq_HY,Ex_Dmrta2_Prkcq_HY
Ex_Dmrta2_Prkcq_3,neuron,MB,VGLUT2,MC_194:Posterior hypothalamic neurons,Ex_Dmrta2_Prkcq,Ex_Dmrta2_Prkcq_MB,Ex_Dmrta2_Prkcq_MB
Ex_Dmrta2_Prkcq_4,neuron,OLF,VGLUT2,MC_191:Hypothalamic neurons,Ex_Dmrta2_Prkcq,Ex_Dmrta2_Prkcq_OLF,Ex_Dmrta2_Prkcq_OLF
Ex_Dmrta2_Prkcq_5,neuron,HY,VGLUT2,MC_194:Posterior hypothalamic neurons,Ex_Dmrta2_Prkcq,Ex_Dmrta2_Prkcq_HY,Ex_Dmrta2_Prkcq_HY
Ex_Dmrta2_Prkcq_6,neuron,OLF,VGLUT2,MC_194:Posterior hypothalamic neurons,Ex_Dmrta2_Prkcq,Ex_Dmrta2_Prkcq_OLF,Ex_Dmrta2_Prkcq_OLF
Ex_Dmrta2_Bmp3_1,neuron,HY,VGLUT2,MC_194:Posterior hypothalamic neurons,Ex_Dmrta2_Bmp3,Ex_Dmrta2_Bmp3_HY,Ex_Dmrta2_Bmp3_HY
Ex_Dmrta2_Fbln2,neuron,HY,VGLUT2,MC_194:Posterior hypothalamic neurons,Ex_Dmrta2_Fbln2,Ex_Dmrta2_Fbln2_HY,Ex_Dmrta2_Fbln2_HY
Ex_Dmrta2_Bmp3_2,neuron,HY,VGLUT2,MC_194:Posterior hypothalamic neurons,Ex_Dmrta2_Bmp3,Ex_Dmrta2_Bmp3_HY,Ex_Dmrta2_Bmp3_HY
Ex_Dmrta2_Bmp3_3,neuron,HY,VGLUT2_VGLUT3,MC_194:Posterior hypothalamic neurons,Ex_Dmrta2_Bmp3,Ex_Dmrta2_Bmp3_HY,Ex_Dmrta2_Bmp3_HY
Ex_Dmrta2_Chrna6_1,neuron,HY,VGLUT2,"MC_193:Hypothalamic neurons, primarily mammilary body nuclei",Ex_Dmrta2_Chrna6,Ex_Dmrta2_Chrna6_HY,Ex_Dmrta2_Chrna6_HY
Ex_Dmrta2_Chrna6_2,neuron,OLF,VGLUT2,"MC_193:Hypothalamic neurons, primarily mammilary body nuclei",Ex_Dmrta2_Chrna6,Ex_Dmrta2_Chrna6_OLF,Ex_Dmrta2_Chrna6_OLF
Ex_Dmrta2_Chrna6_3,neuron,MB,VGLUT2,"MC_193:Hypothalamic neurons, primarily mammilary body nuclei",Ex_Dmrta2_Chrna6,Ex_Dmrta2_Chrna6_MB,Ex_Dmrta2_Chrna6_MB
Ex_Dmrta2_Chrna6_4,neuron,HY,VGLUT2,"MC_193:Hypothalamic neurons, primarily mammilary body nuclei",Ex_Dmrta2_Chrna6,Ex_Dmrta2_Chrna6_HY,Ex_Dmrta2_Chrna6_HY
Ex_Dmrta2_Chrna6_5,neuron,HY,VGLUT2,"MC_193:Hypothalamic neurons, primarily mammilary body nuclei",Ex_Dmrta2_Chrna6,Ex_Dmrta2_Chrna6_HY,Ex_Dmrta2_Chrna6_HY
Ex_Dmrta2_Chrna6_6,neuron,HY,VGLUT2,"MC_193:Hypothalamic neurons, primarily mammilary body nuclei",Ex_Dmrta2_Chrna6,Ex_Dmrta2_Chrna6_HY,Ex_Dmrta2_Chrna6_HY
Ex_Dmrta2_Greb1_1,neuron,HY,VGLUT2,MC_188:Hypothalamic and tegmental neurons,Ex_Dmrta2_Greb1,Ex_Dmrta2_Greb1_HY,Ex_Dmrta2_Greb1_HY
Ex_Dmrta2_Greb1_2,neuron,HY,VGLUT2,MC_188:Hypothalamic and tegmental neurons,Ex_Dmrta2_Greb1,Ex_Dmrta2_Greb1_HY,Ex_Dmrta2_Greb1_HY
Ex_Dmrta2_Fam83b_1,neuron,HY,VGLUT2,MC_188:Hypothalamic and tegmental neurons,Ex_Dmrta2_Fam83b,Ex_Dmrta2_Fam83b_HY,Ex_Dmrta2_Fam83b_HY
Ex_Dmrta2_Fam83b_2,neuron,HY,VGLUT2,MC_188:Hypothalamic and tegmental neurons,Ex_Dmrta2_Fam83b,Ex_Dmrta2_Fam83b_HY,Ex_Dmrta2_Fam83b_HY
Ex_Dmrta2_Irx3,neuron,HY,VGLUT2,MC_188:Hypothalamic and tegmental neurons,Ex_Dmrta2_Irx3,Ex_Dmrta2_Irx3_HY,Ex_Dmrta2_Irx3_HY
Ex_Phox2b_Nr1h4_1,neuron,MY,VGLUT2,MC_168:Pontine and medullary neurons,Ex_Phox2b_Nr1h4,Ex_Phox2b_Nr1h4_MY,Ex_Phox2b_Nr1h4_MY
Ex_Phox2b_Nr1h4_2,neuron,MY,VGLUT2,MC_168:Pontine and medullary neurons,Ex_Phox2b_Nr1h4,Ex_Phox2b_Nr1h4_MY,Ex_Phox2b_Nr1h4_MY
Ex_Phox2b_Nr1h4_3,neuron,MY,VGLUT2,MC_168:Pontine and medullary neurons,Ex_Phox2b_Nr1h4,Ex_Phox2b_Nr1h4_MY,Ex_Phox2b_Nr1h4_MY
Ex_Phox2b_Serpinb7_1,neuron,MY,VGLUT2,MC_168:Pontine and medullary neurons,Ex_Phox2b_Serpinb7,Ex_Phox2b_Serpinb7_MY,Ex_Phox2b_Serpinb7_MY
Ex_Phox2b_Serpinb7_2,neuron,MY,VGLUT2,MC_168:Pontine and medullary neurons,Ex_Phox2b_Serpinb7,Ex_Phox2b_Serpinb7_MY,Ex_Phox2b_Serpinb7_MY
Ex_Lmx1b_Tex47_1,neuron,MY,VGLUT2,MC_168:Pontine and medullary neurons,Ex_Lmx1b_Tex47,Ex_Lmx1b_Tex47_MY,Ex_Lmx1b_Tex47_MY
Ex_Lmx1b_Tex47_2,neuron,MY,VGLUT2,MC_168:Pontine and medullary neurons,Ex_Lmx1b_Tex47,Ex_Lmx1b_Tex47_MY,Ex_Lmx1b_Tex47_MY
Ex_Lmx1b_Tex47_3,neuron,MY,VGLUT2_VGLUT3,MC_168:Pontine and medullary neurons,Ex_Lmx1b_Tex47,Ex_Lmx1b_Tex47_MY,Ex_Lmx1b_Tex47_MY
Ex_Lmx1b_Gabre,neuron,MY,VGLUT2,MC_168:Pontine and medullary neurons,Ex_Lmx1b_Gabre,Ex_Lmx1b_Gabre_MY,Ex_Lmx1b_Gabre_MY
Ex_Phox2b_Susd5_1,neuron,,VGLUT2,MC_168:Pontine and medullary neurons,Ex_Phox2b_Susd5,Ex_Phox2b_Susd5,Ex_Phox2b_Susd5
Ex_Phox2b_Susd5_2,neuron,,VGLUT2,MC_168:Pontine and medullary neurons,Ex_Phox2b_Susd5,Ex_Phox2b_Susd5,Ex_Phox2b_Susd5
Ex_Phox2b_Zar1l,neuron,MY,VGLUT2,MC_168:Pontine and medullary neurons,Ex_Phox2b_Zar1l,Ex_Phox2b_Zar1l_MY,Ex_Phox2b_Zar1l_MY
Ex_Phox2b_Npffr2_1,neuron,MY,VGLUT2,MC_168:Pontine and medullary neurons,Ex_Phox2b_Npffr2,Ex_Phox2b_Npffr2_MY,Ex_Phox2b_Npffr2_MY
Ex_Phox2b_Npffr2_2,neuron,MY,VGLUT2,MC_168:Pontine and medullary neurons,Ex_Phox2b_Npffr2,Ex_Phox2b_Npffr2_MY,Ex_Phox2b_Npffr2_MY
Ex_Phox2b_Adam33_1,neuron,MY,VGLUT2,MC_168:Pontine and medullary neurons,Ex_Phox2b_Adam33,Ex_Phox2b_Adam33_MY,Ex_Phox2b_Adam33_MY
Ex_Phox2b_Adam33_2,neuron,MY,VGLUT2,MC_168:Pontine and medullary neurons,Ex_Phox2b_Adam33,Ex_Phox2b_Adam33_MY,Ex_Phox2b_Adam33_MY
Ex_Phox2b_Adam33_3,neuron,MY,VGLUT2,MC_168:Pontine and medullary neurons,Ex_Phox2b_Adam33,Ex_Phox2b_Adam33_MY,Ex_Phox2b_Adam33_MY
Ex_Phox2b_Chrna5_1,neuron,MY,VGLUT2,MC_168:Pontine and medullary neurons,Ex_Phox2b_Chrna5,Ex_Phox2b_Chrna5_MY,Ex_Phox2b_Chrna5_MY
Ex_Phox2b_Chrna5_2,neuron,MY,VGLUT2,MC_168:Pontine and medullary neurons,Ex_Phox2b_Chrna5,Ex_Phox2b_Chrna5_MY,Ex_Phox2b_Chrna5_MY
Ex_Phox2b_Chrna5_3,neuron,MY,VGLUT2,MC_168:Pontine and medullary neurons,Ex_Phox2b_Chrna5,Ex_Phox2b_Chrna5_MY,Ex_Phox2b_Chrna5_MY
Ex_Phox2b_Olfr273,neuron,MY,VGLUT2,MC_168:Pontine and medullary neurons,Ex_Phox2b_Olfr273,Ex_Phox2b_Olfr273_MY,Ex_Phox2b_Olfr273_MY
Ex_Phox2b_Frzb,neuron,MY,VGLUT2,MC_168:Pontine and medullary neurons,Ex_Phox2b_Frzb,Ex_Phox2b_Frzb_MY,Ex_Phox2b_Frzb_MY
Ex_Phox2b_Tac2_1,neuron,MB,VGLUT2,"MC_167:Pontine and medullary neurons, primarily nucleus solitarius",Ex_Phox2b_Tac2,Ex_Phox2b_Tac2_MB,Ex_Phox2b_Tac2_MB
Ex_Phox2b_Tac2_2,neuron,,VGLUT2,"MC_167:Pontine and medullary neurons, primarily nucleus solitarius",Ex_Phox2b_Tac2,Ex_Phox2b_Tac2,Ex_Phox2b_Tac2
Ex_Phox2b_Zbbx_Nts_1,neuron,,VGLUT2,"MC_167:Pontine and medullary neurons, primarily nucleus solitarius",Ex_Phox2b_Zbbx_Nts,Ex_Phox2b_Zbbx_Nts,Ex_Phox2b_Zbbx_Nts
Ex_Phox2b_Zbbx_Nts_2,neuron,,VGLUT2,"MC_167:Pontine and medullary neurons, primarily nucleus solitarius",Ex_Phox2b_Zbbx_Nts,Ex_Phox2b_Zbbx_Nts,Ex_Phox2b_Zbbx_Nts
Ex_Phox2b_Ddit4l_1,neuron,P,VGLUT2,"MC_167:Pontine and medullary neurons, primarily nucleus solitarius",Ex_Phox2b_Ddit4l,Ex_Phox2b_Ddit4l_P,Ex_Phox2b_Ddit4l_P
Ex_Phox2b_Ddit4l_2,neuron,P,VGLUT2,"MC_167:Pontine and medullary neurons, primarily nucleus solitarius",Ex_Phox2b_Ddit4l,Ex_Phox2b_Ddit4l_P,Ex_Phox2b_Ddit4l_P
Ex_Phox2b_Ddit4l_3,neuron,MB,VGLUT2,"MC_167:Pontine and medullary neurons, primarily nucleus solitarius",Ex_Phox2b_Ddit4l,Ex_Phox2b_Ddit4l_MB,Ex_Phox2b_Ddit4l_MB
Ex_Phox2b_Olig3_1,neuron,MY,VGLUT2,MC_168:Pontine and medullary neurons,Ex_Phox2b_Olig3,Ex_Phox2b_Olig3_MY,Ex_Phox2b_Olig3_MY
Ex_Phox2b_Olig3_2,neuron,,VGLUT2,MC_168:Pontine and medullary neurons,Ex_Phox2b_Olig3,Ex_Phox2b_Olig3,Ex_Phox2b_Olig3
Ex_Phox2b_Olig3_3,neuron,,VGLUT2,MC_168:Pontine and medullary neurons,Ex_Phox2b_Olig3,Ex_Phox2b_Olig3,Ex_Phox2b_Olig3
Ex_Phox2b_Olig3_4,neuron,MY,VGLUT2,MC_168:Pontine and medullary neurons,Ex_Phox2b_Olig3,Ex_Phox2b_Olig3_MY,Ex_Phox2b_Olig3_MY
Ex_Phox2b_Olig3_5,neuron,MY,VGLUT2,MC_168:Pontine and medullary neurons,Ex_Phox2b_Olig3,Ex_Phox2b_Olig3_MY,Ex_Phox2b_Olig3_MY
Ex_Phox2b_Olig3_6,neuron,,VGLUT2,MC_168:Pontine and medullary neurons,Ex_Phox2b_Olig3,Ex_Phox2b_Olig3,Ex_Phox2b_Olig3
Ex_Phox2b_Olig3_7,neuron,MY,VGLUT2,MC_168:Pontine and medullary neurons,Ex_Phox2b_Olig3,Ex_Phox2b_Olig3_MY,Ex_Phox2b_Olig3_MY
Ex_Phox2b_4930469K13Rik_1,neuron,MY,VGLUT2,MC_168:Pontine and medullary neurons,Ex_Phox2b_4930469K13Rik,Ex_Phox2b_4930469K13Rik_MY,Ex_Phox2b_4930469K13Rik_MY
Ex_Phox2b_4930469K13Rik_2,neuron,,VGLUT2,MC_168:Pontine and medullary neurons,Ex_Phox2b_4930469K13Rik,Ex_Phox2b_4930469K13Rik,Ex_Phox2b_4930469K13Rik
Ex_Phox2b_Bmp3_1,neuron,MY,VGLUT2,MC_168:Pontine and medullary neurons,Ex_Phox2b_Bmp3,Ex_Phox2b_Bmp3_MY,Ex_Phox2b_Bmp3_MY
Ex_Phox2b_Bmp3_2,neuron,MY,VGLUT2,MC_168:Pontine and medullary neurons,Ex_Phox2b_Bmp3,Ex_Phox2b_Bmp3_MY,Ex_Phox2b_Bmp3_MY
Ex_Phox2b_Bmp3_3,neuron,MY,VGLUT2,MC_168:Pontine and medullary neurons,Ex_Phox2b_Bmp3,Ex_Phox2b_Bmp3_MY,Ex_Phox2b_Bmp3_MY
Ex_Phox2b_Bmp3_4,neuron,P,VGLUT2,MC_168:Pontine and medullary neurons,Ex_Phox2b_Bmp3,Ex_Phox2b_Bmp3_P,Ex_Phox2b_Bmp3_P
Ex_Phox2b_Plscr4,neuron,,VGLUT2,MC_168:Pontine and medullary neurons,Ex_Phox2b_Plscr4,Ex_Phox2b_Plscr4,Ex_Phox2b_Plscr4
Ex_Phox2b_Six2_1,neuron,P,VGLUT2,MC_168:Pontine and medullary neurons,Ex_Phox2b_Six2,Ex_Phox2b_Six2_P,Ex_Phox2b_Six2_P
Ex_Phox2b_Six2_2,neuron,P,VGLUT2,MC_168:Pontine and medullary neurons,Ex_Phox2b_Six2,Ex_Phox2b_Six2_P,Ex_Phox2b_Six2_P
Ex_Phox2b_Six2_3,neuron,,VGLUT2,MC_168:Pontine and medullary neurons,Ex_Phox2b_Six2,Ex_Phox2b_Six2,Ex_Phox2b_Six2
Ex_Phox2b_Six2_4,neuron,,VGLUT2,MC_168:Pontine and medullary neurons,Ex_Phox2b_Six2,Ex_Phox2b_Six2,Ex_Phox2b_Six2
Ex_Phox2b_Six2_5,neuron,,VGLUT2,MC_168:Pontine and medullary neurons,Ex_Phox2b_Six2,Ex_Phox2b_Six2,Ex_Phox2b_Six2
Ex_Lmx1a_Itih5,neuron,HY,VGLUT2,MC_190:Hypothalamic neurons,Ex_Lmx1a_Itih5,Ex_Lmx1a_Itih5_HY,Ex_Lmx1a_Itih5_HY
Ex_Lmx1a_Odad2_1,neuron,HY,VGLUT2,MC_190:Hypothalamic neurons,Ex_Lmx1a_Odad2,Ex_Lmx1a_Odad2_HY,Ex_Lmx1a_Odad2_HY
Ex_Lmx1a_Odad2_2,neuron,OLF,VGLUT2,MC_190:Hypothalamic neurons,Ex_Lmx1a_Odad2,Ex_Lmx1a_Odad2_OLF,Ex_Lmx1a_Odad2_OLF
Ex_Lmx1a_Crh,neuron,HY,VGLUT2,MC_190:Hypothalamic neurons,Ex_Lmx1a_Crh,Ex_Lmx1a_Crh_HY,Ex_Lmx1a_Crh_HY
Ex_Lmx1a_Abca8a_1,neuron,HY,VGLUT2,MC_190:Hypothalamic neurons,Ex_Lmx1a_Abca8a,Ex_Lmx1a_Abca8a_HY,Ex_Lmx1a_Abca8a_HY
Ex_Lmx1a_Abca8a_2,neuron,HY,VGLUT2,MC_190:Hypothalamic neurons,Ex_Lmx1a_Abca8a,Ex_Lmx1a_Abca8a_HY,Ex_Lmx1a_Abca8a_HY
Ex_Lmx1a_Bnc2,neuron,HY,VGLUT2,MC_190:Hypothalamic neurons,Ex_Lmx1a_Bnc2,Ex_Lmx1a_Bnc2_HY,Ex_Lmx1a_Bnc2_HY
Ex_Lmx1a_Kcp_1,neuron,HY,VGLUT2,"MC_192:Hypothalamic neurons, primarily subthalamic nucleus",Ex_Lmx1a_Kcp,Ex_Lmx1a_Kcp_HY,Ex_Lmx1a_Kcp_HY
Ex_Lmx1a_Kcp_2,neuron,HY,VGLUT2,"MC_192:Hypothalamic neurons, primarily subthalamic nucleus",Ex_Lmx1a_Kcp,Ex_Lmx1a_Kcp_HY,Ex_Lmx1a_Kcp_HY
Ex_Lmx1a_Kcp_3,neuron,HY,VGLUT2,"MC_192:Hypothalamic neurons, primarily subthalamic nucleus",Ex_Lmx1a_Kcp,Ex_Lmx1a_Kcp_HY,Ex_Lmx1a_Kcp_HY
Ex_Lmx1a_H2-Q10_1,neuron,HY,VGLUT2,"MC_192:Hypothalamic neurons, primarily subthalamic nucleus",Ex_Lmx1a_H2-Q10,Ex_Lmx1a_H2-Q10_HY,Ex_Lmx1a_H2-Q10_HY
Ex_Lmx1a_H2-Q10_2,neuron,HY,VGLUT2,"MC_192:Hypothalamic neurons, primarily subthalamic nucleus",Ex_Lmx1a_H2-Q10,Ex_Lmx1a_H2-Q10_HY,Ex_Lmx1a_H2-Q10_HY
Ex_Lmx1a_H2-Q10_3,neuron,HY,VGLUT2,"MC_192:Hypothalamic neurons, primarily subthalamic nucleus",Ex_Lmx1a_H2-Q10,Ex_Lmx1a_H2-Q10_HY,Ex_Lmx1a_H2-Q10_HY
Ex_Sim1_Otp_1,neuron,HY,VGLUT2,"MC_197:Hypothalamic neurons, primarily periventricular and mammilary nuclei",Ex_Sim1_Otp,Ex_Sim1_Otp_HY,Ex_Sim1_Otp_HY
Ex_Sim1_Otp_2,neuron,HY,VGLUT2,"MC_197:Hypothalamic neurons, primarily periventricular and mammilary nuclei",Ex_Sim1_Otp,Ex_Sim1_Otp_HY,Ex_Sim1_Otp_HY
Ex_Sim1_Otp_3,neuron,HY,VGLUT2,"MC_197:Hypothalamic neurons, primarily periventricular and mammilary nuclei",Ex_Sim1_Otp,Ex_Sim1_Otp_HY,Ex_Sim1_Otp_HY
Ex_Sim1_Otp_4,neuron,HY,VGLUT2,"MC_197:Hypothalamic neurons, primarily periventricular and mammilary nuclei",Ex_Sim1_Otp,Ex_Sim1_Otp_HY,Ex_Sim1_Otp_HY
Ex_Sim1_Otp_5,neuron,HY,VGLUT2,"MC_197:Hypothalamic neurons, primarily periventricular and mammilary nuclei",Ex_Sim1_Otp,Ex_Sim1_Otp_HY,Ex_Sim1_Otp_HY
Inh_Tcf7l2_Ctxn3_1,neuron,MY,GLY,MC_125:Pontine and medullary neurons,Inh_Tcf7l2_Ctxn3,Inh_Tcf7l2_Ctxn3_MY,Inh_Tcf7l2_Ctxn3_MY
Inh_Tcf7l2_Clec2d,neuron,MY,GLY,MC_125:Pontine and medullary neurons,Inh_Tcf7l2_Clec2d,Inh_Tcf7l2_Clec2d_MY,Inh_Tcf7l2_Clec2d_MY
Inh_Tcf7l2_Hpse2,neuron,MY,GLY,MC_125:Pontine and medullary neurons,Inh_Tcf7l2_Hpse2,Inh_Tcf7l2_Hpse2_MY,Inh_Tcf7l2_Hpse2_MY
Inh_Tcf7l2_Ctxn3_2,neuron,MY,GLY,MC_125:Pontine and medullary neurons,Inh_Tcf7l2_Ctxn3,Inh_Tcf7l2_Ctxn3_MY,Inh_Tcf7l2_Ctxn3_MY
Inh_Pax2_Dcn,neuron,MY,GLY,MC_124:Pontine and medullary neurons,Inh_Pax2_Dcn,Inh_Pax2_Dcn_MY,Inh_Pax2_Dcn_MY
Inh_Pax2_Tcim,neuron,MY,GLY,MC_124:Pontine and medullary neurons,Inh_Pax2_Tcim,Inh_Pax2_Tcim_MY,Inh_Pax2_Tcim_MY
Inh_Pax2_Sycp2l_1,neuron,MY,GLY,MC_125:Pontine and medullary neurons,Inh_Pax2_Sycp2l,Inh_Pax2_Sycp2l_MY,Inh_Pax2_Sycp2l_MY
Inh_Pax2_Sycp2l_2,neuron,MY,GLY,MC_125:Pontine and medullary neurons,Inh_Pax2_Sycp2l,Inh_Pax2_Sycp2l_MY,Inh_Pax2_Sycp2l_MY
Inh_Pax2_Hmga2_1,neuron,,GLY,MC_125:Pontine and medullary neurons,Inh_Pax2_Hmga2,Inh_Pax2_Hmga2,Inh_Pax2_Hmga2
Inh_Pax2_Hmga2_2,neuron,MY,GLY,MC_125:Pontine and medullary neurons,Inh_Pax2_Hmga2,Inh_Pax2_Hmga2_MY,Inh_Pax2_Hmga2_MY
Inh_Pax2_Npr3,neuron,MY,GLY,MC_125:Pontine and medullary neurons,Inh_Pax2_Npr3,Inh_Pax2_Npr3_MY,Inh_Pax2_Npr3_MY
Inh_Pax2_Crh_2,neuron,MY,GLY,MC_125:Pontine and medullary neurons,Inh_Pax2_Crh,Inh_Pax2_Crh_MY,Inh_Pax2_Crh_MY
Inh_Pax2_Gm21188,neuron,MY,GLY,MC_117:Pontine and medullary neurons,Inh_Pax2_Gm21188,Inh_Pax2_Gm21188_MY,Inh_Pax2_Gm21188_MY
Inh_Pax2_Apela,neuron,MY,GLY,MC_117:Pontine and medullary neurons,Inh_Pax2_Apela,Inh_Pax2_Apela_MY,Inh_Pax2_Apela_MY
Inh_Pax2_Frem3,neuron,MY,GLY,MC_125:Pontine and medullary neurons,Inh_Pax2_Frem3,Inh_Pax2_Frem3_MY,Inh_Pax2_Frem3_MY
Inh_Pax2_Gdf6,neuron,MY,GLY,MC_124:Pontine and medullary neurons,Inh_Pax2_Gdf6,Inh_Pax2_Gdf6_MY,Inh_Pax2_Gdf6_MY
Inh_Pax2_Egflam_1,neuron,MY,GLY,MC_127:Pontine and medullary neurons,Inh_Pax2_Egflam,Inh_Pax2_Egflam_MY,Inh_Pax2_Egflam_MY
Inh_Pax2_Egflam_2,neuron,MY,GLY,MC_127:Pontine and medullary neurons,Inh_Pax2_Egflam,Inh_Pax2_Egflam_MY,Inh_Pax2_Egflam_MY
Inh_Pax2_Dmrt3_1,neuron,MY,GLY,MC_127:Pontine and medullary neurons,Inh_Pax2_Dmrt3,Inh_Pax2_Dmrt3_MY,Inh_Pax2_Dmrt3_MY
Inh_Pax2_Dmrt3_2,neuron,MY,GLY,MC_127:Pontine and medullary neurons,Inh_Pax2_Dmrt3,Inh_Pax2_Dmrt3_MY,Inh_Pax2_Dmrt3_MY
Inh_Pax2_Dmrt3_3,neuron,MY,GLY,MC_127:Pontine and medullary neurons,Inh_Pax2_Dmrt3,Inh_Pax2_Dmrt3_MY,Inh_Pax2_Dmrt3_MY
Inh_Pax2_Dmrt3_4,neuron,MY,GLY,MC_127:Pontine and medullary neurons,Inh_Pax2_Dmrt3,Inh_Pax2_Dmrt3_MY,Inh_Pax2_Dmrt3_MY
Inh_Pax2_Dmrt3_5,neuron,MY,GLY,MC_127:Pontine and medullary neurons,Inh_Pax2_Dmrt3,Inh_Pax2_Dmrt3_MY,Inh_Pax2_Dmrt3_MY
Inh_Pax2_Dmrt3_6,neuron,MY,GLY,MC_127:Pontine and medullary neurons,Inh_Pax2_Dmrt3,Inh_Pax2_Dmrt3_MY,Inh_Pax2_Dmrt3_MY
Inh_Pax2_Dmrt3_7,neuron,MY,GLY,MC_127:Pontine and medullary neurons,Inh_Pax2_Dmrt3,Inh_Pax2_Dmrt3_MY,Inh_Pax2_Dmrt3_MY
Inh_Pax2_Gpr83,neuron,MY,GLY,MC_124:Pontine and medullary neurons,Inh_Pax2_Gpr83,Inh_Pax2_Gpr83_MY,Inh_Pax2_Gpr83_MY
Inh_Pax2_Tgm6_1,neuron,MY,GLY,MC_125:Pontine and medullary neurons,Inh_Pax2_Tgm6,Inh_Pax2_Tgm6_MY,Inh_Pax2_Tgm6_MY
Inh_Pax2_Tgm6_2,neuron,MY,GLY,MC_125:Pontine and medullary neurons,Inh_Pax2_Tgm6,Inh_Pax2_Tgm6_MY,Inh_Pax2_Tgm6_MY
Inh_Pax2_Tgm6_3,neuron,MY,GLY,MC_125:Pontine and medullary neurons,Inh_Pax2_Tgm6,Inh_Pax2_Tgm6_MY,Inh_Pax2_Tgm6_MY
Inh_Pax2_Tnnt2,neuron,MY,GLY,MC_125:Pontine and medullary neurons,Inh_Pax2_Tnnt2,Inh_Pax2_Tnnt2_MY,Inh_Pax2_Tnnt2_MY
Inh_Pax2_Twist2,neuron,MY,GLY,MC_125:Pontine and medullary neurons,Inh_Pax2_Twist2,Inh_Pax2_Twist2_MY,Inh_Pax2_Twist2_MY
Inh_Pax2_Nkx6-1_Irx4_1,neuron,MY,GLY,MC_130:Pontine and medullary neurons,Inh_Pax2_Nkx6-1_Irx4,Inh_Pax2_Nkx6-1_Irx4_MY,Inh_Pax2_Nkx6-1_Irx4_MY
Inh_Pax2_Nkx6-1_Irx4_2,neuron,MY,GLY,MC_130:Pontine and medullary neurons,Inh_Pax2_Nkx6-1_Irx4,Inh_Pax2_Nkx6-1_Irx4_MY,Inh_Pax2_Nkx6-1_Irx4_MY
Ex_Pou4f1_Alpk1_1,neuron,MB,VGLUT2,MC_114:Red nucleus neurons,Ex_Pou4f1_Alpk1,Ex_Pou4f1_Alpk1_MB,Ex_Pou4f1_Alpk1_MB
Ex_Pou4f1_Alpk1_2,neuron,MB,VGLUT2,MC_114:Red nucleus neurons,Ex_Pou4f1_Alpk1,Ex_Pou4f1_Alpk1_MB,Ex_Pou4f1_Alpk1_MB
Ex_Pou4f1_Alpk1_3,neuron,MB,VGLUT2,MC_114:Red nucleus neurons,Ex_Pou4f1_Alpk1,Ex_Pou4f1_Alpk1_MB,Ex_Pou4f1_Alpk1_MB
Ex_Pou4f1_Alpk1_4,neuron,MB,VGLUT2,MC_114:Red nucleus neurons,Ex_Pou4f1_Alpk1,Ex_Pou4f1_Alpk1_MB,Ex_Pou4f1_Alpk1_MB
Ex_Pou4f1_Alpk1_5,neuron,MY,VGLUT2,MC_154:Midbrain and pontine neurons,Ex_Pou4f1_Alpk1,Ex_Pou4f1_Alpk1_MY,Ex_Pou4f1_Alpk1_MY
Ex_Sim1_Foxb1,neuron,HY,VGLUT2,"MC_197:Hypothalamic neurons, primarily periventricular and mammilary nuclei",Ex_Sim1_Foxb1,Ex_Sim1_Foxb1_HY,Ex_Sim1_Foxb1_HY
Ex_Evx2_Lmcd1_1,neuron,MY,VGLUT2,"MC_158:Medullary neurons, primarily vestibular nuclei",Ex_Evx2_Lmcd1,Ex_Evx2_Lmcd1_MY,Ex_Evx2_Lmcd1_MY
Ex_Evx2_Lmcd1_2,neuron,,VGLUT2,"MC_158:Medullary neurons, primarily vestibular nuclei",Ex_Evx2_Lmcd1,Ex_Evx2_Lmcd1,Ex_Evx2_Lmcd1
Ex_Evx2_Lmcd1_3,neuron,MY,VGLUT2,"MC_158:Medullary neurons, primarily vestibular nuclei",Ex_Evx2_Lmcd1,Ex_Evx2_Lmcd1_MY,Ex_Evx2_Lmcd1_MY
Ex_Evx2_Erfl_1,neuron,,VGLUT2,"MC_158:Medullary neurons, primarily vestibular nuclei",Ex_Evx2_Erfl,Ex_Evx2_Erfl,Ex_Evx2_Erfl
CholEx_Evx2_Erfl,neuron,MY,VGLUT2_CHOL,"MC_158:Medullary neurons, primarily vestibular nuclei",CholEx_Evx2_Erfl,CholEx_Evx2_Erfl_MY,CholEx_Evx2_Erfl_MY
Ex_Evx2_Erfl_2,neuron,MY,VGLUT2,"MC_158:Medullary neurons, primarily vestibular nuclei",Ex_Evx2_Erfl,Ex_Evx2_Erfl_MY,Ex_Evx2_Erfl_MY
Ex_Evx2_Tnnt2,neuron,,VGLUT2,"MC_158:Medullary neurons, primarily vestibular nuclei",Ex_Evx2_Tnnt2,Ex_Evx2_Tnnt2,Ex_Evx2_Tnnt2
Ex_Evx2_Ctxn3,neuron,MY,VGLUT2,"MC_158:Medullary neurons, primarily vestibular nuclei",Ex_Evx2_Ctxn3,Ex_Evx2_Ctxn3_MY,Ex_Evx2_Ctxn3_MY
Ex_Evx2_Pkhd1l1,neuron,,VGLUT2,"MC_158:Medullary neurons, primarily vestibular nuclei",Ex_Evx2_Pkhd1l1,Ex_Evx2_Pkhd1l1,Ex_Evx2_Pkhd1l1
Ex_Lhx9_Slc6a2_1,neuron,MY,VGLUT2,"MC_156:Medullary neurons, primarily vestibular nuclei",Ex_Lhx9_Slc6a2,Ex_Lhx9_Slc6a2_MY,Ex_Lhx9_Slc6a2_MY
Ex_Lhx9_Slc6a2_2,neuron,,VGLUT2,"MC_156:Medullary neurons, primarily vestibular nuclei",Ex_Lhx9_Slc6a2,Ex_Lhx9_Slc6a2,Ex_Lhx9_Slc6a2
Ex_Lhx9_Slc6a2_3,neuron,,VGLUT2,"MC_156:Medullary neurons, primarily vestibular nuclei",Ex_Lhx9_Slc6a2,Ex_Lhx9_Slc6a2,Ex_Lhx9_Slc6a2
CholEx_Lhx9_Crabp1,neuron,MY,VGLUT2_CHOL,"MC_156:Medullary neurons, primarily vestibular nuclei",CholEx_Lhx9_Crabp1,CholEx_Lhx9_Crabp1_MY,CholEx_Lhx9_Crabp1_MY
Ex_Nkx2-4_Ppp1r17_1,neuron,HY,VGLUT2,"MC_197:Hypothalamic neurons, primarily periventricular and mammilary nuclei",Ex_Nkx2-4_Ppp1r17,Ex_Nkx2-4_Ppp1r17_HY,Ex_Nkx2-4_Ppp1r17_HY
Ex_Nkx2-4_Ppp1r17_2,neuron,HY,VGLUT2,"MC_197:Hypothalamic neurons, primarily periventricular and mammilary nuclei",Ex_Nkx2-4_Ppp1r17,Ex_Nkx2-4_Ppp1r17_HY,Ex_Nkx2-4_Ppp1r17_HY
Ex_Nkx2-4_Chrdl1,neuron,HY,VGLUT2,"MC_197:Hypothalamic neurons, primarily periventricular and mammilary nuclei",Ex_Nkx2-4_Chrdl1,Ex_Nkx2-4_Chrdl1_HY,Ex_Nkx2-4_Chrdl1_HY
Ex_Nkx2-4_Ednra_1,neuron,HY,VGLUT2,"MC_197:Hypothalamic neurons, primarily periventricular and mammilary nuclei",Ex_Nkx2-4_Ednra,Ex_Nkx2-4_Ednra_HY,Ex_Nkx2-4_Ednra_HY
Ex_Nkx2-4_Ednra_2,neuron,HY,VGLUT2,"MC_197:Hypothalamic neurons, primarily periventricular and mammilary nuclei",Ex_Nkx2-4_Ednra,Ex_Nkx2-4_Ednra_HY,Ex_Nkx2-4_Ednra_HY
Ex_Nkx2-4_Cd44_1,neuron,HY,VGLUT2,"MC_197:Hypothalamic neurons, primarily periventricular and mammilary nuclei",Ex_Nkx2-4_Cd44,Ex_Nkx2-4_Cd44_HY,Ex_Nkx2-4_Cd44_HY
Ex_Nkx2-4_Cd44_2,neuron,HY,VGLUT2,"MC_197:Hypothalamic neurons, primarily periventricular and mammilary nuclei",Ex_Nkx2-4_Cd44,Ex_Nkx2-4_Cd44_HY,Ex_Nkx2-4_Cd44_HY
Ex_Nkx2-4_Cd44_3,neuron,HY,VGLUT2,"MC_197:Hypothalamic neurons, primarily periventricular and mammilary nuclei",Ex_Nkx2-4_Cd44,Ex_Nkx2-4_Cd44_HY,Ex_Nkx2-4_Cd44_HY
Ex_Nkx2-4_Cd44_5,neuron,HY,VGLUT2,"MC_197:Hypothalamic neurons, primarily periventricular and mammilary nuclei",Ex_Nkx2-4_Cd44,Ex_Nkx2-4_Cd44_HY,Ex_Nkx2-4_Cd44_HY
Ex_Nkx2-4_Fezf2,neuron,HY,VGLUT2,"MC_197:Hypothalamic neurons, primarily periventricular and mammilary nuclei",Ex_Nkx2-4_Fezf2,Ex_Nkx2-4_Fezf2_HY,Ex_Nkx2-4_Fezf2_HY
Ex_Nkx2-4_Serpinb1b,neuron,HY,VGLUT2,"MC_197:Hypothalamic neurons, primarily periventricular and mammilary nuclei",Ex_Nkx2-4_Serpinb1b,Ex_Nkx2-4_Serpinb1b_HY,Ex_Nkx2-4_Serpinb1b_HY
Ex_Nkx2-4_Mgmt,neuron,,VGLUT2,"MC_197:Hypothalamic neurons, primarily periventricular and mammilary nuclei",Ex_Nkx2-4_Mgmt,Ex_Nkx2-4_Mgmt,Ex_Nkx2-4_Mgmt
Ex_Nkx2-4_Celsr1,neuron,HY,VGLUT2,"MC_197:Hypothalamic neurons, primarily periventricular and mammilary nuclei",Ex_Nkx2-4_Celsr1,Ex_Nkx2-4_Celsr1_HY,Ex_Nkx2-4_Celsr1_HY
Ex_Nkx2-4_Mettl11b_1,neuron,HY,VGLUT2,"MC_197:Hypothalamic neurons, primarily periventricular and mammilary nuclei",Ex_Nkx2-4_Mettl11b,Ex_Nkx2-4_Mettl11b_HY,Ex_Nkx2-4_Mettl11b_HY
Ex_Nkx2-4_Mettl11b_2,neuron,HY,VGLUT2,"MC_197:Hypothalamic neurons, primarily periventricular and mammilary nuclei",Ex_Nkx2-4_Mettl11b,Ex_Nkx2-4_Mettl11b_HY,Ex_Nkx2-4_Mettl11b_HY
Ex_Nkx2-4_Mettl11b_3,neuron,,VGLUT2,"MC_197:Hypothalamic neurons, primarily periventricular and mammilary nuclei",Ex_Nkx2-4_Mettl11b,Ex_Nkx2-4_Mettl11b,Ex_Nkx2-4_Mettl11b
Ex_Nkx2-4_Spp1_1,neuron,,VGLUT2,"MC_197:Hypothalamic neurons, primarily periventricular and mammilary nuclei",Ex_Nkx2-4_Spp1,Ex_Nkx2-4_Spp1,Ex_Nkx2-4_Spp1
Ex_Nkx2-4_Spp1_2,neuron,HY,VGLUT2,"MC_197:Hypothalamic neurons, primarily periventricular and mammilary nuclei",Ex_Nkx2-4_Spp1,Ex_Nkx2-4_Spp1_HY,Ex_Nkx2-4_Spp1_HY
Ex_Nkx2-4_Spp1_3,neuron,OLF,VGLUT2,MC_189:Hypothalamic and tegmental neurons,Ex_Nkx2-4_Spp1,Ex_Nkx2-4_Spp1_OLF,Ex_Nkx2-4_Spp1_OLF
Inh_Pax5_Ntrk1,neuron,P,GLY,MC_135:Pontine and medullary reticular neurons,Inh_Pax5_Ntrk1,Inh_Pax5_Ntrk1_P,Inh_Pax5_Ntrk1_P
Inh_Pax5_Klk12,neuron,P,GLY,MC_135:Pontine and medullary reticular neurons,Inh_Pax5_Klk12,Inh_Pax5_Klk12_P,Inh_Pax5_Klk12_P
Inh_Pax5_Vmn1r196,neuron,MY,GLY,MC_135:Pontine and medullary reticular neurons,Inh_Pax5_Vmn1r196,Inh_Pax5_Vmn1r196_MY,Inh_Pax5_Vmn1r196_MY
Inh_Pax2_Morc1,neuron,P,GLY,MC_135:Pontine and medullary reticular neurons,Inh_Pax2_Morc1,Inh_Pax2_Morc1_P,Inh_Pax2_Morc1_P
Inh_Pax2_Npsr1_1,neuron,P,GLY,MC_135:Pontine and medullary reticular neurons,Inh_Pax2_Npsr1,Inh_Pax2_Npsr1_P,Inh_Pax2_Npsr1_P
Inh_Pax2_Npsr1_2,neuron,P,GLY,MC_135:Pontine and medullary reticular neurons,Inh_Pax2_Npsr1,Inh_Pax2_Npsr1_P,Inh_Pax2_Npsr1_P
Inh_Pax2_Npsr1_3,neuron,MY,GLY,MC_135:Pontine and medullary reticular neurons,Inh_Pax2_Npsr1,Inh_Pax2_Npsr1_MY,Inh_Pax2_Npsr1_MY
Inh_Pax2_Klk12,neuron,P,GLY,MC_135:Pontine and medullary reticular neurons,Inh_Pax2_Klk12,Inh_Pax2_Klk12_P,Inh_Pax2_Klk12_P
Inh_Pax2_Drd1,neuron,MY,GLY,MC_135:Pontine and medullary reticular neurons,Inh_Pax2_Drd1,Inh_Pax2_Drd1_MY,Inh_Pax2_Drd1_MY
Inh_Pax2_Mdfic,neuron,MY,GLY,MC_135:Pontine and medullary reticular neurons,Inh_Pax2_Mdfic,Inh_Pax2_Mdfic_MY,Inh_Pax2_Mdfic_MY
Inh_Foxp2_Npy_1,neuron,MY,GLY,MC_135:Pontine and medullary reticular neurons,Inh_Foxp2_Npy,Inh_Foxp2_Npy_MY,Inh_Foxp2_Npy_MY
Inh_Foxp2_Npy_2,neuron,,GLY,MC_135:Pontine and medullary reticular neurons,Inh_Foxp2_Npy,Inh_Foxp2_Npy,Inh_Foxp2_Npy
Inh_Foxp2_Ntrk1_1,neuron,P,GLY,MC_135:Pontine and medullary reticular neurons,Inh_Foxp2_Ntrk1,Inh_Foxp2_Ntrk1_P,Inh_Foxp2_Ntrk1_P
Inh_Foxp2_Ntrk1_2,neuron,P,GLY,MC_135:Pontine and medullary reticular neurons,Inh_Foxp2_Ntrk1,Inh_Foxp2_Ntrk1_P,Inh_Foxp2_Ntrk1_P
Inh_Foxp2_Ntrk1_3,neuron,MY,GLY,MC_135:Pontine and medullary reticular neurons,Inh_Foxp2_Ntrk1,Inh_Foxp2_Ntrk1_MY,Inh_Foxp2_Ntrk1_MY
Inh_Gata3_Crhbp_1,neuron,P,GLY,MC_137:Pontine and medullary neurons,Inh_Gata3_Crhbp,Inh_Gata3_Crhbp_P,Inh_Gata3_Crhbp_P
Inh_Gata3_Crhbp_2,neuron,MB,GLY,MC_137:Pontine and medullary neurons,Inh_Gata3_Crhbp,Inh_Gata3_Crhbp_MB,Inh_Gata3_Crhbp_MB
Inh_Gata3_Crhbp_3,neuron,P,GLY,MC_137:Pontine and medullary neurons,Inh_Gata3_Crhbp,Inh_Gata3_Crhbp_P,Inh_Gata3_Crhbp_P
Inh_Gata3_Crhbp_4,neuron,P,GLY,MC_137:Pontine and medullary neurons,Inh_Gata3_Crhbp,Inh_Gata3_Crhbp_P,Inh_Gata3_Crhbp_P
Inh_Gbx2_Chrna5_1,neuron,MB,GLY,MC_135:Pontine and medullary reticular neurons,Inh_Gbx2_Chrna5,Inh_Gbx2_Chrna5_MB,Inh_Gbx2_Chrna5_MB
Inh_Gbx2_Chrna5_2,neuron,P,GLY,MC_135:Pontine and medullary reticular neurons,Inh_Gbx2_Chrna5,Inh_Gbx2_Chrna5_P,Inh_Gbx2_Chrna5_P
Inh_Gbx2_Chrna5_3,neuron,MY,GLY,MC_135:Pontine and medullary reticular neurons,Inh_Gbx2_Chrna5,Inh_Gbx2_Chrna5_MY,Inh_Gbx2_Chrna5_MY
Inh_Gbx2_Chrna5_4,neuron,P,GLY,MC_135:Pontine and medullary reticular neurons,Inh_Gbx2_Chrna5,Inh_Gbx2_Chrna5_P,Inh_Gbx2_Chrna5_P
Inh_Lmo7_Fbln1_1,neuron,MY,GLY,MC_120:Pontine and medullary neurons,Inh_Lmo7_Fbln1,Inh_Lmo7_Fbln1_MY,Inh_Lmo7_Fbln1_MY
Inh_Lmo7_Fbln1_2,neuron,MY,GLY,MC_120:Pontine and medullary neurons,Inh_Lmo7_Fbln1,Inh_Lmo7_Fbln1_MY,Inh_Lmo7_Fbln1_MY
Inh_Lmo7_Fbln1_3,neuron,MY,GLY,MC_120:Pontine and medullary neurons,Inh_Lmo7_Fbln1,Inh_Lmo7_Fbln1_MY,Inh_Lmo7_Fbln1_MY
Inh_Pou6f2_Lamp3_1,neuron,P,GLY,MC_120:Pontine and medullary neurons,Inh_Pou6f2_Lamp3,Inh_Pou6f2_Lamp3_P,Inh_Pou6f2_Lamp3_P
Inh_Pou6f2_Lamp3_2,neuron,MY,GLY,MC_120:Pontine and medullary neurons,Inh_Pou6f2_Lamp3,Inh_Pou6f2_Lamp3_MY,Inh_Pou6f2_Lamp3_MY
Inh_Pou6f2_Pi15_1,neuron,MB,GLY,MC_120:Pontine and medullary neurons,Inh_Pou6f2_Pi15,Inh_Pou6f2_Pi15_MB,Inh_Pou6f2_Pi15_MB
Inh_Pou6f2_Pi15_2,neuron,MY,GLY,MC_120:Pontine and medullary neurons,Inh_Pou6f2_Pi15,Inh_Pou6f2_Pi15_MY,Inh_Pou6f2_Pi15_MY
Inh_Pou6f2_Pi15_3,neuron,MY,GLY,MC_120:Pontine and medullary neurons,Inh_Pou6f2_Pi15,Inh_Pou6f2_Pi15_MY,Inh_Pou6f2_Pi15_MY
Inh_Pax2_Fst_1,neuron,MY,GLY,MC_120:Pontine and medullary neurons,Inh_Pax2_Fst,Inh_Pax2_Fst_MY,Inh_Pax2_Fst_MY
Inh_Pax2_Fst_2,neuron,MY,GLY,MC_120:Pontine and medullary neurons,Inh_Pax2_Fst,Inh_Pax2_Fst_MY,Inh_Pax2_Fst_MY
Inh_Pax2_Fst_3,neuron,MY,GLY,MC_120:Pontine and medullary neurons,Inh_Pax2_Fst,Inh_Pax2_Fst_MY,Inh_Pax2_Fst_MY
Ex_Sox5_Thbs2,neuron,MY,VGLUT2,MC_138:Pontine and medullary neurons,Ex_Sox5_Thbs2,Ex_Sox5_Thbs2_MY,Ex_Sox5_Thbs2_MY
Ex_Sox5_Crym_1,neuron,MY,VGLUT2,MC_138:Pontine and medullary neurons,Ex_Sox5_Crym,Ex_Sox5_Crym_MY,Ex_Sox5_Crym_MY
Ex_Sox5_Crym_2,neuron,MY,VGLUT2,MC_138:Pontine and medullary neurons,Ex_Sox5_Crym,Ex_Sox5_Crym_MY,Ex_Sox5_Crym_MY
Ex_Sox5_Ptpn14,neuron,MY,VGLUT2,MC_138:Pontine and medullary neurons,Ex_Sox5_Ptpn14,Ex_Sox5_Ptpn14_MY,Ex_Sox5_Ptpn14_MY
Inh_Foxl3_Apela,neuron,MY,GLY,MC_115:Brainstem neurons,Inh_Foxl3_Apela,Inh_Foxl3_Apela_MY,Inh_Foxl3_Apela_MY
Inh_Foxl3_Qrfpr,neuron,MY,GLY,MC_115:Brainstem neurons,Inh_Foxl3_Qrfpr,Inh_Foxl3_Qrfpr_MY,Inh_Foxl3_Qrfpr_MY
Inh_Foxl3_Fam83b,neuron,MY,GLY,MC_115:Brainstem neurons,Inh_Foxl3_Fam83b,Inh_Foxl3_Fam83b_MY,Inh_Foxl3_Fam83b_MY
Inh_Foxl3_Klc3,neuron,P,GLY,MC_115:Brainstem neurons,Inh_Foxl3_Klc3,Inh_Foxl3_Klc3_P,Inh_Foxl3_Klc3_P
Inh_Irx4_Vip,neuron,,GLY,MC_115:Brainstem neurons,Inh_Irx4_Vip,Inh_Irx4_Vip,Inh_Irx4_Vip
Inh_Irx4_Catspere1_1,neuron,MY,GLY,MC_76:Brainstem neurons,Inh_Irx4_Catspere1,Inh_Irx4_Catspere1_MY,Inh_Irx4_Catspere1_MY
Inh_Irx4_Catspere1_2,neuron,MY,GLY,MC_76:Brainstem neurons,Inh_Irx4_Catspere1,Inh_Irx4_Catspere1_MY,Inh_Irx4_Catspere1_MY
Inh_Irx4_Catspere1_3,neuron,MY,GLY,MC_76:Brainstem neurons,Inh_Irx4_Catspere1,Inh_Irx4_Catspere1_MY,Inh_Irx4_Catspere1_MY
Inh_Irx4_Catspere1_4,neuron,MY,GLY,MC_76:Brainstem neurons,Inh_Irx4_Catspere1,Inh_Irx4_Catspere1_MY,Inh_Irx4_Catspere1_MY
Inh_Irx4_Catspere1_5,neuron,MY,GLY,MC_76:Brainstem neurons,Inh_Irx4_Catspere1,Inh_Irx4_Catspere1_MY,Inh_Irx4_Catspere1_MY
Inh_Onecut3_Nox3,neuron,MY,GLY,MC_76:Brainstem neurons,Inh_Onecut3_Nox3,Inh_Onecut3_Nox3_MY,Inh_Onecut3_Nox3_MY
Inh_Onecut3_Tcf24_1,neuron,MY,GLY,MC_133:Pontine and medullary neurons,Inh_Onecut3_Tcf24,Inh_Onecut3_Tcf24_MY,Inh_Onecut3_Tcf24_MY
Inh_Onecut3_Tcf24_2,neuron,MY,GLY,MC_133:Pontine and medullary neurons,Inh_Onecut3_Tcf24,Inh_Onecut3_Tcf24_MY,Inh_Onecut3_Tcf24_MY
Inh_Onecut3_Tcf24_3,neuron,MY,GLY,MC_133:Pontine and medullary neurons,Inh_Onecut3_Tcf24,Inh_Onecut3_Tcf24_MY,Inh_Onecut3_Tcf24_MY
Inh_Onecut3_Aass_1,neuron,MY,GLY,MC_133:Pontine and medullary neurons,Inh_Onecut3_Aass,Inh_Onecut3_Aass_MY,Inh_Onecut3_Aass_MY
Inh_Onecut3_Aass_2,neuron,MY,GLY,MC_133:Pontine and medullary neurons,Inh_Onecut3_Aass,Inh_Onecut3_Aass_MY,Inh_Onecut3_Aass_MY
Inh_Onecut3_Aass_3,neuron,MY,GLY,MC_133:Pontine and medullary neurons,Inh_Onecut3_Aass,Inh_Onecut3_Aass_MY,Inh_Onecut3_Aass_MY
Inh_Onecut3_Bmp4,neuron,MY,GLY,MC_133:Pontine and medullary neurons,Inh_Onecut3_Bmp4,Inh_Onecut3_Bmp4_MY,Inh_Onecut3_Bmp4_MY
Inh_Onecut3_Pappa2,neuron,MY,GLY,MC_133:Pontine and medullary neurons,Inh_Onecut3_Pappa2,Inh_Onecut3_Pappa2_MY,Inh_Onecut3_Pappa2_MY
Inh_Onecut3_Gcnt4,neuron,MY,GLY,MC_133:Pontine and medullary neurons,Inh_Onecut3_Gcnt4,Inh_Onecut3_Gcnt4_MY,Inh_Onecut3_Gcnt4_MY
Inh_Onecut3_Uts2b_1,neuron,MY,GLY,MC_133:Pontine and medullary neurons,Inh_Onecut3_Uts2b,Inh_Onecut3_Uts2b_MY,Inh_Onecut3_Uts2b_MY
CholInh_Onecut3_Vmn1r213,neuron,MY,GLY_CHOL,MC_133:Pontine and medullary neurons,CholInh_Onecut3_Vmn1r213,CholInh_Onecut3_Vmn1r213_MY,CholInh_Onecut3_Vmn1r213_MY
Inh_Onecut3_Uts2b_2,neuron,MY,GLY,MC_133:Pontine and medullary neurons,Inh_Onecut3_Uts2b,Inh_Onecut3_Uts2b_MY,Inh_Onecut3_Uts2b_MY
Inh_Onecut3_Arsj,neuron,MY,GLY,MC_133:Pontine and medullary neurons,Inh_Onecut3_Arsj,Inh_Onecut3_Arsj_MY,Inh_Onecut3_Arsj_MY
Inh_Onecut3_Crabp1_1,neuron,MY,GLY,MC_133:Pontine and medullary neurons,Inh_Onecut3_Crabp1,Inh_Onecut3_Crabp1_MY,Inh_Onecut3_Crabp1_MY
Inh_Onecut3_Crabp1_2,neuron,MY,GLY,MC_133:Pontine and medullary neurons,Inh_Onecut3_Crabp1,Inh_Onecut3_Crabp1_MY,Inh_Onecut3_Crabp1_MY
Inh_Onecut3_Crabp1_3,neuron,MY,GLY,MC_133:Pontine and medullary neurons,Inh_Onecut3_Crabp1,Inh_Onecut3_Crabp1_MY,Inh_Onecut3_Crabp1_MY
Inh_Onecut3_Aspm_1,neuron,MY,GLY,MC_132:Pontine and medullary neurons,Inh_Onecut3_Aspm,Inh_Onecut3_Aspm_MY,Inh_Onecut3_Aspm_MY
Inh_Onecut3_Frk,neuron,MY,GLY,MC_132:Pontine and medullary neurons,Inh_Onecut3_Frk,Inh_Onecut3_Frk_MY,Inh_Onecut3_Frk_MY
Inh_Onecut3_Aspm_2,neuron,MY,GLY,MC_132:Pontine and medullary neurons,Inh_Onecut3_Aspm,Inh_Onecut3_Aspm_MY,Inh_Onecut3_Aspm_MY
Inh_Onecut3_Ccdc192_1,neuron,MY,GLY,MC_132:Pontine and medullary neurons,Inh_Onecut3_Ccdc192,Inh_Onecut3_Ccdc192_MY,Inh_Onecut3_Ccdc192_MY
Inh_Onecut3_Tbpl2,neuron,MY,VGLUT3_GLY,MC_132:Pontine and medullary neurons,Inh_Onecut3_Tbpl2,Inh_Onecut3_Tbpl2_MY,Inh_Onecut3_Tbpl2_MY
Inh_Onecut3_Srpx2,neuron,MY,GLY,MC_132:Pontine and medullary neurons,Inh_Onecut3_Srpx2,Inh_Onecut3_Srpx2_MY,Inh_Onecut3_Srpx2_MY
Inh_Onecut3_Ccdc192_2,neuron,MY,GLY,MC_132:Pontine and medullary neurons,Inh_Onecut3_Ccdc192,Inh_Onecut3_Ccdc192_MY,Inh_Onecut3_Ccdc192_MY
Inh_Onecut3_Ccdc192_3,neuron,MY,GLY,MC_132:Pontine and medullary neurons,Inh_Onecut3_Ccdc192,Inh_Onecut3_Ccdc192_MY,Inh_Onecut3_Ccdc192_MY
Inh_Onecut3_Gpr174,neuron,MY,GLY,MC_132:Pontine and medullary neurons,Inh_Onecut3_Gpr174,Inh_Onecut3_Gpr174_MY,Inh_Onecut3_Gpr174_MY
Inh_Prox1_Dcn_1,neuron,MB,GABA,MC_94:Tegmental neurons,Inh_Prox1_Dcn,Inh_Prox1_Dcn_MB,Inh_Prox1_Dcn_MB
Inh_Prox1_Dcn_2,neuron,MB,GABA,MC_94:Tegmental neurons,Inh_Prox1_Dcn,Inh_Prox1_Dcn_MB,Inh_Prox1_Dcn_MB
Inh_Prox1_Dcn_3,neuron,MB,GABA,MC_94:Tegmental neurons,Inh_Prox1_Dcn,Inh_Prox1_Dcn_MB,Inh_Prox1_Dcn_MB
Inh_Prox1_Dcn_4,neuron,MB,GABA,MC_94:Tegmental neurons,Inh_Prox1_Dcn,Inh_Prox1_Dcn_MB,Inh_Prox1_Dcn_MB
Inh_Pax5_Cmtm8_1,neuron,MB,GABA,MC_94:Tegmental neurons,Inh_Pax5_Cmtm8,Inh_Pax5_Cmtm8_MB,Inh_Pax5_Cmtm8_MB
Inh_Pax5_Cmtm8_2,neuron,MB,GABA,MC_94:Tegmental neurons,Inh_Pax5_Cmtm8,Inh_Pax5_Cmtm8_MB,Inh_Pax5_Cmtm8_MB
Inh_Pax5_Cmtm8_3,neuron,MB,GABA,MC_94:Tegmental neurons,Inh_Pax5_Cmtm8,Inh_Pax5_Cmtm8_MB,Inh_Pax5_Cmtm8_MB
Inh_Pax5_Cmtm8_4,neuron,MB,GABA,MC_94:Tegmental neurons,Inh_Pax5_Cmtm8,Inh_Pax5_Cmtm8_MB,Inh_Pax5_Cmtm8_MB
Inh_Pax5_Slc12a7_1,neuron,MB,GABA,MC_94:Tegmental neurons,Inh_Pax5_Slc12a7,Inh_Pax5_Slc12a7_MB,Inh_Pax5_Slc12a7_MB
Inh_Pax5_Slc12a7_2,neuron,MB,GABA,MC_94:Tegmental neurons,Inh_Pax5_Slc12a7,Inh_Pax5_Slc12a7_MB,Inh_Pax5_Slc12a7_MB
Inh_Pax5_Slc12a7_3,neuron,MB,GABA,MC_94:Tegmental neurons,Inh_Pax5_Slc12a7,Inh_Pax5_Slc12a7_MB,Inh_Pax5_Slc12a7_MB
Inh_Pax5_Slc38a11_1,neuron,MB,GABA,MC_94:Tegmental neurons,Inh_Pax5_Slc38a11,Inh_Pax5_Slc38a11_MB,Inh_Pax5_Slc38a11_MB
Inh_Pax5_Slc38a11_2,neuron,MB,GABA,MC_94:Tegmental neurons,Inh_Pax5_Slc38a11,Inh_Pax5_Slc38a11_MB,Inh_Pax5_Slc38a11_MB
Inh_Pax5_Asb4_1,neuron,MB,GABA,MC_94:Tegmental neurons,Inh_Pax5_Asb4,Inh_Pax5_Asb4_MB,Inh_Pax5_Asb4_MB
Inh_Pax5_Asb4_2,neuron,MB,GABA,MC_94:Tegmental neurons,Inh_Pax5_Asb4,Inh_Pax5_Asb4_MB,Inh_Pax5_Asb4_MB
Inh_Pax5_Asb4_3,neuron,MB,GABA,MC_94:Tegmental neurons,Inh_Pax5_Asb4,Inh_Pax5_Asb4_MB,Inh_Pax5_Asb4_MB
Inh_Pax5_Asb4_4,neuron,MB,GABA,MC_94:Tegmental neurons,Inh_Pax5_Asb4,Inh_Pax5_Asb4_MB,Inh_Pax5_Asb4_MB
Inh_Pax5_Asb4_5,neuron,MB,GABA,MC_94:Tegmental neurons,Inh_Pax5_Asb4,Inh_Pax5_Asb4_MB,Inh_Pax5_Asb4_MB
Inh_Foxa2_Ano1,neuron,MB,GABA,MC_94:Tegmental neurons,Inh_Foxa2_Ano1,Inh_Foxa2_Ano1_MB,Inh_Foxa2_Ano1_MB
Inh_Foxa2_Upp1_1,neuron,MB,GABA,MC_94:Tegmental neurons,Inh_Foxa2_Upp1,Inh_Foxa2_Upp1_MB,Inh_Foxa2_Upp1_MB
Inh_Foxa2_Upp1_2,neuron,MB,GABA,MC_94:Tegmental neurons,Inh_Foxa2_Upp1,Inh_Foxa2_Upp1_MB,Inh_Foxa2_Upp1_MB
Inh_Foxa2_Upp1_3,neuron,MB,GABA,MC_94:Tegmental neurons,Inh_Foxa2_Upp1,Inh_Foxa2_Upp1_MB,Inh_Foxa2_Upp1_MB
Inh_Foxa2_Upp1_4,neuron,P,GABA,MC_94:Tegmental neurons,Inh_Foxa2_Upp1,Inh_Foxa2_Upp1_P,Inh_Foxa2_Upp1_P
Inh_Dmbx1_Tacr3,neuron,MY,GLY,MC_130:Pontine and medullary neurons,Inh_Dmbx1_Tacr3,Inh_Dmbx1_Tacr3_MY,Inh_Dmbx1_Tacr3_MY
Inh_Dmbx1_Slc34a2_1,neuron,MY,GLY,MC_130:Pontine and medullary neurons,Inh_Dmbx1_Slc34a2,Inh_Dmbx1_Slc34a2_MY,Inh_Dmbx1_Slc34a2_MY
Inh_Dmbx1_Slc34a2_2,neuron,MY,GLY,MC_130:Pontine and medullary neurons,Inh_Dmbx1_Slc34a2,Inh_Dmbx1_Slc34a2_MY,Inh_Dmbx1_Slc34a2_MY
Inh_Dmbx1_Slc34a2_3,neuron,MY,GLY,MC_130:Pontine and medullary neurons,Inh_Dmbx1_Slc34a2,Inh_Dmbx1_Slc34a2_MY,Inh_Dmbx1_Slc34a2_MY
Inh_Pax8_Slc34a2,neuron,MY,GLY,MC_130:Pontine and medullary neurons,Inh_Pax8_Slc34a2,Inh_Pax8_Slc34a2_MY,Inh_Pax8_Slc34a2_MY
Inh_Dmbx1_Wnt7b,neuron,MY,GLY,MC_130:Pontine and medullary neurons,Inh_Dmbx1_Wnt7b,Inh_Dmbx1_Wnt7b_MY,Inh_Dmbx1_Wnt7b_MY
Inh_Dmbx1_Fam83b,neuron,MY,GLY,MC_130:Pontine and medullary neurons,Inh_Dmbx1_Fam83b,Inh_Dmbx1_Fam83b_MY,Inh_Dmbx1_Fam83b_MY
Inh_Dmbx1_Chst3,neuron,MY,GLY,MC_130:Pontine and medullary neurons,Inh_Dmbx1_Chst3,Inh_Dmbx1_Chst3_MY,Inh_Dmbx1_Chst3_MY
Inh_Dmbx1_Adgrd1,neuron,MY,GLY,MC_126:Pontine and medullary neurons,Inh_Dmbx1_Adgrd1,Inh_Dmbx1_Adgrd1_MY,Inh_Dmbx1_Adgrd1_MY
Inh_Dmbx1_Slitrk6_1,neuron,MY,GLY,MC_125:Pontine and medullary neurons,Inh_Dmbx1_Slitrk6,Inh_Dmbx1_Slitrk6_MY,Inh_Dmbx1_Slitrk6_MY
Inh_Dmbx1_Slitrk6_2,neuron,MY,GLY,MC_125:Pontine and medullary neurons,Inh_Dmbx1_Slitrk6,Inh_Dmbx1_Slitrk6_MY,Inh_Dmbx1_Slitrk6_MY
Inh_Dmbx1_Ccdc3_1,neuron,MY,GLY,MC_125:Pontine and medullary neurons,Inh_Dmbx1_Ccdc3,Inh_Dmbx1_Ccdc3_MY,Inh_Dmbx1_Ccdc3_MY
Inh_Dmbx1_Ccdc3_2,neuron,MY,GLY,MC_125:Pontine and medullary neurons,Inh_Dmbx1_Ccdc3,Inh_Dmbx1_Ccdc3_MY,Inh_Dmbx1_Ccdc3_MY
Inh_Dmbx1_Irak3_1,neuron,MY,GLY,MC_125:Pontine and medullary neurons,Inh_Dmbx1_Irak3,Inh_Dmbx1_Irak3_MY,Inh_Dmbx1_Irak3_MY
Inh_Dmbx1_Irak3_2,neuron,MY,GLY,MC_125:Pontine and medullary neurons,Inh_Dmbx1_Irak3,Inh_Dmbx1_Irak3_MY,Inh_Dmbx1_Irak3_MY
Ex_Lhx9_C1ql4,neuron,P,VGLUT2,MC_199:Tegmental and pontine neurons,Ex_Lhx9_C1ql4,Ex_Lhx9_C1ql4_P,Ex_Lhx9_C1ql4_P
Ex_Lhx9_Nps,neuron,MB,VGLUT2,MC_199:Tegmental and pontine neurons,Ex_Lhx9_Nps,Ex_Lhx9_Nps_MB,Ex_Lhx9_Nps_MB
Ex_Lhx9_Runx1,neuron,MB,VGLUT2,MC_199:Tegmental and pontine neurons,Ex_Lhx9_Runx1,Ex_Lhx9_Runx1_MB,Ex_Lhx9_Runx1_MB
Ex_Lhx9_Moxd1,neuron,MB,VGLUT2,MC_199:Tegmental and pontine neurons,Ex_Lhx9_Moxd1,Ex_Lhx9_Moxd1_MB,Ex_Lhx9_Moxd1_MB
Ex_Lhx9_6430628N08Rik,neuron,MB,VGLUT2,MC_199:Tegmental and pontine neurons,Ex_Lhx9_6430628N08Rik,Ex_Lhx9_6430628N08Rik_MB,Ex_Lhx9_6430628N08Rik_MB
Ex_Lhx9_Atp8b1_1,neuron,HY,VGLUT2,MC_199:Tegmental and pontine neurons,Ex_Lhx9_Atp8b1,Ex_Lhx9_Atp8b1_HY,Ex_Lhx9_Atp8b1_HY
Ex_Lhx9_Atp8b1_2,neuron,MB,VGLUT2,MC_199:Tegmental and pontine neurons,Ex_Lhx9_Atp8b1,Ex_Lhx9_Atp8b1_MB,Ex_Lhx9_Atp8b1_MB
Ex_Lhx9_Atp8b1_3,neuron,HY,VGLUT2,MC_199:Tegmental and pontine neurons,Ex_Lhx9_Atp8b1,Ex_Lhx9_Atp8b1_HY,Ex_Lhx9_Atp8b1_HY
Ex_Lhx9_Calcr,neuron,HY,VGLUT2,MC_199:Tegmental and pontine neurons,Ex_Lhx9_Calcr,Ex_Lhx9_Calcr_HY,Ex_Lhx9_Calcr_HY
Ex_Lhx9_Cyp19a1,neuron,HY,VGLUT2,MC_199:Tegmental and pontine neurons,Ex_Lhx9_Cyp19a1,Ex_Lhx9_Cyp19a1_HY,Ex_Lhx9_Cyp19a1_HY
Ex_Lhx9_Prok2,neuron,MB,VGLUT2,MC_199:Tegmental and pontine neurons,Ex_Lhx9_Prok2,Ex_Lhx9_Prok2_MB,Ex_Lhx9_Prok2_MB
Ex_Lhx9_Cav1,neuron,MB,VGLUT2,MC_199:Tegmental and pontine neurons,Ex_Lhx9_Cav1,Ex_Lhx9_Cav1_MB,Ex_Lhx9_Cav1_MB
Ex_Lhx9_Nps_1,neuron,MB,VGLUT2,MC_199:Tegmental and pontine neurons,Ex_Lhx9_Nps,Ex_Lhx9_Nps_MB,Ex_Lhx9_Nps_MB
Ex_Lhx9_Nps_2,neuron,MB,VGLUT2,MC_199:Tegmental and pontine neurons,Ex_Lhx9_Nps,Ex_Lhx9_Nps_MB,Ex_Lhx9_Nps_MB
Ex_Lhx9_Nps_3,neuron,MB,VGLUT2,MC_199:Tegmental and pontine neurons,Ex_Lhx9_Nps,Ex_Lhx9_Nps_MB,Ex_Lhx9_Nps_MB
Ex_Lhx9_Nps_4,neuron,MB,VGLUT2,MC_199:Tegmental and pontine neurons,Ex_Lhx9_Nps,Ex_Lhx9_Nps_MB,Ex_Lhx9_Nps_MB
Ex_Lhx9_Nps_5,neuron,MB,VGLUT2,MC_199:Tegmental and pontine neurons,Ex_Lhx9_Nps,Ex_Lhx9_Nps_MB,Ex_Lhx9_Nps_MB
Ex_Irx4_Slc17a8,neuron,MB,VGLUT2_VGLUT3,MC_199:Tegmental and pontine neurons,Ex_Irx4_Slc17a8,Ex_Irx4_Slc17a8_MB,Ex_Irx4_Slc17a8_MB
Ex_Lmx1b_Tll2_1,neuron,MB,VGLUT3,MC_109:Raphe serotoneregic and excitatory neurons,Ex_Lmx1b_Tll2,Ex_Lmx1b_Tll2_MB,Ex_Lmx1b_Tll2_MB
Ex_Lmx1b_Tll2_2,neuron,MB,VGLUT3,MC_109:Raphe serotoneregic and excitatory neurons,Ex_Lmx1b_Tll2,Ex_Lmx1b_Tll2_MB,Ex_Lmx1b_Tll2_MB
Ex_Lmx1b_Hmx2_1,neuron,MB,VGLUT3,MC_109:Raphe serotoneregic and excitatory neurons,Ex_Lmx1b_Hmx2,Ex_Lmx1b_Hmx2_MB,Ex_Lmx1b_Hmx2_MB
Ex_Lmx1b_Hmx2_2,neuron,MB,VGLUT3,MC_109:Raphe serotoneregic and excitatory neurons,Ex_Lmx1b_Hmx2,Ex_Lmx1b_Hmx2_MB,Ex_Lmx1b_Hmx2_MB
Ex_Lmx1b_Hmx2_3,neuron,MB,VGLUT3,MC_109:Raphe serotoneregic and excitatory neurons,Ex_Lmx1b_Hmx2,Ex_Lmx1b_Hmx2_MB,Ex_Lmx1b_Hmx2_MB
SerEx_Gata3_Fev_1,neuron,P,VGLUT3_SER,MC_109:Raphe serotoneregic and excitatory neurons,SerEx_Gata3_Fev,SerEx_Gata3_Fev_P,SerEx_Gata3_Fev_P
Ex_Gata3_Slc17a8_1,neuron,MB,VGLUT3,MC_109:Raphe serotoneregic and excitatory neurons,Ex_Gata3_Slc17a8,Ex_Gata3_Slc17a8_MB,Ex_Gata3_Slc17a8_MB
Ex_Gata3_Slc17a8_2,neuron,P,VGLUT3,MC_109:Raphe serotoneregic and excitatory neurons,Ex_Gata3_Slc17a8,Ex_Gata3_Slc17a8_P,Ex_Gata3_Slc17a8_P
Ex_Gata3_Slc17a8_3,neuron,P,VGLUT3,MC_110:Raphe serotonergic and inhibitory neurons,Ex_Gata3_Slc17a8,Ex_Gata3_Slc17a8_P,Ex_Gata3_Slc17a8_P
Ex_Pax2_Erfl_1,neuron,MY,VGLUT2,MC_157:Pontine and medullary reticular neurons,Ex_Pax2_Erfl,Ex_Pax2_Erfl_MY,Ex_Pax2_Erfl_MY
Ex_Pax2_Erfl_2,neuron,MY,VGLUT2,MC_157:Pontine and medullary reticular neurons,Ex_Pax2_Erfl,Ex_Pax2_Erfl_MY,Ex_Pax2_Erfl_MY
Ex_Pax2_Erfl_3,neuron,MY,VGLUT2,MC_157:Pontine and medullary reticular neurons,Ex_Pax2_Erfl,Ex_Pax2_Erfl_MY,Ex_Pax2_Erfl_MY
Ex_Pax2_Erfl_4,neuron,MY,VGLUT2,MC_157:Pontine and medullary reticular neurons,Ex_Pax2_Erfl,Ex_Pax2_Erfl_MY,Ex_Pax2_Erfl_MY
Ex_Pax2_Gm11639_1,neuron,MY,VGLUT2,MC_157:Pontine and medullary reticular neurons,Ex_Pax2_Gm11639,Ex_Pax2_Gm11639_MY,Ex_Pax2_Gm11639_MY
Ex_Pax2_Gm11639_2,neuron,MY,VGLUT2,MC_157:Pontine and medullary reticular neurons,Ex_Pax2_Gm11639,Ex_Pax2_Gm11639_MY,Ex_Pax2_Gm11639_MY
CholEx_Pax2_Crabp1_1,neuron,MY,VGLUT2_CHOL,MC_157:Pontine and medullary reticular neurons,CholEx_Pax2_Crabp1,CholEx_Pax2_Crabp1_MY,CholEx_Pax2_Crabp1_MY
CholEx_Pax2_Crabp1_2,neuron,MY,VGLUT2_CHOL,MC_157:Pontine and medullary reticular neurons,CholEx_Pax2_Crabp1,CholEx_Pax2_Crabp1_MY,CholEx_Pax2_Crabp1_MY
Ex_Pax2_Crabp1,neuron,MY,VGLUT2,MC_157:Pontine and medullary reticular neurons,Ex_Pax2_Crabp1,Ex_Pax2_Crabp1_MY,Ex_Pax2_Crabp1_MY
CholEx_Pax2_Bmp4,neuron,MY,VGLUT2_CHOL,MC_157:Pontine and medullary reticular neurons,CholEx_Pax2_Bmp4,CholEx_Pax2_Bmp4_MY,CholEx_Pax2_Bmp4_MY
CholEx_Pax2_Shisal2b,neuron,MY,VGLUT2_VGLUT3_CHOL,MC_157:Pontine and medullary reticular neurons,CholEx_Pax2_Shisal2b,CholEx_Pax2_Shisal2b_MY,CholEx_Pax2_Shisal2b_MY
Inh_Pax2_Cyyr1_1,neuron,MY,GLY,MC_125:Pontine and medullary neurons,Inh_Pax2_Cyyr1,Inh_Pax2_Cyyr1_MY,Inh_Pax2_Cyyr1_MY
Inh_Pax2_Cyyr1_2,neuron,MY,GLY,MC_125:Pontine and medullary neurons,Inh_Pax2_Cyyr1,Inh_Pax2_Cyyr1_MY,Inh_Pax2_Cyyr1_MY
Inh_Emx2_Rxfp2,neuron,MB,GABA,MC_95:Tectal neurons,Inh_Emx2_Rxfp2,Inh_Emx2_Rxfp2_MB,Inh_Emx2_Rxfp2_MB
Inh_Emx2_Il20ra_1,neuron,MB,GABA,MC_95:Tectal neurons,Inh_Emx2_Il20ra,Inh_Emx2_Il20ra_MB,Inh_Emx2_Il20ra_MB
Inh_Emx2_Il20ra_2,neuron,MB,GABA,MC_95:Tectal neurons,Inh_Emx2_Il20ra,Inh_Emx2_Il20ra_MB,Inh_Emx2_Il20ra_MB
Inh_Emx2_Irx4,neuron,MB,GABA,MC_95:Tectal neurons,Inh_Emx2_Irx4,Inh_Emx2_Irx4_MB,Inh_Emx2_Irx4_MB
Inh_Dmbx1_Rubcnl,neuron,MB,GABA,MC_89:Tectal neurons,Inh_Dmbx1_Rubcnl,Inh_Dmbx1_Rubcnl_MB,Inh_Dmbx1_Rubcnl_MB
Inh_Dmbx1_Gcnt4,neuron,MB,GABA,MC_89:Tectal neurons,Inh_Dmbx1_Gcnt4,Inh_Dmbx1_Gcnt4_MB,Inh_Dmbx1_Gcnt4_MB
Ex_Foxb1_Nat8f6_1,neuron,P,VGLUT2,MC_139:Pontine and medullary neurons,Ex_Foxb1_Nat8f6,Ex_Foxb1_Nat8f6_P,Ex_Foxb1_Nat8f6_P
Ex_Foxb1_Nat8f6_2,neuron,MY,VGLUT2,MC_139:Pontine and medullary neurons,Ex_Foxb1_Nat8f6,Ex_Foxb1_Nat8f6_MY,Ex_Foxb1_Nat8f6_MY
Ex_Foxb1_Shoc1,neuron,P,VGLUT2,MC_139:Pontine and medullary neurons,Ex_Foxb1_Shoc1,Ex_Foxb1_Shoc1_P,Ex_Foxb1_Shoc1_P
Ex_Foxb1_Arhgef38_1,neuron,MB,VGLUT2,"MC_215:Superior collicular, motor area neurons",Ex_Foxb1_Arhgef38,Ex_Foxb1_Arhgef38_MB,Ex_Foxb1_Arhgef38_MB
Ex_Foxb1_Plekhg6,neuron,MB,VGLUT2,"MC_215:Superior collicular, motor area neurons",Ex_Foxb1_Plekhg6,Ex_Foxb1_Plekhg6_MB,Ex_Foxb1_Plekhg6_MB
Ex_Foxb1_Arhgef38_2,neuron,MB,VGLUT2,"MC_215:Superior collicular, motor area neurons",Ex_Foxb1_Arhgef38,Ex_Foxb1_Arhgef38_MB,Ex_Foxb1_Arhgef38_MB
Ex_Foxb1_Arhgef38_3,neuron,MB,VGLUT2,"MC_215:Superior collicular, motor area neurons",Ex_Foxb1_Arhgef38,Ex_Foxb1_Arhgef38_MB,Ex_Foxb1_Arhgef38_MB
Ex_Foxb1_Arhgef38_4,neuron,MB,VGLUT2,"MC_215:Superior collicular, motor area neurons",Ex_Foxb1_Arhgef38,Ex_Foxb1_Arhgef38_MB,Ex_Foxb1_Arhgef38_MB
Ex_Foxb1_Arhgef38_5,neuron,,VGLUT2,"MC_215:Superior collicular, motor area neurons",Ex_Foxb1_Arhgef38,Ex_Foxb1_Arhgef38,Ex_Foxb1_Arhgef38
Inh_Foxp4_Bnc2,neuron,OLF,GABA,MC_83:Hypothalamic and pallidal neurons,Inh_Foxp4_Bnc2,Inh_Foxp4_Bnc2_OLF,Inh_Foxp4_Bnc2_OLF
Ex_Sox6_Rbm47,neuron,Isocortex,VGLUT2,"MC_211:Superior collicular, sensory area neurons",Ex_Sox6_Rbm47,Ex_Sox6_Rbm47_Isocortex,Ex_Sox6_Rbm47_Isocortex
Ex_Sox6_Prom1,neuron,MB,VGLUT2,"MC_211:Superior collicular, sensory area neurons",Ex_Sox6_Prom1,Ex_Sox6_Prom1_MB,Ex_Sox6_Prom1_MB
Ex_Sox6_Sult3a2_1,neuron,MB,VGLUT2,MC_212:Tectal neurons,Ex_Sox6_Sult3a2,Ex_Sox6_Sult3a2_MB,Ex_Sox6_Sult3a2_MB
Ex_Sox6_Sult3a2_2,neuron,MB,VGLUT2,MC_212:Tectal neurons,Ex_Sox6_Sult3a2,Ex_Sox6_Sult3a2_MB,Ex_Sox6_Sult3a2_MB
Ex_Sox6_Sult3a2_3,neuron,MB,VGLUT2,MC_212:Tectal neurons,Ex_Sox6_Sult3a2,Ex_Sox6_Sult3a2_MB,Ex_Sox6_Sult3a2_MB
Ex_Sox6_Sult3a2_4,neuron,MB,VGLUT2,MC_212:Tectal neurons,Ex_Sox6_Sult3a2,Ex_Sox6_Sult3a2_MB,Ex_Sox6_Sult3a2_MB
Ex_Sox6_Myl2,neuron,MB,VGLUT2,"MC_211:Superior collicular, sensory area neurons",Ex_Sox6_Myl2,Ex_Sox6_Myl2_MB,Ex_Sox6_Myl2_MB
Ex_Sox6_Plscr5_1,neuron,MB,VGLUT2,"MC_211:Superior collicular, sensory area neurons",Ex_Sox6_Plscr5,Ex_Sox6_Plscr5_MB,Ex_Sox6_Plscr5_MB
Ex_Sox6_Plscr5_2,neuron,MB,VGLUT2,"MC_211:Superior collicular, sensory area neurons",Ex_Sox6_Plscr5,Ex_Sox6_Plscr5_MB,Ex_Sox6_Plscr5_MB
Ex_Tfap2d_Emid1_1,neuron,MB,VGLUT2,MC_212:Tectal neurons,Ex_Tfap2d_Emid1,Ex_Tfap2d_Emid1_MB,Ex_Tfap2d_Emid1_MB
Ex_Tfap2d_Emid1_2,neuron,MB,VGLUT2,MC_212:Tectal neurons,Ex_Tfap2d_Emid1,Ex_Tfap2d_Emid1_MB,Ex_Tfap2d_Emid1_MB
Ex_Tfap2d_Emid1_3,neuron,MB,VGLUT2,MC_212:Tectal neurons,Ex_Tfap2d_Emid1,Ex_Tfap2d_Emid1_MB,Ex_Tfap2d_Emid1_MB
Ex_Tfap2d_Emid1_4,neuron,MB,VGLUT2,MC_209:Tectal neurons,Ex_Tfap2d_Emid1,Ex_Tfap2d_Emid1_MB,Ex_Tfap2d_Emid1_MB
Ex_Neurod6_Pou4f3_1,neuron,MB,VGLUT2,MC_209:Tectal neurons,Ex_Neurod6_Pou4f3,Ex_Neurod6_Pou4f3_MB,Ex_Neurod6_Pou4f3_MB
Ex_Neurod6_Pou4f3_2,neuron,MB,VGLUT2,MC_209:Tectal neurons,Ex_Neurod6_Pou4f3,Ex_Neurod6_Pou4f3_MB,Ex_Neurod6_Pou4f3_MB
Ex_Neurod6_Pou4f3_3,neuron,MB,VGLUT2,MC_209:Tectal neurons,Ex_Neurod6_Pou4f3,Ex_Neurod6_Pou4f3_MB,Ex_Neurod6_Pou4f3_MB
Ex_Tfap2b_Bmpr1b_1,neuron,MB,VGLUT2,"MC_215:Superior collicular, motor area neurons",Ex_Tfap2b_Bmpr1b,Ex_Tfap2b_Bmpr1b_MB,Ex_Tfap2b_Bmpr1b_MB
Ex_Tfap2b_Bmpr1b_2,neuron,MB,VGLUT2,"MC_215:Superior collicular, motor area neurons",Ex_Tfap2b_Bmpr1b,Ex_Tfap2b_Bmpr1b_MB,Ex_Tfap2b_Bmpr1b_MB
Ex_Tfap2b_Bmpr1b_3,neuron,MB,VGLUT2,"MC_215:Superior collicular, motor area neurons",Ex_Tfap2b_Bmpr1b,Ex_Tfap2b_Bmpr1b_MB,Ex_Tfap2b_Bmpr1b_MB
Ex_Tfap2b_Plce1_1,neuron,MB,VGLUT2,"MC_215:Superior collicular, motor area neurons",Ex_Tfap2b_Plce1,Ex_Tfap2b_Plce1_MB,Ex_Tfap2b_Plce1_MB
Ex_Tfap2b_Peizo2,neuron,MB,VGLUT2,"MC_215:Superior collicular, motor area neurons",Ex_Tfap2b_Peizo2,Ex_Tfap2b_Peizo2_MB,Ex_Tfap2b_Peizo2_MB
Ex_Tfap2b_Sult3a2_1,neuron,MB,VGLUT2,"MC_215:Superior collicular, motor area neurons",Ex_Tfap2b_Sult3a2,Ex_Tfap2b_Sult3a2_MB,Ex_Tfap2b_Sult3a2_MB
Ex_Tfap2b_Sult3a2_2,neuron,MB,VGLUT2,"MC_215:Superior collicular, motor area neurons",Ex_Tfap2b_Sult3a2,Ex_Tfap2b_Sult3a2_MB,Ex_Tfap2b_Sult3a2_MB
Ex_Tfap2b_Sult3a2_3,neuron,MB,VGLUT2,"MC_215:Superior collicular, motor area neurons",Ex_Tfap2b_Sult3a2,Ex_Tfap2b_Sult3a2_MB,Ex_Tfap2b_Sult3a2_MB
Ex_Tfap2b_Sult3a2_4,neuron,MB,VGLUT2,"MC_215:Superior collicular, motor area neurons",Ex_Tfap2b_Sult3a2,Ex_Tfap2b_Sult3a2_MB,Ex_Tfap2b_Sult3a2_MB
Ex_Tfap2b_Sult3a2_5,neuron,MB,VGLUT2,"MC_215:Superior collicular, motor area neurons",Ex_Tfap2b_Sult3a2,Ex_Tfap2b_Sult3a2_MB,Ex_Tfap2b_Sult3a2_MB
Ex_Tfap2b_Otop1_1,neuron,MB,VGLUT2,"MC_215:Superior collicular, motor area neurons",Ex_Tfap2b_Otop1,Ex_Tfap2b_Otop1_MB,Ex_Tfap2b_Otop1_MB
Ex_Tfap2b_Tstd1_1,neuron,MB,VGLUT2,"MC_215:Superior collicular, motor area neurons",Ex_Tfap2b_Tstd1,Ex_Tfap2b_Tstd1_MB,Ex_Tfap2b_Tstd1_MB
Ex_Tfap2b_Otop1_2,neuron,MB,VGLUT2,"MC_215:Superior collicular, motor area neurons",Ex_Tfap2b_Otop1,Ex_Tfap2b_Otop1_MB,Ex_Tfap2b_Otop1_MB
Ex_Tfap2b_Tstd1_2,neuron,MB,VGLUT2,"MC_215:Superior collicular, motor area neurons",Ex_Tfap2b_Tstd1,Ex_Tfap2b_Tstd1_MB,Ex_Tfap2b_Tstd1_MB
Ex_Tfap2b_Heg1,neuron,MB,VGLUT2,"MC_215:Superior collicular, motor area neurons",Ex_Tfap2b_Heg1,Ex_Tfap2b_Heg1_MB,Ex_Tfap2b_Heg1_MB
Ex_Tfap2b_Megf11,neuron,MB,VGLUT2,"MC_215:Superior collicular, motor area neurons",Ex_Tfap2b_Megf11,Ex_Tfap2b_Megf11_MB,Ex_Tfap2b_Megf11_MB
Ex_Lhx9_Adgrg2_1,neuron,TH,VGLUT2,MC_219:Thalamic projection neurons,Ex_Lhx9_Adgrg2,Ex_Lhx9_Adgrg2_TH,Ex_Lhx9_Adgrg2_TH
Ex_Lhx9_Adgrg2_2,neuron,TH,VGLUT2,MC_219:Thalamic projection neurons,Ex_Lhx9_Adgrg2,Ex_Lhx9_Adgrg2_TH,Ex_Lhx9_Adgrg2_TH
Ex_Lhx9_Adgrg2_3,neuron,TH,VGLUT2,MC_219:Thalamic projection neurons,Ex_Lhx9_Adgrg2,Ex_Lhx9_Adgrg2_TH,Ex_Lhx9_Adgrg2_TH
Ex_Lhx9_Adgrg2_4,neuron,TH,VGLUT2,MC_219:Thalamic projection neurons,Ex_Lhx9_Adgrg2,Ex_Lhx9_Adgrg2_TH,Ex_Lhx9_Adgrg2_TH
Ex_Lhx9_Adgrg2_5,neuron,TH,VGLUT2,MC_219:Thalamic projection neurons,Ex_Lhx9_Adgrg2,Ex_Lhx9_Adgrg2_TH,Ex_Lhx9_Adgrg2_TH
Ex_Lhx9_Pthlh_1,neuron,TH,VGLUT2,MC_219:Thalamic projection neurons,Ex_Lhx9_Pthlh,Ex_Lhx9_Pthlh_TH,Ex_Lhx9_Pthlh_TH
Ex_Lhx9_Pthlh_2,neuron,HY,VGLUT2,MC_219:Thalamic projection neurons,Ex_Lhx9_Pthlh,Ex_Lhx9_Pthlh_HY,Ex_Lhx9_Pthlh_HY
Ex_Lhx9_Npsr1_1,neuron,MB,VGLUT2,MC_206:Subparafascicular neurons,Ex_Lhx9_Npsr1,Ex_Lhx9_Npsr1_MB,Ex_Lhx9_Npsr1_MB
Ex_Lhx9_Npsr1_2,neuron,MB,VGLUT2,MC_206:Subparafascicular neurons,Ex_Lhx9_Npsr1,Ex_Lhx9_Npsr1_MB,Ex_Lhx9_Npsr1_MB
Ex_Lhx9_Rxfp3,neuron,MB,VGLUT2,MC_206:Subparafascicular neurons,Ex_Lhx9_Rxfp3,Ex_Lhx9_Rxfp3_MB,Ex_Lhx9_Rxfp3_MB
Ex_Lhx9_Fmo1_1,neuron,TH,VGLUT2,MC_206:Subparafascicular neurons,Ex_Lhx9_Fmo1,Ex_Lhx9_Fmo1_TH,Ex_Lhx9_Fmo1_TH
Ex_Lhx9_Fmo1_2,neuron,TH,VGLUT2,MC_206:Subparafascicular neurons,Ex_Lhx9_Fmo1,Ex_Lhx9_Fmo1_TH,Ex_Lhx9_Fmo1_TH
Ex_Lhx9_Slc26a7_1,neuron,TH,VGLUT2,MC_206:Subparafascicular neurons,Ex_Lhx9_Slc26a7,Ex_Lhx9_Slc26a7_TH,Ex_Lhx9_Slc26a7_TH
Ex_Lhx9_Slc26a7_2,neuron,TH,VGLUT2,MC_206:Subparafascicular neurons,Ex_Lhx9_Slc26a7,Ex_Lhx9_Slc26a7_TH,Ex_Lhx9_Slc26a7_TH
Ex_Lhx9_Nr5a2,neuron,PAL,VGLUT2,MC_206:Subparafascicular neurons,Ex_Lhx9_Nr5a2,Ex_Lhx9_Nr5a2_PAL,Ex_Lhx9_Nr5a2_PAL
Ex_Lhx9_Pkhd1,neuron,TH,VGLUT2,MC_206:Subparafascicular neurons,Ex_Lhx9_Pkhd1,Ex_Lhx9_Pkhd1_TH,Ex_Lhx9_Pkhd1_TH
Ex_Lhx9_Kif19a_1,neuron,TH,VGLUT2,MC_206:Subparafascicular neurons,Ex_Lhx9_Kif19a,Ex_Lhx9_Kif19a_TH,Ex_Lhx9_Kif19a_TH
Ex_Lhx9_Kif19a_2,neuron,HY,VGLUT2,MC_206:Subparafascicular neurons,Ex_Lhx9_Kif19a,Ex_Lhx9_Kif19a_HY,Ex_Lhx9_Kif19a_HY
Ex_Lhx9_Kif19a_3,neuron,TH,VGLUT2,MC_206:Subparafascicular neurons,Ex_Lhx9_Kif19a,Ex_Lhx9_Kif19a_TH,Ex_Lhx9_Kif19a_TH
Ex_Lhx9_Lrp4,neuron,TH,VGLUT2,MC_219:Thalamic projection neurons,Ex_Lhx9_Lrp4,Ex_Lhx9_Lrp4_TH,Ex_Lhx9_Lrp4_TH
Ex_Lhx9_Met,neuron,MB,VGLUT2,MC_205:Tegmental neurons,Ex_Lhx9_Met,Ex_Lhx9_Met_MB,Ex_Lhx9_Met_MB
Ex_Lhx9_Maf,neuron,MB,VGLUT2,MC_205:Tegmental neurons,Ex_Lhx9_Maf,Ex_Lhx9_Maf_MB,Ex_Lhx9_Maf_MB
Ex_Lhx9_Prdm8_1,neuron,MB,VGLUT2,MC_205:Tegmental neurons,Ex_Lhx9_Prdm8,Ex_Lhx9_Prdm8_MB,Ex_Lhx9_Prdm8_MB
Ex_Lhx9_Prdm8_2,neuron,HY,VGLUT2,MC_205:Tegmental neurons,Ex_Lhx9_Prdm8,Ex_Lhx9_Prdm8_HY,Ex_Lhx9_Prdm8_HY
Ex_Neurod6_Dnah11_1,neuron,MB,VGLUT2,MC_205:Tegmental neurons,Ex_Neurod6_Dnah11,Ex_Neurod6_Dnah11_MB,Ex_Neurod6_Dnah11_MB
Ex_Neurod6_Dnah11_2,neuron,MB,VGLUT2,MC_205:Tegmental neurons,Ex_Neurod6_Dnah11,Ex_Neurod6_Dnah11_MB,Ex_Neurod6_Dnah11_MB
Ex_Neurod6_Aox3,neuron,MB,VGLUT2,MC_205:Tegmental neurons,Ex_Neurod6_Aox3,Ex_Neurod6_Aox3_MB,Ex_Neurod6_Aox3_MB
Ex_Neurod6_Dnah11_3,neuron,MB,VGLUT2,MC_205:Tegmental neurons,Ex_Neurod6_Dnah11,Ex_Neurod6_Dnah11_MB,Ex_Neurod6_Dnah11_MB
Ex_Neurod6_Dnah11_4,neuron,MB,VGLUT2,MC_205:Tegmental neurons,Ex_Neurod6_Dnah11,Ex_Neurod6_Dnah11_MB,Ex_Neurod6_Dnah11_MB
Ex_Neurod6_Dnah11_5,neuron,MB,VGLUT2,MC_205:Tegmental neurons,Ex_Neurod6_Dnah11,Ex_Neurod6_Dnah11_MB,Ex_Neurod6_Dnah11_MB
Ex_Neurod6_Dnah11_6,neuron,MB,VGLUT2,MC_205:Tegmental neurons,Ex_Neurod6_Dnah11,Ex_Neurod6_Dnah11_MB,Ex_Neurod6_Dnah11_MB
Ex_Lhx2_Emid1,neuron,MB,VGLUT2,MC_205:Tegmental neurons,Ex_Lhx2_Emid1,Ex_Lhx2_Emid1_MB,Ex_Lhx2_Emid1_MB
Ex_Neurod6_Fam83b,neuron,MB,VGLUT2,MC_205:Tegmental neurons,Ex_Neurod6_Fam83b,Ex_Neurod6_Fam83b_MB,Ex_Neurod6_Fam83b_MB
Ex_Neurod6_Dnah11_7,neuron,MB,VGLUT2,MC_205:Tegmental neurons,Ex_Neurod6_Dnah11,Ex_Neurod6_Dnah11_MB,Ex_Neurod6_Dnah11_MB
Ex_Neurod6_Dnah11_8,neuron,MB,VGLUT2,MC_205:Tegmental neurons,Ex_Neurod6_Dnah11,Ex_Neurod6_Dnah11_MB,Ex_Neurod6_Dnah11_MB
Ex_Neurod6_Dnah11_9,neuron,MB,VGLUT2,MC_205:Tegmental neurons,Ex_Neurod6_Dnah11,Ex_Neurod6_Dnah11_MB,Ex_Neurod6_Dnah11_MB
Ex_Lhx2_Fn1,neuron,MB,VGLUT2,MC_205:Tegmental neurons,Ex_Lhx2_Fn1,Ex_Lhx2_Fn1_MB,Ex_Lhx2_Fn1_MB
Ex_Neurod6_Fn1_1,neuron,TH,VGLUT2,MC_205:Tegmental neurons,Ex_Neurod6_Fn1,Ex_Neurod6_Fn1_TH,Ex_Neurod6_Fn1_TH
Ex_Neurod6_Fn1_2,neuron,MB,VGLUT2,MC_205:Tegmental neurons,Ex_Neurod6_Fn1,Ex_Neurod6_Fn1_MB,Ex_Neurod6_Fn1_MB
Ex_Neurod6_Slc5a7,neuron,HY,VGLUT2,MC_205:Tegmental neurons,Ex_Neurod6_Slc5a7,Ex_Neurod6_Slc5a7_HY,Ex_Neurod6_Slc5a7_HY
Ex_Tcf7l2_Myh13,neuron,HY,VGLUT2,MC_199:Tegmental and pontine neurons,Ex_Tcf7l2_Myh13,Ex_Tcf7l2_Myh13_HY,Ex_Tcf7l2_Myh13_HY
Ex_Tcf7l2_Ccdc80,neuron,HY,VGLUT2,MC_199:Tegmental and pontine neurons,Ex_Tcf7l2_Ccdc80,Ex_Tcf7l2_Ccdc80_HY,Ex_Tcf7l2_Ccdc80_HY
Inh_Pax6_Lrrc38,neuron,HY,GABA,"MC_85:Hypothalamic neurons, primarily zona incerta",Inh_Pax6_Lrrc38,Inh_Pax6_Lrrc38_HY,Inh_Pax6_Lrrc38_HY
Inh_Pax6_Pdgfd_1,neuron,HY,GABA,MC_80:Anterior hypothalamic neurons,Inh_Pax6_Pdgfd,Inh_Pax6_Pdgfd_HY,Inh_Pax6_Pdgfd_HY
Inh_Pax6_Pdgfd_2,neuron,TH,GABA,MC_80:Anterior hypothalamic neurons,Inh_Pax6_Pdgfd,Inh_Pax6_Pdgfd_TH,Inh_Pax6_Pdgfd_TH
Inh_Pax6_Pdgfd_3,neuron,HY,GABA,MC_80:Anterior hypothalamic neurons,Inh_Pax6_Pdgfd,Inh_Pax6_Pdgfd_HY,Inh_Pax6_Pdgfd_HY
Inh_Pax6_Pdgfd_4,neuron,HY,GABA,MC_84:Reticular thalamic neurons,Inh_Pax6_Pdgfd,Inh_Pax6_Pdgfd_HY,Inh_Pax6_Pdgfd_HY
Inh_Pax6_Pdgfd_5,neuron,HY,GABA,MC_84:Reticular thalamic neurons,Inh_Pax6_Pdgfd,Inh_Pax6_Pdgfd_HY,Inh_Pax6_Pdgfd_HY
Inh_Lhx1_Wnt5a_1,neuron,MB,GABA,MC_92:Tegmental neurons,Inh_Lhx1_Wnt5a,Inh_Lhx1_Wnt5a_MB,Inh_Lhx1_Wnt5a_MB
Inh_Lhx1_Wnt5a_2,neuron,MB,GABA,MC_92:Tegmental neurons,Inh_Lhx1_Wnt5a,Inh_Lhx1_Wnt5a_MB,Inh_Lhx1_Wnt5a_MB
Inh_Lhx1_Wnt5a_3,neuron,MB,GABA,MC_92:Tegmental neurons,Inh_Lhx1_Wnt5a,Inh_Lhx1_Wnt5a_MB,Inh_Lhx1_Wnt5a_MB
Inh_Lhx1_Col8a1_Otx1,neuron,MB,GABA,MC_92:Tegmental neurons,Inh_Lhx1_Col8a1_Otx1,Inh_Lhx1_Col8a1_Otx1_MB,Inh_Lhx1_Col8a1_Otx1_MB
Inh_Lhx1_Tspo2,neuron,MB,GABA,MC_92:Tegmental neurons,Inh_Lhx1_Tspo2,Inh_Lhx1_Tspo2_MB,Inh_Lhx1_Tspo2_MB
Inh_Lhx1_Egflam_1,neuron,MB,GABA,MC_92:Tegmental neurons,Inh_Lhx1_Egflam,Inh_Lhx1_Egflam_MB,Inh_Lhx1_Egflam_MB
Inh_Lhx1_Egflam_2,neuron,MB,GABA,MC_92:Tegmental neurons,Inh_Lhx1_Egflam,Inh_Lhx1_Egflam_MB,Inh_Lhx1_Egflam_MB
Inh_Lhx1_Egflam_4,neuron,MB,GABA,MC_92:Tegmental neurons,Inh_Lhx1_Egflam,Inh_Lhx1_Egflam_MB,Inh_Lhx1_Egflam_MB
Inh_Lhx1_Egflam_5,neuron,MB,GABA,MC_92:Tegmental neurons,Inh_Lhx1_Egflam,Inh_Lhx1_Egflam_MB,Inh_Lhx1_Egflam_MB
Inh_Lhx1_Egflam_6,neuron,MB,GABA,MC_92:Tegmental neurons,Inh_Lhx1_Egflam,Inh_Lhx1_Egflam_MB,Inh_Lhx1_Egflam_MB
Inh_Lhx1_Egflam_7,neuron,TH,GABA,MC_92:Tegmental neurons,Inh_Lhx1_Egflam,Inh_Lhx1_Egflam_TH,Inh_Lhx1_Egflam_TH
Inh_Lhx1_Smoc2_1,neuron,OLF,GABA,MC_92:Tegmental neurons,Inh_Lhx1_Smoc2,Inh_Lhx1_Smoc2_OLF,Inh_Lhx1_Smoc2_OLF
Inh_Lhx1_Smoc2_2,neuron,,GABA,MC_92:Tegmental neurons,Inh_Lhx1_Smoc2,Inh_Lhx1_Smoc2,Inh_Lhx1_Smoc2
Inh_Lhx1_Adamts5,neuron,MB,GABA,MC_92:Tegmental neurons,Inh_Lhx1_Adamts5,Inh_Lhx1_Adamts5_MB,Inh_Lhx1_Adamts5_MB
Inh_Lhx1_Mecom_Otx1_1,neuron,HY,GLY,MC_92:Tegmental neurons,Inh_Lhx1_Mecom_Otx1,Inh_Lhx1_Mecom_Otx1_HY,Inh_Lhx1_Mecom_Otx1_HY
Inh_Lhx1_Mecom_Otx1_2,neuron,HY,GABA,MC_92:Tegmental neurons,Inh_Lhx1_Mecom_Otx1,Inh_Lhx1_Mecom_Otx1_HY,Inh_Lhx1_Mecom_Otx1_HY
Inh_Lhx1_Egln3,neuron,,GLY,MC_92:Tegmental neurons,Inh_Lhx1_Egln3,Inh_Lhx1_Egln3,Inh_Lhx1_Egln3
Inh_Lhx1_Colq,neuron,MB,GABA,MC_92:Tegmental neurons,Inh_Lhx1_Colq,Inh_Lhx1_Colq_MB,Inh_Lhx1_Colq_MB
Inh_Lhx1_Edn1,neuron,MB,GABA,MC_92:Tegmental neurons,Inh_Lhx1_Edn1,Inh_Lhx1_Edn1_MB,Inh_Lhx1_Edn1_MB
Inh_Lhx1_Slco1a6,neuron,,GABA,MC_92:Tegmental neurons,Inh_Lhx1_Slco1a6,Inh_Lhx1_Slco1a6,Inh_Lhx1_Slco1a6
Inh_Lhx1_Adgrg2,neuron,MB,GABA,MC_92:Tegmental neurons,Inh_Lhx1_Adgrg2,Inh_Lhx1_Adgrg2_MB,Inh_Lhx1_Adgrg2_MB
Inh_Lhx1_Dach2_1,neuron,MB,GABA,MC_92:Tegmental neurons,Inh_Lhx1_Dach2,Inh_Lhx1_Dach2_MB,Inh_Lhx1_Dach2_MB
Inh_Lhx1_Dach2_2,neuron,MB,GABA,MC_92:Tegmental neurons,Inh_Lhx1_Dach2,Inh_Lhx1_Dach2_MB,Inh_Lhx1_Dach2_MB
Inh_Lhx1_Dach2_3,neuron,MB,GABA,MC_92:Tegmental neurons,Inh_Lhx1_Dach2,Inh_Lhx1_Dach2_MB,Inh_Lhx1_Dach2_MB
Inh_Lhx1_Dach2_4,neuron,MB,GABA,MC_92:Tegmental neurons,Inh_Lhx1_Dach2,Inh_Lhx1_Dach2_MB,Inh_Lhx1_Dach2_MB
Inh_Lhx1_Crhbp,neuron,MB,GABA,MC_92:Tegmental neurons,Inh_Lhx1_Crhbp,Inh_Lhx1_Crhbp_MB,Inh_Lhx1_Crhbp_MB
Inh_Lhx1_Npy,neuron,MB,GABA,MC_92:Tegmental neurons,Inh_Lhx1_Npy,Inh_Lhx1_Npy_MB,Inh_Lhx1_Npy_MB
Inh_Lhx1_Lrrc38_1,neuron,MB,GABA,MC_92:Tegmental neurons,Inh_Lhx1_Lrrc38,Inh_Lhx1_Lrrc38_MB,Inh_Lhx1_Lrrc38_MB
Inh_Lhx1_Kcnmb1,neuron,MB,GABA,MC_92:Tegmental neurons,Inh_Lhx1_Kcnmb1,Inh_Lhx1_Kcnmb1_MB,Inh_Lhx1_Kcnmb1_MB
Inh_Lhx1_Acan,neuron,MB,GABA,MC_92:Tegmental neurons,Inh_Lhx1_Acan,Inh_Lhx1_Acan_MB,Inh_Lhx1_Acan_MB
Inh_Lhx1_Emx2_1,neuron,MB,GABA,MC_92:Tegmental neurons,Inh_Lhx1_Emx2,Inh_Lhx1_Emx2_MB,Inh_Lhx1_Emx2_MB
Inh_Lhx1_Emx2_2,neuron,MB,GABA,MC_92:Tegmental neurons,Inh_Lhx1_Emx2,Inh_Lhx1_Emx2_MB,Inh_Lhx1_Emx2_MB
Inh_Lhx1_Emx2_3,neuron,MB,GABA,MC_92:Tegmental neurons,Inh_Lhx1_Emx2,Inh_Lhx1_Emx2_MB,Inh_Lhx1_Emx2_MB
Inh_Lhx1_Pnoc,neuron,MB,GABA,MC_92:Tegmental neurons,Inh_Lhx1_Pnoc,Inh_Lhx1_Pnoc_MB,Inh_Lhx1_Pnoc_MB
Inh_Lhx1_Sox14,neuron,MB,GABA,MC_92:Tegmental neurons,Inh_Lhx1_Sox14,Inh_Lhx1_Sox14_MB,Inh_Lhx1_Sox14_MB
Inh_Lhx1_Pax3_1,neuron,MB,GABA,MC_90:Midbrain neurons,Inh_Lhx1_Pax3,Inh_Lhx1_Pax3_MB,Inh_Lhx1_Pax3_MB
Inh_Lhx1_Pax3_2,neuron,MB,GABA,MC_90:Midbrain neurons,Inh_Lhx1_Pax3,Inh_Lhx1_Pax3_MB,Inh_Lhx1_Pax3_MB
Inh_Lhx1_Pax3_3,neuron,MB,GABA,MC_90:Midbrain neurons,Inh_Lhx1_Pax3,Inh_Lhx1_Pax3_MB,Inh_Lhx1_Pax3_MB
Inh_Lhx1_Lrrc38_2,neuron,MB,GABA,MC_94:Tegmental neurons,Inh_Lhx1_Lrrc38,Inh_Lhx1_Lrrc38_MB,Inh_Lhx1_Lrrc38_MB
Inh_Six3_Ptger3_1,neuron,MB,GABA,MC_105:Midbrain neurons,Inh_Six3_Ptger3,Inh_Six3_Ptger3_MB,Inh_Six3_Ptger3_MB
Inh_Six3_Ptger3_2,neuron,MB,GABA,MC_105:Midbrain neurons,Inh_Six3_Ptger3,Inh_Six3_Ptger3_MB,Inh_Six3_Ptger3_MB
Inh_Onecut3_Otx1,neuron,MB,GABA,MC_105:Midbrain neurons,Inh_Onecut3_Otx1,Inh_Onecut3_Otx1_MB,Inh_Onecut3_Otx1_MB
Inh_Onecut3_Svs5,neuron,MB,GABA,"MC_93:Tegmental neurons, primarily interstitial nucleus of Cajal",Inh_Onecut3_Svs5,Inh_Onecut3_Svs5_MB,Inh_Onecut3_Svs5_MB
Inh_Onecut3_Lsp1_1,neuron,MB,GABA,"MC_93:Tegmental neurons, primarily interstitial nucleus of Cajal",Inh_Onecut3_Lsp1,Inh_Onecut3_Lsp1_MB,Inh_Onecut3_Lsp1_MB
Inh_Onecut3_Lsp1_2,neuron,MB,GABA,"MC_93:Tegmental neurons, primarily interstitial nucleus of Cajal",Inh_Onecut3_Lsp1,Inh_Onecut3_Lsp1_MB,Inh_Onecut3_Lsp1_MB
Inh_Onecut3_Colq_1,neuron,MB,GABA,"MC_93:Tegmental neurons, primarily interstitial nucleus of Cajal",Inh_Onecut3_Colq,Inh_Onecut3_Colq_MB,Inh_Onecut3_Colq_MB
Inh_Onecut3_Sox14,neuron,,GABA,"MC_93:Tegmental neurons, primarily interstitial nucleus of Cajal",Inh_Onecut3_Sox14,Inh_Onecut3_Sox14,Inh_Onecut3_Sox14
Inh_Onecut3_Colq_2,neuron,MY,GABA,"MC_93:Tegmental neurons, primarily interstitial nucleus of Cajal",Inh_Onecut3_Colq,Inh_Onecut3_Colq_MY,Inh_Onecut3_Colq_MY
Inh_Onecut3_Colq_3,neuron,MY,GABA,"MC_93:Tegmental neurons, primarily interstitial nucleus of Cajal",Inh_Onecut3_Colq,Inh_Onecut3_Colq_MY,Inh_Onecut3_Colq_MY
Inh_Onecut3_Npb_1,neuron,MB,GABA,"MC_93:Tegmental neurons, primarily interstitial nucleus of Cajal",Inh_Onecut3_Npb,Inh_Onecut3_Npb_MB,Inh_Onecut3_Npb_MB
Inh_Onecut3_Npb_2,neuron,MB,GABA,"MC_93:Tegmental neurons, primarily interstitial nucleus of Cajal",Inh_Onecut3_Npb,Inh_Onecut3_Npb_MB,Inh_Onecut3_Npb_MB
Inh_Onecut3_Wnt16,neuron,MB,GABA,"MC_93:Tegmental neurons, primarily interstitial nucleus of Cajal",Inh_Onecut3_Wnt16,Inh_Onecut3_Wnt16_MB,Inh_Onecut3_Wnt16_MB
Inh_Onecut3_Twist2,neuron,HY,GABA,"MC_93:Tegmental neurons, primarily interstitial nucleus of Cajal",Inh_Onecut3_Twist2,Inh_Onecut3_Twist2_HY,Inh_Onecut3_Twist2_HY
Inh_Nkx2-2_Rab3b_1,neuron,MB,GABA,MC_94:Tegmental neurons,Inh_Nkx2-2_Rab3b,Inh_Nkx2-2_Rab3b_MB,Inh_Nkx2-2_Rab3b_MB
Inh_Six3_Agtr2,neuron,MB,GABA,MC_94:Tegmental neurons,Inh_Six3_Agtr2,Inh_Six3_Agtr2_MB,Inh_Six3_Agtr2_MB
Inh_Six3_Rab3b,neuron,MB,GABA,MC_94:Tegmental neurons,Inh_Six3_Rab3b,Inh_Six3_Rab3b_MB,Inh_Six3_Rab3b_MB
Inh_Otx1_Ppp1r3a,neuron,MB,GABA,MC_94:Tegmental neurons,Inh_Otx1_Ppp1r3a,Inh_Otx1_Ppp1r3a_MB,Inh_Otx1_Ppp1r3a_MB
Inh_Nkx2-2_Nxph2,neuron,MB,GLY,MC_94:Tegmental neurons,Inh_Nkx2-2_Nxph2,Inh_Nkx2-2_Nxph2_MB,Inh_Nkx2-2_Nxph2_MB
Inh_Nkx2-2_Npy_1,neuron,MB,GABA,MC_94:Tegmental neurons,Inh_Nkx2-2_Npy,Inh_Nkx2-2_Npy_MB,Inh_Nkx2-2_Npy_MB
Inh_Nkx2-2_Npy_2,neuron,MB,GABA,MC_94:Tegmental neurons,Inh_Nkx2-2_Npy,Inh_Nkx2-2_Npy_MB,Inh_Nkx2-2_Npy_MB
Inh_Nkx2-2_Tecrl_1,neuron,MB,GABA,MC_94:Tegmental neurons,Inh_Nkx2-2_Tecrl,Inh_Nkx2-2_Tecrl_MB,Inh_Nkx2-2_Tecrl_MB
Inh_Nkx2-2_Npy_3,neuron,MB,GABA,MC_94:Tegmental neurons,Inh_Nkx2-2_Npy,Inh_Nkx2-2_Npy_MB,Inh_Nkx2-2_Npy_MB
Inh_Otx1_Dytn,neuron,MB,GABA,MC_94:Tegmental neurons,Inh_Otx1_Dytn,Inh_Otx1_Dytn_MB,Inh_Otx1_Dytn_MB
Inh_Otx1_Coch_1,neuron,MB,GABA,MC_94:Tegmental neurons,Inh_Otx1_Coch,Inh_Otx1_Coch_MB,Inh_Otx1_Coch_MB
Inh_Otx1_Coch_2,neuron,MB,GLY,MC_94:Tegmental neurons,Inh_Otx1_Coch,Inh_Otx1_Coch_MB,Inh_Otx1_Coch_MB
Inh_Otx1_Cd36_1,neuron,MB,GABA,MC_94:Tegmental neurons,Inh_Otx1_Cd36,Inh_Otx1_Cd36_MB,Inh_Otx1_Cd36_MB
Inh_Otx1_Cd36_2,neuron,MB,GLY,MC_94:Tegmental neurons,Inh_Otx1_Cd36,Inh_Otx1_Cd36_MB,Inh_Otx1_Cd36_MB
Inh_Otx1_Cd36_3,neuron,MB,GABA,MC_94:Tegmental neurons,Inh_Otx1_Cd36,Inh_Otx1_Cd36_MB,Inh_Otx1_Cd36_MB
Ex_Lmx1a_Dnaaf6b_1,neuron,HY,VGLUT2,MC_190:Hypothalamic neurons,Ex_Lmx1a_Dnaaf6b,Ex_Lmx1a_Dnaaf6b_HY,Ex_Lmx1a_Dnaaf6b_HY
Ex_Lmx1a_Dnaaf6b_2,neuron,HY,VGLUT2,MC_190:Hypothalamic neurons,Ex_Lmx1a_Dnaaf6b,Ex_Lmx1a_Dnaaf6b_HY,Ex_Lmx1a_Dnaaf6b_HY
Ex_Lmx1a_Pgr15l_1,neuron,HY,VGLUT2,MC_190:Hypothalamic neurons,Ex_Lmx1a_Pgr15l,Ex_Lmx1a_Pgr15l_HY,Ex_Lmx1a_Pgr15l_HY
Ex_Lmx1a_Jhy,neuron,HY,VGLUT2,MC_190:Hypothalamic neurons,Ex_Lmx1a_Jhy,Ex_Lmx1a_Jhy_HY,Ex_Lmx1a_Jhy_HY
Ex_Lmx1a_Pgr15l_2,neuron,HY,VGLUT2,MC_190:Hypothalamic neurons,Ex_Lmx1a_Pgr15l,Ex_Lmx1a_Pgr15l_HY,Ex_Lmx1a_Pgr15l_HY
Ex_Lmx1a_Pgr15l_3,neuron,HY,VGLUT2,MC_190:Hypothalamic neurons,Ex_Lmx1a_Pgr15l,Ex_Lmx1a_Pgr15l_HY,Ex_Lmx1a_Pgr15l_HY
Ex_Lmx1a_Ngfr,neuron,MB,VGLUT2,MC_191:Hypothalamic neurons,Ex_Lmx1a_Ngfr,Ex_Lmx1a_Ngfr_MB,Ex_Lmx1a_Ngfr_MB
Ex_Lmx1a_Cckar_1,neuron,HY,VGLUT2,MC_191:Hypothalamic neurons,Ex_Lmx1a_Cckar,Ex_Lmx1a_Cckar_HY,Ex_Lmx1a_Cckar_HY
Ex_Lmx1a_Cckar_2,neuron,HY,VGLUT2,MC_191:Hypothalamic neurons,Ex_Lmx1a_Cckar,Ex_Lmx1a_Cckar_HY,Ex_Lmx1a_Cckar_HY
Ex_Lmx1a_Cckar_3,neuron,HY,VGLUT2,MC_191:Hypothalamic neurons,Ex_Lmx1a_Cckar,Ex_Lmx1a_Cckar_HY,Ex_Lmx1a_Cckar_HY
Ex_Lmx1a_Itih5_1,neuron,HY,VGLUT2,MC_190:Hypothalamic neurons,Ex_Lmx1a_Itih5,Ex_Lmx1a_Itih5_HY,Ex_Lmx1a_Itih5_HY
Ex_Lmx1a_Itih5_2,neuron,HY,VGLUT2,MC_190:Hypothalamic neurons,Ex_Lmx1a_Itih5,Ex_Lmx1a_Itih5_HY,Ex_Lmx1a_Itih5_HY
Ex_Lmx1a_Pkd1l1,neuron,HY,VGLUT2,MC_190:Hypothalamic neurons,Ex_Lmx1a_Pkd1l1,Ex_Lmx1a_Pkd1l1_HY,Ex_Lmx1a_Pkd1l1_HY
Ex_Lmx1a_Crh_Barhl1,neuron,HY,VGLUT2,MC_190:Hypothalamic neurons,Ex_Lmx1a_Crh_Barhl1,Ex_Lmx1a_Crh_Barhl1_HY,Ex_Lmx1a_Crh_Barhl1_HY
Ex_Lmx1a_Qrfprl_1,neuron,HY,VGLUT2,MC_191:Hypothalamic neurons,Ex_Lmx1a_Qrfprl,Ex_Lmx1a_Qrfprl_HY,Ex_Lmx1a_Qrfprl_HY
Ex_Lmx1a_Qrfprl_2,neuron,HY,VGLUT2,MC_191:Hypothalamic neurons,Ex_Lmx1a_Qrfprl,Ex_Lmx1a_Qrfprl_HY,Ex_Lmx1a_Qrfprl_HY
Ex_Lmx1a_Dkkl1,neuron,HY,VGLUT2,MC_191:Hypothalamic neurons,Ex_Lmx1a_Dkkl1,Ex_Lmx1a_Dkkl1_HY,Ex_Lmx1a_Dkkl1_HY
Ex_Lmx1a_Lepr,neuron,HY,VGLUT2,MC_191:Hypothalamic neurons,Ex_Lmx1a_Lepr,Ex_Lmx1a_Lepr_HY,Ex_Lmx1a_Lepr_HY
Ex_Lmx1a_Irx6_1,neuron,MB,VGLUT2,MC_191:Hypothalamic neurons,Ex_Lmx1a_Irx6,Ex_Lmx1a_Irx6_MB,Ex_Lmx1a_Irx6_MB
Ex_Lmx1a_Irx6_2,neuron,HY,VGLUT2,MC_191:Hypothalamic neurons,Ex_Lmx1a_Irx6,Ex_Lmx1a_Irx6_HY,Ex_Lmx1a_Irx6_HY
Ex_Lmx1a_Irx6_3,neuron,HY,VGLUT2,MC_191:Hypothalamic neurons,Ex_Lmx1a_Irx6,Ex_Lmx1a_Irx6_HY,Ex_Lmx1a_Irx6_HY
Ex_Lmx1a_Mab21l3,neuron,HY,VGLUT2,MC_191:Hypothalamic neurons,Ex_Lmx1a_Mab21l3,Ex_Lmx1a_Mab21l3_HY,Ex_Lmx1a_Mab21l3_HY
Ex_Lmx1a_Tgfbr2,neuron,HY,VGLUT2,MC_191:Hypothalamic neurons,Ex_Lmx1a_Tgfbr2,Ex_Lmx1a_Tgfbr2_HY,Ex_Lmx1a_Tgfbr2_HY
Ex_Lmx1a_Wnt11,neuron,HY,VGLUT2_VGLUT3,MC_194:Posterior hypothalamic neurons,Ex_Lmx1a_Wnt11,Ex_Lmx1a_Wnt11_HY,Ex_Lmx1a_Wnt11_HY
Ex_Lmx1a_Grpr,neuron,HY,VGLUT2,MC_194:Posterior hypothalamic neurons,Ex_Lmx1a_Grpr,Ex_Lmx1a_Grpr_HY,Ex_Lmx1a_Grpr_HY
Ex_Lmx1a_Gngt2,neuron,HY,VGLUT2,MC_194:Posterior hypothalamic neurons,Ex_Lmx1a_Gngt2,Ex_Lmx1a_Gngt2_HY,Ex_Lmx1a_Gngt2_HY
Ex_Lmx1a_Npffr2_1,neuron,HY,VGLUT2,MC_194:Posterior hypothalamic neurons,Ex_Lmx1a_Npffr2,Ex_Lmx1a_Npffr2_HY,Ex_Lmx1a_Npffr2_HY
Ex_Lmx1a_Npffr2_2,neuron,HY,VGLUT2,MC_194:Posterior hypothalamic neurons,Ex_Lmx1a_Npffr2,Ex_Lmx1a_Npffr2_HY,Ex_Lmx1a_Npffr2_HY
Ex_Lmx1a_Npffr2_3,neuron,HY,VGLUT2,MC_194:Posterior hypothalamic neurons,Ex_Lmx1a_Npffr2,Ex_Lmx1a_Npffr2_HY,Ex_Lmx1a_Npffr2_HY
Ex_Lmx1a_Npffr2_4,neuron,HY,VGLUT2,MC_194:Posterior hypothalamic neurons,Ex_Lmx1a_Npffr2,Ex_Lmx1a_Npffr2_HY,Ex_Lmx1a_Npffr2_HY
Ex_Lmx1a_Npffr2_5,neuron,HY,VGLUT2_VGLUT3,MC_194:Posterior hypothalamic neurons,Ex_Lmx1a_Npffr2,Ex_Lmx1a_Npffr2_HY,Ex_Lmx1a_Npffr2_HY
Ex_Lmx1a_Bdnf_1,neuron,HY,VGLUT2,MC_194:Posterior hypothalamic neurons,Ex_Lmx1a_Bdnf,Ex_Lmx1a_Bdnf_HY,Ex_Lmx1a_Bdnf_HY
Ex_Lmx1a_Bdnf_2,neuron,HY,VGLUT2,MC_194:Posterior hypothalamic neurons,Ex_Lmx1a_Bdnf,Ex_Lmx1a_Bdnf_HY,Ex_Lmx1a_Bdnf_HY
Ex_Lmx1a_Bdnf_3,neuron,HY,VGLUT2,MC_194:Posterior hypothalamic neurons,Ex_Lmx1a_Bdnf,Ex_Lmx1a_Bdnf_HY,Ex_Lmx1a_Bdnf_HY
Ex_Lmx1a_Bdnf_4,neuron,HY,VGLUT2,MC_194:Posterior hypothalamic neurons,Ex_Lmx1a_Bdnf,Ex_Lmx1a_Bdnf_HY,Ex_Lmx1a_Bdnf_HY
Ex_Nkx2-4_Grpr_1,neuron,HY,VGLUT2,"MC_197:Hypothalamic neurons, primarily periventricular and mammilary nuclei",Ex_Nkx2-4_Grpr,Ex_Nkx2-4_Grpr_HY,Ex_Nkx2-4_Grpr_HY
Ex_Nkx2-4_Grpr_2,neuron,HY,VGLUT2,"MC_197:Hypothalamic neurons, primarily periventricular and mammilary nuclei",Ex_Nkx2-4_Grpr,Ex_Nkx2-4_Grpr_HY,Ex_Nkx2-4_Grpr_HY
Ex_Nkx2-4_Grpr_3,neuron,HY,VGLUT2,"MC_197:Hypothalamic neurons, primarily periventricular and mammilary nuclei",Ex_Nkx2-4_Grpr,Ex_Nkx2-4_Grpr_HY,Ex_Nkx2-4_Grpr_HY
Ex_Nkx2-4_Grpr_5,neuron,HY,VGLUT2,"MC_197:Hypothalamic neurons, primarily periventricular and mammilary nuclei",Ex_Nkx2-4_Grpr,Ex_Nkx2-4_Grpr_HY,Ex_Nkx2-4_Grpr_HY
Ex_Nkx2-4_Calcr_1,neuron,HY,VGLUT2,"MC_197:Hypothalamic neurons, primarily periventricular and mammilary nuclei",Ex_Nkx2-4_Calcr,Ex_Nkx2-4_Calcr_HY,Ex_Nkx2-4_Calcr_HY
Ex_Nkx2-4_Calcr_2,neuron,HY,VGLUT2,"MC_197:Hypothalamic neurons, primarily periventricular and mammilary nuclei",Ex_Nkx2-4_Calcr,Ex_Nkx2-4_Calcr_HY,Ex_Nkx2-4_Calcr_HY
Ex_Nkx2-4_Calcr_3,neuron,HY,VGLUT2,"MC_197:Hypothalamic neurons, primarily periventricular and mammilary nuclei",Ex_Nkx2-4_Calcr,Ex_Nkx2-4_Calcr_HY,Ex_Nkx2-4_Calcr_HY
Ex_Nkx2-4_Calcr_4,neuron,,VGLUT2,"MC_197:Hypothalamic neurons, primarily periventricular and mammilary nuclei",Ex_Nkx2-4_Calcr,Ex_Nkx2-4_Calcr,Ex_Nkx2-4_Calcr
Ex_Nkx2-4_Calcr_5,neuron,HY,VGLUT2,"MC_197:Hypothalamic neurons, primarily periventricular and mammilary nuclei",Ex_Nkx2-4_Calcr,Ex_Nkx2-4_Calcr_HY,Ex_Nkx2-4_Calcr_HY
Ex_Nkx2-4_Calcr_6,neuron,HY,VGLUT2,"MC_197:Hypothalamic neurons, primarily periventricular and mammilary nuclei",Ex_Nkx2-4_Calcr,Ex_Nkx2-4_Calcr_HY,Ex_Nkx2-4_Calcr_HY
Ex_Nkx2-4_Calcr_7,neuron,HY,VGLUT2,"MC_197:Hypothalamic neurons, primarily periventricular and mammilary nuclei",Ex_Nkx2-4_Calcr,Ex_Nkx2-4_Calcr_HY,Ex_Nkx2-4_Calcr_HY
Ex_Nkx2-4_Calcr_8,neuron,HY,VGLUT2,"MC_197:Hypothalamic neurons, primarily periventricular and mammilary nuclei",Ex_Nkx2-4_Calcr,Ex_Nkx2-4_Calcr_HY,Ex_Nkx2-4_Calcr_HY
Ex_Nkx2-4_Calcr_9,neuron,HY,VGLUT2,"MC_197:Hypothalamic neurons, primarily periventricular and mammilary nuclei",Ex_Nkx2-4_Calcr,Ex_Nkx2-4_Calcr_HY,Ex_Nkx2-4_Calcr_HY
Ex_Nkx2-4_Calcr_10,neuron,HY,VGLUT2,"MC_197:Hypothalamic neurons, primarily periventricular and mammilary nuclei",Ex_Nkx2-4_Calcr_10,Ex_Nkx2-4_Calcr_10_HY,Ex_Nkx2-4_Calcr_10_HY
Ex_Nkx2-4_Calcr_11,neuron,HY,VGLUT2,"MC_197:Hypothalamic neurons, primarily periventricular and mammilary nuclei",Ex_Nkx2-4_Calcr_11,Ex_Nkx2-4_Calcr_11_HY,Ex_Nkx2-4_Calcr_11_HY
Ex_Nkx2-4_Galnt15_1,neuron,HY,VGLUT2,"MC_197:Hypothalamic neurons, primarily periventricular and mammilary nuclei",Ex_Nkx2-4_Galnt15,Ex_Nkx2-4_Galnt15_HY,Ex_Nkx2-4_Galnt15_HY
Ex_Nkx2-4_Galnt15_2,neuron,HY,VGLUT2,"MC_197:Hypothalamic neurons, primarily periventricular and mammilary nuclei",Ex_Nkx2-4_Galnt15,Ex_Nkx2-4_Galnt15_HY,Ex_Nkx2-4_Galnt15_HY
CholEx_Nkx2-4_Hmcn1_1,neuron,HY,VGLUT2_CHOL,"MC_197:Hypothalamic neurons, primarily periventricular and mammilary nuclei",CholEx_Nkx2-4_Hmcn1,CholEx_Nkx2-4_Hmcn1_HY,CholEx_Nkx2-4_Hmcn1_HY
Ex_Nxph4_Dnah11,neuron,MB,VGLUT2,"MC_197:Hypothalamic neurons, primarily periventricular and mammilary nuclei",Ex_Nxph4_Dnah11,Ex_Nxph4_Dnah11_MB,Ex_Nxph4_Dnah11_MB
CholEx_Nkx2-4_Hmcn1_2,neuron,HY,VGLUT2_CHOL,"MC_197:Hypothalamic neurons, primarily periventricular and mammilary nuclei",CholEx_Nkx2-4_Hmcn1,CholEx_Nkx2-4_Hmcn1_HY,CholEx_Nkx2-4_Hmcn1_HY
Ex_Nkx2-4_Svep1_1,neuron,HY,VGLUT2,"MC_197:Hypothalamic neurons, primarily periventricular and mammilary nuclei",Ex_Nkx2-4_Svep1,Ex_Nkx2-4_Svep1_HY,Ex_Nkx2-4_Svep1_HY
Ex_Nkx2-4_Svep1_2,neuron,HY,VGLUT2,"MC_197:Hypothalamic neurons, primarily periventricular and mammilary nuclei",Ex_Nkx2-4_Svep1,Ex_Nkx2-4_Svep1_HY,Ex_Nkx2-4_Svep1_HY
Ex_Sim1_Sim2,neuron,HY,VGLUT2,"MC_197:Hypothalamic neurons, primarily periventricular and mammilary nuclei",Ex_Sim1_Sim2,Ex_Sim1_Sim2_HY,Ex_Sim1_Sim2_HY
Ex_Sim1_Abcc9_1,neuron,HY,VGLUT2,"MC_197:Hypothalamic neurons, primarily periventricular and mammilary nuclei",Ex_Sim1_Abcc9,Ex_Sim1_Abcc9_HY,Ex_Sim1_Abcc9_HY
Ex_Sim1_Abcc9_2,neuron,HY,VGLUT2,"MC_197:Hypothalamic neurons, primarily periventricular and mammilary nuclei",Ex_Sim1_Abcc9,Ex_Sim1_Abcc9_HY,Ex_Sim1_Abcc9_HY
Ex_Sim1_Abcc9_3,neuron,HY,VGLUT2,"MC_197:Hypothalamic neurons, primarily periventricular and mammilary nuclei",Ex_Sim1_Abcc9,Ex_Sim1_Abcc9_HY,Ex_Sim1_Abcc9_HY
Ex_Sim1_Ghrh_1,neuron,HY,VGLUT2,"MC_197:Hypothalamic neurons, primarily periventricular and mammilary nuclei",Ex_Sim1_Ghrh,Ex_Sim1_Ghrh_HY,Ex_Sim1_Ghrh_HY
Ex_Sim1_Ghrh_2,neuron,HY,VGLUT2,"MC_197:Hypothalamic neurons, primarily periventricular and mammilary nuclei",Ex_Sim1_Ghrh,Ex_Sim1_Ghrh_HY,Ex_Sim1_Ghrh_HY
Ex_Sim1_Ghrh_3,neuron,HY,VGLUT2,"MC_197:Hypothalamic neurons, primarily periventricular and mammilary nuclei",Ex_Sim1_Ghrh,Ex_Sim1_Ghrh_HY,Ex_Sim1_Ghrh_HY
Ex_Sim1_Nkx2-2_Asb4_1,neuron,HY,VGLUT2,"MC_197:Hypothalamic neurons, primarily periventricular and mammilary nuclei",Ex_Sim1_Nkx2-2_Asb4,Ex_Sim1_Nkx2-2_Asb4_HY,Ex_Sim1_Nkx2-2_Asb4_HY
Ex_Sim1_Nkx2-2_Asb4_2,neuron,HY,VGLUT2,"MC_197:Hypothalamic neurons, primarily periventricular and mammilary nuclei",Ex_Sim1_Nkx2-2_Asb4,Ex_Sim1_Nkx2-2_Asb4_HY,Ex_Sim1_Nkx2-2_Asb4_HY
Ex_Sim1_Nkx2-2_Asb4_3,neuron,HY,VGLUT2,"MC_197:Hypothalamic neurons, primarily periventricular and mammilary nuclei",Ex_Sim1_Nkx2-2_Asb4,Ex_Sim1_Nkx2-2_Asb4_HY,Ex_Sim1_Nkx2-2_Asb4_HY
Ex_Sim1_Nkx2-2_Asb4_4,neuron,HY,VGLUT2,"MC_197:Hypothalamic neurons, primarily periventricular and mammilary nuclei",Ex_Sim1_Nkx2-2_Asb4,Ex_Sim1_Nkx2-2_Asb4_HY,Ex_Sim1_Nkx2-2_Asb4_HY
Ex_Sim1_Nkx2-2_Asb4_5,neuron,HY,VGLUT2,"MC_197:Hypothalamic neurons, primarily periventricular and mammilary nuclei",Ex_Sim1_Nkx2-2_Asb4,Ex_Sim1_Nkx2-2_Asb4_HY,Ex_Sim1_Nkx2-2_Asb4_HY
Ex_Sim1_Nkx2-2_Asb4_6,neuron,HY,VGLUT2,"MC_197:Hypothalamic neurons, primarily periventricular and mammilary nuclei",Ex_Sim1_Nkx2-2_Asb4,Ex_Sim1_Nkx2-2_Asb4_HY,Ex_Sim1_Nkx2-2_Asb4_HY
Ex_Nkx2-1_Otp_1,neuron,MB,VGLUT2,"MC_197:Hypothalamic neurons, primarily periventricular and mammilary nuclei",Ex_Nkx2-1_Otp,Ex_Nkx2-1_Otp_MB,Ex_Nkx2-1_Otp_MB
Ex_Nkx2-1_Otp_2,neuron,MB,VGLUT2,"MC_197:Hypothalamic neurons, primarily periventricular and mammilary nuclei",Ex_Nkx2-1_Otp,Ex_Nkx2-1_Otp_MB,Ex_Nkx2-1_Otp_MB
Ex_Nkx2-1_Otp_3,neuron,MY,VGLUT2,"MC_197:Hypothalamic neurons, primarily periventricular and mammilary nuclei",Ex_Nkx2-1_Otp,Ex_Nkx2-1_Otp_MY,Ex_Nkx2-1_Otp_MY
Ex_Sim1_Th_1,neuron,P,VGLUT2,"MC_197:Hypothalamic neurons, primarily periventricular and mammilary nuclei",Ex_Sim1_Th,Ex_Sim1_Th_P,Ex_Sim1_Th_P
Ex_Sim1_Th_2,neuron,HY,VGLUT2,"MC_197:Hypothalamic neurons, primarily periventricular and mammilary nuclei",Ex_Sim1_Th,Ex_Sim1_Th_HY,Ex_Sim1_Th_HY
Ex_Sim1_Crh_1,neuron,HY,VGLUT2,"MC_197:Hypothalamic neurons, primarily periventricular and mammilary nuclei",Ex_Sim1_Crh,Ex_Sim1_Crh_HY,Ex_Sim1_Crh_HY
Ex_Sim1_Crh_2,neuron,HY,VGLUT2,"MC_197:Hypothalamic neurons, primarily periventricular and mammilary nuclei",Ex_Sim1_Crh,Ex_Sim1_Crh_HY,Ex_Sim1_Crh_HY
Ex_Sim1_Crh_3,neuron,HY,VGLUT2,"MC_197:Hypothalamic neurons, primarily periventricular and mammilary nuclei",Ex_Sim1_Crh,Ex_Sim1_Crh_HY,Ex_Sim1_Crh_HY
Ex_Sim1_Crh_4,neuron,HY,VGLUT2,"MC_197:Hypothalamic neurons, primarily periventricular and mammilary nuclei",Ex_Sim1_Crh,Ex_Sim1_Crh_HY,Ex_Sim1_Crh_HY
Ex_Sim1_Crh_5,neuron,HY,VGLUT2,"MC_197:Hypothalamic neurons, primarily periventricular and mammilary nuclei",Ex_Sim1_Crh,Ex_Sim1_Crh_HY,Ex_Sim1_Crh_HY
Ex_Sim1_Aox3_1,neuron,HY,VGLUT2,"MC_197:Hypothalamic neurons, primarily periventricular and mammilary nuclei",Ex_Sim1_Aox3,Ex_Sim1_Aox3_HY,Ex_Sim1_Aox3_HY
Ex_Sim1_Aox3_2,neuron,HY,VGLUT2,"MC_197:Hypothalamic neurons, primarily periventricular and mammilary nuclei",Ex_Sim1_Aox3,Ex_Sim1_Aox3_HY,Ex_Sim1_Aox3_HY
Ex_Sim1_Aox3_3,neuron,,VGLUT2,"MC_197:Hypothalamic neurons, primarily periventricular and mammilary nuclei",Ex_Sim1_Aox3,Ex_Sim1_Aox3,Ex_Sim1_Aox3
Ex_Nkx2-2_Grp_1,neuron,HY,VGLUT2,"MC_197:Hypothalamic neurons, primarily periventricular and mammilary nuclei",Ex_Nkx2-2_Grp,Ex_Nkx2-2_Grp_HY,Ex_Nkx2-2_Grp_HY
Ex_Nkx2-2_Grp_2,neuron,HY,VGLUT2,"MC_197:Hypothalamic neurons, primarily periventricular and mammilary nuclei",Ex_Nkx2-2_Grp,Ex_Nkx2-2_Grp_HY,Ex_Nkx2-2_Grp_HY
Ex_Sim1_Ppp1r1c_1,neuron,HY,VGLUT2,"MC_184:Hypothalamic neurons, primarily preoptic nuclei",Ex_Sim1_Ppp1r1c,Ex_Sim1_Ppp1r1c_HY,Ex_Sim1_Ppp1r1c_HY
Ex_Sim1_Ppp1r1c_2,neuron,HY,VGLUT2,"MC_184:Hypothalamic neurons, primarily preoptic nuclei",Ex_Sim1_Ppp1r1c,Ex_Sim1_Ppp1r1c_HY,Ex_Sim1_Ppp1r1c_HY
Ex_Sim1_Sema3d,neuron,HY,VGLUT2,"MC_184:Hypothalamic neurons, primarily preoptic nuclei",Ex_Sim1_Sema3d,Ex_Sim1_Sema3d_HY,Ex_Sim1_Sema3d_HY
Ex_Sim1_Pgr15l_1,neuron,HY,VGLUT2,"MC_184:Hypothalamic neurons, primarily preoptic nuclei",Ex_Sim1_Pgr15l,Ex_Sim1_Pgr15l_HY,Ex_Sim1_Pgr15l_HY
Ex_Sim1_Pgr15l_2,neuron,HY,VGLUT2,"MC_184:Hypothalamic neurons, primarily preoptic nuclei",Ex_Sim1_Pgr15l,Ex_Sim1_Pgr15l_HY,Ex_Sim1_Pgr15l_HY
Ex_Sim1_Pgr15l_3,neuron,CTXsp,VGLUT2,"MC_184:Hypothalamic neurons, primarily preoptic nuclei",Ex_Sim1_Pgr15l,Ex_Sim1_Pgr15l_CTXsp,Ex_Sim1_Pgr15l_CTXsp
Ex_Sim1_Pgr15l_4,neuron,HY,VGLUT2,"MC_184:Hypothalamic neurons, primarily preoptic nuclei",Ex_Sim1_Pgr15l,Ex_Sim1_Pgr15l_HY,Ex_Sim1_Pgr15l_HY
Ex_Sim1_Cd34_1,neuron,HY,VGLUT2,"MC_184:Hypothalamic neurons, primarily preoptic nuclei",Ex_Sim1_Cd34,Ex_Sim1_Cd34_HY,Ex_Sim1_Cd34_HY
Ex_Sim1_Cd34_2,neuron,HY,VGLUT2,"MC_184:Hypothalamic neurons, primarily preoptic nuclei",Ex_Sim1_Cd34,Ex_Sim1_Cd34_HY,Ex_Sim1_Cd34_HY
Ex_Sim1_Cd34_3,neuron,HY,VGLUT2,"MC_184:Hypothalamic neurons, primarily preoptic nuclei",Ex_Sim1_Cd34,Ex_Sim1_Cd34_HY,Ex_Sim1_Cd34_HY
Ex_Sim1_Ghrh,neuron,HY,VGLUT2,"MC_184:Hypothalamic neurons, primarily preoptic nuclei",Ex_Sim1_Ghrh,Ex_Sim1_Ghrh_HY,Ex_Sim1_Ghrh_HY
Ex_Sim1_Cd34_4,neuron,HY,VGLUT2,"MC_184:Hypothalamic neurons, primarily preoptic nuclei",Ex_Sim1_Cd34,Ex_Sim1_Cd34_HY,Ex_Sim1_Cd34_HY
Ex_Sim1_Cd34_5,neuron,HY,VGLUT2,"MC_184:Hypothalamic neurons, primarily preoptic nuclei",Ex_Sim1_Cd34,Ex_Sim1_Cd34_HY,Ex_Sim1_Cd34_HY
Ex_Sim1_Cd34_6,neuron,OLF,VGLUT2,"MC_184:Hypothalamic neurons, primarily preoptic nuclei",Ex_Sim1_Cd34,Ex_Sim1_Cd34_OLF,Ex_Sim1_Cd34_OLF
Ex_Sim1_Bfsp2_1,neuron,STR,VGLUT2,"MC_184:Hypothalamic neurons, primarily preoptic nuclei",Ex_Sim1_Bfsp2,Ex_Sim1_Bfsp2_STR,Ex_Sim1_Bfsp2_STR
Ex_Sim1_Bfsp2_2,neuron,OLF,VGLUT2,"MC_184:Hypothalamic neurons, primarily preoptic nuclei",Ex_Sim1_Bfsp2,Ex_Sim1_Bfsp2_OLF,Ex_Sim1_Bfsp2_OLF
Ex_Sim1_Tnxb_1,neuron,PAL,VGLUT2,"MC_184:Hypothalamic neurons, primarily preoptic nuclei",Ex_Sim1_Tnxb,Ex_Sim1_Tnxb_PAL,Ex_Sim1_Tnxb_PAL
Ex_Sim1_Tnxb_2,neuron,HY,VGLUT2,"MC_184:Hypothalamic neurons, primarily preoptic nuclei",Ex_Sim1_Tnxb,Ex_Sim1_Tnxb_HY,Ex_Sim1_Tnxb_HY
Ex_Sim1_Adgb_1,neuron,HY,VGLUT2,"MC_184:Hypothalamic neurons, primarily preoptic nuclei",Ex_Sim1_Adgb,Ex_Sim1_Adgb_HY,Ex_Sim1_Adgb_HY
Ex_Sim1_Adgb_2,neuron,HY,VGLUT2,"MC_184:Hypothalamic neurons, primarily preoptic nuclei",Ex_Sim1_Adgb,Ex_Sim1_Adgb_HY,Ex_Sim1_Adgb_HY
Ex_Sim1_Spc25,neuron,HY,VGLUT2,"MC_184:Hypothalamic neurons, primarily preoptic nuclei",Ex_Sim1_Spc25,Ex_Sim1_Spc25_HY,Ex_Sim1_Spc25_HY
Ex_Sim1_Lmcd1,neuron,HY,VGLUT2,"MC_184:Hypothalamic neurons, primarily preoptic nuclei",Ex_Sim1_Lmcd1,Ex_Sim1_Lmcd1_HY,Ex_Sim1_Lmcd1_HY
Ex_Sim1_Clca3a2_1,neuron,HY,VGLUT2,"MC_184:Hypothalamic neurons, primarily preoptic nuclei",Ex_Sim1_Clca3a2,Ex_Sim1_Clca3a2_HY,Ex_Sim1_Clca3a2_HY
Ex_Sim1_Clca3a2_2,neuron,HY,VGLUT2,"MC_184:Hypothalamic neurons, primarily preoptic nuclei",Ex_Sim1_Clca3a2,Ex_Sim1_Clca3a2_HY,Ex_Sim1_Clca3a2_HY
Ex_Sim1_Trh_1,neuron,HY,VGLUT2,"MC_184:Hypothalamic neurons, primarily preoptic nuclei",Ex_Sim1_Trh,Ex_Sim1_Trh_HY,Ex_Sim1_Trh_HY
Ex_Sim1_Trh_2,neuron,HY,VGLUT2,"MC_184:Hypothalamic neurons, primarily preoptic nuclei",Ex_Sim1_Trh,Ex_Sim1_Trh_HY,Ex_Sim1_Trh_HY
Ex_Sim1_Trh_3,neuron,HY,VGLUT2,"MC_184:Hypothalamic neurons, primarily preoptic nuclei",Ex_Sim1_Trh,Ex_Sim1_Trh_HY,Ex_Sim1_Trh_HY
Ex_Sim1_Trh_4,neuron,HY,VGLUT2,"MC_184:Hypothalamic neurons, primarily preoptic nuclei",Ex_Sim1_Trh,Ex_Sim1_Trh_HY,Ex_Sim1_Trh_HY
Ex_Sim1_Trh_5,neuron,HY,VGLUT2,"MC_184:Hypothalamic neurons, primarily preoptic nuclei",Ex_Sim1_Trh,Ex_Sim1_Trh_HY,Ex_Sim1_Trh_HY
Ex_Sim1_Trh_6,neuron,HY,VGLUT2,"MC_184:Hypothalamic neurons, primarily preoptic nuclei",Ex_Sim1_Trh,Ex_Sim1_Trh_HY,Ex_Sim1_Trh_HY
Ex_Sim1_Trh_7,neuron,HY,VGLUT2,"MC_184:Hypothalamic neurons, primarily preoptic nuclei",Ex_Sim1_Trh,Ex_Sim1_Trh_HY,Ex_Sim1_Trh_HY
Ex_Sim1_Trh_8,neuron,HY,VGLUT2,"MC_184:Hypothalamic neurons, primarily preoptic nuclei",Ex_Sim1_Trh,Ex_Sim1_Trh_HY,Ex_Sim1_Trh_HY
Ex_Sim1_Trh_10,neuron,HY,VGLUT2,"MC_184:Hypothalamic neurons, primarily preoptic nuclei",Ex_Sim1_Trh_10,Ex_Sim1_Trh_10_HY,Ex_Sim1_Trh_10_HY
Ex_Sim1_Trh_11,neuron,HY,VGLUT2,"MC_184:Hypothalamic neurons, primarily preoptic nuclei",Ex_Sim1_Trh_11,Ex_Sim1_Trh_11_HY,Ex_Sim1_Trh_11_HY
Inh_Dlx1_Satb2_1,neuron,PAL,GABA,"MC_81:Hypothalamic and pallidal neurons, primarily MPOA and BNST",Inh_Dlx1_Satb2,Inh_Dlx1_Satb2_PAL,Inh_Dlx1_Satb2_PAL
Inh_Dlx1_Satb2_2,neuron,HY,GABA,"MC_81:Hypothalamic and pallidal neurons, primarily MPOA and BNST",Inh_Dlx1_Satb2,Inh_Dlx1_Satb2_HY,Inh_Dlx1_Satb2_HY
Inh_Dlx1_Col18a1,neuron,HY,GABA,"MC_81:Hypothalamic and pallidal neurons, primarily MPOA and BNST",Inh_Dlx1_Col18a1,Inh_Dlx1_Col18a1_HY,Inh_Dlx1_Col18a1_HY
Inh_Dlx1_Grhl3,neuron,CTXsp,GABA,"MC_81:Hypothalamic and pallidal neurons, primarily MPOA and BNST",Inh_Dlx1_Grhl3,Inh_Dlx1_Grhl3_CTXsp,Inh_Dlx1_Grhl3_CTXsp
Inh_Dlx1_Dnah5_1,neuron,HY,GABA,"MC_81:Hypothalamic and pallidal neurons, primarily MPOA and BNST",Inh_Dlx1_Dnah5,Inh_Dlx1_Dnah5_HY,Inh_Dlx1_Dnah5_HY
Inh_Dlx1_Dnah5_2,neuron,HY,GABA,"MC_81:Hypothalamic and pallidal neurons, primarily MPOA and BNST",Inh_Dlx1_Dnah5,Inh_Dlx1_Dnah5_HY,Inh_Dlx1_Dnah5_HY
Inh_Dlx1_Dock5_1,neuron,HY,GABA,"MC_81:Hypothalamic and pallidal neurons, primarily MPOA and BNST",Inh_Dlx1_Dock5,Inh_Dlx1_Dock5_HY,Inh_Dlx1_Dock5_HY
Inh_Dlx1_Dock5_2,neuron,HY,GABA,"MC_81:Hypothalamic and pallidal neurons, primarily MPOA and BNST",Inh_Dlx1_Dock5,Inh_Dlx1_Dock5_HY,Inh_Dlx1_Dock5_HY
Inh_Lhx6_Nmu_1,neuron,Isocortex,GABA,MC_14:Anterior hypothalamic MGE neurons,Inh_Lhx6_Nmu,Inh_Lhx6_Nmu_Isocortex,Inh_Lhx6_Nmu_Isocortex
Inh_Lhx6_Nmu_2,neuron,HY,GABA,MC_14:Anterior hypothalamic MGE neurons,Inh_Lhx6_Nmu,Inh_Lhx6_Nmu_HY,Inh_Lhx6_Nmu_HY
Inh_Lhx6_Nmu_3,neuron,HY,GABA,MC_14:Anterior hypothalamic MGE neurons,Inh_Lhx6_Nmu,Inh_Lhx6_Nmu_HY,Inh_Lhx6_Nmu_HY
Inh_Lhx6_Nmu_4,neuron,HY,GABA,MC_14:Anterior hypothalamic MGE neurons,Inh_Lhx6_Nmu,Inh_Lhx6_Nmu_HY,Inh_Lhx6_Nmu_HY
Inh_Lhx6_Serpinb1b_1,neuron,HY,GABA,MC_14:Anterior hypothalamic MGE neurons,Inh_Lhx6_Serpinb1b,Inh_Lhx6_Serpinb1b_HY,Inh_Lhx6_Serpinb1b_HY
Inh_Lhx6_Serpinb1b_2,neuron,HY,GABA,MC_14:Anterior hypothalamic MGE neurons,Inh_Lhx6_Serpinb1b,Inh_Lhx6_Serpinb1b_HY,Inh_Lhx6_Serpinb1b_HY
Inh_Lhx6_Serpinb1b_3,neuron,HY,GABA,MC_14:Anterior hypothalamic MGE neurons,Inh_Lhx6_Serpinb1b,Inh_Lhx6_Serpinb1b_HY,Inh_Lhx6_Serpinb1b_HY
Inh_Sox8_Sh3d21_1,neuron,PAL,GABA,"MC_61:Medium spiny neurons of striatum, pallidum, and amygdala",Inh_Sox8_Sh3d21,Inh_Sox8_Sh3d21_PAL,Inh_Sox8_Sh3d21_PAL
Inh_Sox8_Sh3d21_2,neuron,PAL,GABA,"MC_61:Medium spiny neurons of striatum, pallidum, and amygdala",Inh_Sox8_Sh3d21,Inh_Sox8_Sh3d21_PAL,Inh_Sox8_Sh3d21_PAL
Inh_Sox8_Cyp26b1,neuron,PAL,GABA,"MC_61:Medium spiny neurons of striatum, pallidum, and amygdala",Inh_Sox8_Cyp26b1,Inh_Sox8_Cyp26b1_PAL,Inh_Sox8_Cyp26b1_PAL
Inh_Sox8_Calcrl_1,neuron,STR,GABA,"MC_61:Medium spiny neurons of striatum, pallidum, and amygdala",Inh_Sox8_Calcrl,Inh_Sox8_Calcrl_STR,Inh_Sox8_Calcrl_STR
Inh_Sox8_Calcrl_2,neuron,OLF,GABA,"MC_61:Medium spiny neurons of striatum, pallidum, and amygdala",Inh_Sox8_Calcrl,Inh_Sox8_Calcrl_OLF,Inh_Sox8_Calcrl_OLF
Inh_Sox8_Calcrl_3,neuron,PAL,GABA,"MC_61:Medium spiny neurons of striatum, pallidum, and amygdala",Inh_Sox8_Calcrl,Inh_Sox8_Calcrl_PAL,Inh_Sox8_Calcrl_PAL
Inh_Sox8_Calcrl_4,neuron,PAL,GABA,"MC_61:Medium spiny neurons of striatum, pallidum, and amygdala",Inh_Sox8_Calcrl,Inh_Sox8_Calcrl_PAL,Inh_Sox8_Calcrl_PAL
Inh_Sox8_Calcrl_5,neuron,STR,GABA,"MC_61:Medium spiny neurons of striatum, pallidum, and amygdala",Inh_Sox8_Calcrl,Inh_Sox8_Calcrl_STR,Inh_Sox8_Calcrl_STR
Inh_Sox8_Calcrl_6,neuron,STR,GABA,"MC_61:Medium spiny neurons of striatum, pallidum, and amygdala",Inh_Sox8_Calcrl,Inh_Sox8_Calcrl_STR,Inh_Sox8_Calcrl_STR
Inh_Sox8_Calcrl_7,neuron,STR,GABA,"MC_61:Medium spiny neurons of striatum, pallidum, and amygdala",Inh_Sox8_Calcrl,Inh_Sox8_Calcrl_STR,Inh_Sox8_Calcrl_STR
Inh_Sox8_Calcrl_8,neuron,STR,GABA,"MC_61:Medium spiny neurons of striatum, pallidum, and amygdala",Inh_Sox8_Calcrl,Inh_Sox8_Calcrl_STR,Inh_Sox8_Calcrl_STR
Inh_Sox8_Calcrl_9,neuron,STR,GABA,"MC_61:Medium spiny neurons of striatum, pallidum, and amygdala",Inh_Sox8_Calcrl,Inh_Sox8_Calcrl_STR,Inh_Sox8_Calcrl_STR
Inh_Sox8_Calcrl_10,neuron,PAL,GABA,"MC_61:Medium spiny neurons of striatum, pallidum, and amygdala",Inh_Sox8_Calcrl_10,Inh_Sox8_Calcrl_10_PAL,Inh_Sox8_Calcrl_10_PAL
Inh_Sox8_Calcrl_11,neuron,OLF,GABA,"MC_61:Medium spiny neurons of striatum, pallidum, and amygdala",Inh_Sox8_Calcrl_11,Inh_Sox8_Calcrl_11_OLF,Inh_Sox8_Calcrl_11_OLF
Inh_Esr2_Avp_1,neuron,PAL,GABA,MC_87:Bed nucleus neurons,Inh_Esr2_Avp,Inh_Esr2_Avp_PAL,Inh_Esr2_Avp_PAL
Inh_Esr2_Avp_2,neuron,HY,GABA,MC_87:Bed nucleus neurons,Inh_Esr2_Avp,Inh_Esr2_Avp_HY,Inh_Esr2_Avp_HY
Inh_Esr2_Pgm5,neuron,HY,GABA,MC_87:Bed nucleus neurons,Inh_Esr2_Pgm5,Inh_Esr2_Pgm5_HY,Inh_Esr2_Pgm5_HY
Inh_Esr2_Tac2_1,neuron,HY,GABA,MC_87:Bed nucleus neurons,Inh_Esr2_Tac2,Inh_Esr2_Tac2_HY,Inh_Esr2_Tac2_HY
Inh_Esr2_Tac2_2,neuron,HY,GABA,MC_87:Bed nucleus neurons,Inh_Esr2_Tac2,Inh_Esr2_Tac2_HY,Inh_Esr2_Tac2_HY
Inh_Six3_Chodl_1,neuron,PAL,GABA,MC_87:Bed nucleus neurons,Inh_Six3_Chodl,Inh_Six3_Chodl_PAL,Inh_Six3_Chodl_PAL
Inh_Six3_Chodl_2,neuron,PAL,GABA,MC_83:Hypothalamic and pallidal neurons,Inh_Six3_Chodl,Inh_Six3_Chodl_PAL,Inh_Six3_Chodl_PAL
Inh_Ecel1_Chodl,neuron,HY,GABA,MC_87:Bed nucleus neurons,Inh_Ecel1_Chodl,Inh_Ecel1_Chodl_HY,Inh_Ecel1_Chodl_HY
Inh_Six3_Fap,neuron,PAL,GABA,MC_83:Hypothalamic and pallidal neurons,Inh_Six3_Fap,Inh_Six3_Fap_PAL,Inh_Six3_Fap_PAL
Inh_Six3_Dpp4_Pgm5,neuron,PAL,GABA,MC_83:Hypothalamic and pallidal neurons,Inh_Six3_Dpp4_Pgm5,Inh_Six3_Dpp4_Pgm5_PAL,Inh_Six3_Dpp4_Pgm5_PAL
Inh_Six3_Myo5b,neuron,PAL,GABA,MC_16:Septal neurons,Inh_Six3_Myo5b,Inh_Six3_Myo5b_PAL,Inh_Six3_Myo5b_PAL
Inh_Otx2_Gm45194,neuron,PAL,GABA,MC_16:Septal neurons,Inh_Otx2_Gm45194,Inh_Otx2_Gm45194_PAL,Inh_Otx2_Gm45194_PAL
Inh_Otx2_Myo5b_1,neuron,,GABA,MC_16:Septal neurons,Inh_Otx2_Myo5b,Inh_Otx2_Myo5b,Inh_Otx2_Myo5b
Inh_Otx2_Myo5b_2,neuron,,GABA,MC_16:Septal neurons,Inh_Otx2_Myo5b,Inh_Otx2_Myo5b,Inh_Otx2_Myo5b
Inh_Otx2_Myo5b_3,neuron,PAL,GABA,MC_16:Septal neurons,Inh_Otx2_Myo5b,Inh_Otx2_Myo5b_PAL,Inh_Otx2_Myo5b_PAL
Ex_Sall1_Lrrc38_1,neuron,MB,VGLUT2,MC_203:Tectal neurons,Ex_Sall1_Lrrc38,Ex_Sall1_Lrrc38_MB,Ex_Sall1_Lrrc38_MB
Ex_Sall1_Lrrc38_2,neuron,MB,VGLUT2,MC_203:Tectal neurons,Ex_Sall1_Lrrc38,Ex_Sall1_Lrrc38_MB,Ex_Sall1_Lrrc38_MB
Ex_Sall1_Lrrc38_3,neuron,MB,VGLUT2,MC_203:Tectal neurons,Ex_Sall1_Lrrc38,Ex_Sall1_Lrrc38_MB,Ex_Sall1_Lrrc38_MB
Ex_Sall1_Tafa4,neuron,MB,VGLUT2,MC_203:Tectal neurons,Ex_Sall1_Tafa4,Ex_Sall1_Tafa4_MB,Ex_Sall1_Tafa4_MB
Ex_Sall1_Apela,neuron,MB,VGLUT2,MC_203:Tectal neurons,Ex_Sall1_Apela,Ex_Sall1_Apela_MB,Ex_Sall1_Apela_MB
Ex_Sall1_Vwa7,neuron,MB,VGLUT2,MC_203:Tectal neurons,Ex_Sall1_Vwa7,Ex_Sall1_Vwa7_MB,Ex_Sall1_Vwa7_MB
Ex_Evx2_Jaml,neuron,MB,VGLUT2,MC_152:Medullary reticular neurons,Ex_Evx2_Jaml,Ex_Evx2_Jaml_MB,Ex_Evx2_Jaml_MB
Ex_Sall1_Olfr658,neuron,MB,VGLUT2,MC_203:Tectal neurons,Ex_Sall1_Olfr658,Ex_Sall1_Olfr658_MB,Ex_Sall1_Olfr658_MB
Ex_Sall1_Fgf7_1,neuron,MB,VGLUT2,MC_203:Tectal neurons,Ex_Sall1_Fgf7,Ex_Sall1_Fgf7_MB,Ex_Sall1_Fgf7_MB
Ex_Sall1_Fgf7_2,neuron,MB,VGLUT2,MC_203:Tectal neurons,Ex_Sall1_Fgf7,Ex_Sall1_Fgf7_MB,Ex_Sall1_Fgf7_MB
Ex_Sall1_Pmfbp1_1,neuron,MB,VGLUT2,MC_203:Tectal neurons,Ex_Sall1_Pmfbp1,Ex_Sall1_Pmfbp1_MB,Ex_Sall1_Pmfbp1_MB
Ex_Sall1_Pmfbp1_2,neuron,MB,VGLUT2,MC_203:Tectal neurons,Ex_Sall1_Pmfbp1,Ex_Sall1_Pmfbp1_MB,Ex_Sall1_Pmfbp1_MB
Ex_Sall1_Pmfbp1_3,neuron,MB,VGLUT2,MC_203:Tectal neurons,Ex_Sall1_Pmfbp1,Ex_Sall1_Pmfbp1_MB,Ex_Sall1_Pmfbp1_MB
Ex_Sall1_Pmfbp1_4,neuron,MB,VGLUT2,MC_203:Tectal neurons,Ex_Sall1_Pmfbp1,Ex_Sall1_Pmfbp1_MB,Ex_Sall1_Pmfbp1_MB
Ex_Sall1_Pmfbp1_6,neuron,MB,VGLUT2,MC_203:Tectal neurons,Ex_Sall1_Pmfbp1,Ex_Sall1_Pmfbp1_MB,Ex_Sall1_Pmfbp1_MB
Ex_Sall1_Pmfbp1_7,neuron,MB,VGLUT2,MC_203:Tectal neurons,Ex_Sall1_Pmfbp1,Ex_Sall1_Pmfbp1_MB,Ex_Sall1_Pmfbp1_MB
Ex_Sall1_Pmfbp1_8,neuron,MB,VGLUT2,MC_203:Tectal neurons,Ex_Sall1_Pmfbp1,Ex_Sall1_Pmfbp1_MB,Ex_Sall1_Pmfbp1_MB
Ex_Sall1_Pmfbp1_9,neuron,MB,VGLUT2,MC_203:Tectal neurons,Ex_Sall1_Pmfbp1,Ex_Sall1_Pmfbp1_MB,Ex_Sall1_Pmfbp1_MB
Ex_Tfap2d_St14_1,neuron,MB,VGLUT2,MC_203:Tectal neurons,Ex_Tfap2d_St14,Ex_Tfap2d_St14_MB,Ex_Tfap2d_St14_MB
Ex_Tfap2d_Erfl,neuron,MB,VGLUT2,MC_203:Tectal neurons,Ex_Tfap2d_Erfl,Ex_Tfap2d_Erfl_MB,Ex_Tfap2d_Erfl_MB
Ex_Tfap2d_St14_3,neuron,MB,VGLUT2,MC_203:Tectal neurons,Ex_Tfap2d_St14,Ex_Tfap2d_St14_MB,Ex_Tfap2d_St14_MB
Ex_Tfap2d_Snorc_1,neuron,MB,VGLUT2,MC_203:Tectal neurons,Ex_Tfap2d_Snorc,Ex_Tfap2d_Snorc_MB,Ex_Tfap2d_Snorc_MB
Ex_Tfap2d_St14_4,neuron,MB,VGLUT2,MC_203:Tectal neurons,Ex_Tfap2d_St14,Ex_Tfap2d_St14_MB,Ex_Tfap2d_St14_MB
Ex_Tfap2d_Defb1,neuron,MB,VGLUT2,MC_203:Tectal neurons,Ex_Tfap2d_Defb1,Ex_Tfap2d_Defb1_MB,Ex_Tfap2d_Defb1_MB
Ex_Tfap2d_Snorc_3,neuron,MB,VGLUT2,MC_203:Tectal neurons,Ex_Tfap2d_Snorc,Ex_Tfap2d_Snorc_MB,Ex_Tfap2d_Snorc_MB
Ex_Lhx2_Hgf_1,neuron,MY,VGLUT2,"MC_178:Posterior medullary neurons, primarily spinal nucleus",Ex_Lhx2_Hgf,Ex_Lhx2_Hgf_MY,Ex_Lhx2_Hgf_MY
Ex_Lhx2_Hgf_2,neuron,MY,VGLUT2,"MC_178:Posterior medullary neurons, primarily spinal nucleus",Ex_Lhx2_Hgf,Ex_Lhx2_Hgf_MY,Ex_Lhx2_Hgf_MY
Ex_Lhx2_Hgf_3,neuron,MY,VGLUT2,"MC_178:Posterior medullary neurons, primarily spinal nucleus",Ex_Lhx2_Hgf,Ex_Lhx2_Hgf_MY,Ex_Lhx2_Hgf_MY
Ex_Lhx2_Hgf_4,neuron,MY,VGLUT2,"MC_178:Posterior medullary neurons, primarily spinal nucleus",Ex_Lhx2_Hgf,Ex_Lhx2_Hgf_MY,Ex_Lhx2_Hgf_MY
Ex_Lhx2_Mdfic2,neuron,MY,VGLUT2,"MC_178:Posterior medullary neurons, primarily spinal nucleus",Ex_Lhx2_Mdfic2,Ex_Lhx2_Mdfic2_MY,Ex_Lhx2_Mdfic2_MY
Ex_Lhx2_Col5a2_1,neuron,MY,VGLUT2,"MC_178:Posterior medullary neurons, primarily spinal nucleus",Ex_Lhx2_Col5a2,Ex_Lhx2_Col5a2_MY,Ex_Lhx2_Col5a2_MY
Ex_Lhx2_Col5a2_2,neuron,MY,VGLUT2,"MC_178:Posterior medullary neurons, primarily spinal nucleus",Ex_Lhx2_Col5a2,Ex_Lhx2_Col5a2_MY,Ex_Lhx2_Col5a2_MY
Ex_Hoxc6_Fam114a1,neuron,MY,VGLUT2,"MC_178:Posterior medullary neurons, primarily spinal nucleus",Ex_Hoxc6_Fam114a1,Ex_Hoxc6_Fam114a1_MY,Ex_Hoxc6_Fam114a1_MY
Ex_Hoxc6_Dpp4,neuron,MY,VGLUT2,"MC_178:Posterior medullary neurons, primarily spinal nucleus",Ex_Hoxc6_Dpp4,Ex_Hoxc6_Dpp4_MY,Ex_Hoxc6_Dpp4_MY
Ex_Hoxc6_Met_1,neuron,MY,VGLUT2,"MC_178:Posterior medullary neurons, primarily spinal nucleus",Ex_Hoxc6_Met,Ex_Hoxc6_Met_MY,Ex_Hoxc6_Met_MY
Ex_Hoxc6_Met_2,neuron,,VGLUT2,"MC_178:Posterior medullary neurons, primarily spinal nucleus",Ex_Hoxc6_Met,Ex_Hoxc6_Met,Ex_Hoxc6_Met
Ex_Hoxc6_Prokr2,neuron,MY,VGLUT2,"MC_178:Posterior medullary neurons, primarily spinal nucleus",Ex_Hoxc6_Prokr2,Ex_Hoxc6_Prokr2_MY,Ex_Hoxc6_Prokr2_MY
Ex_Hoxc6_Grp,neuron,MY,VGLUT2,"MC_178:Posterior medullary neurons, primarily spinal nucleus",Ex_Hoxc6_Grp,Ex_Hoxc6_Grp_MY,Ex_Hoxc6_Grp_MY
Ex_Hoxc6_Hpse_1,neuron,MY,VGLUT2,"MC_178:Posterior medullary neurons, primarily spinal nucleus",Ex_Hoxc6_Hpse,Ex_Hoxc6_Hpse_MY,Ex_Hoxc6_Hpse_MY
Ex_Hoxc6_Hpse_2,neuron,MY,VGLUT2,"MC_178:Posterior medullary neurons, primarily spinal nucleus",Ex_Hoxc6_Hpse,Ex_Hoxc6_Hpse_MY,Ex_Hoxc6_Hpse_MY
Ex_Hoxc6_Slc7a13_1,neuron,MY,VGLUT2,"MC_178:Posterior medullary neurons, primarily spinal nucleus",Ex_Hoxc6_Slc7a13,Ex_Hoxc6_Slc7a13_MY,Ex_Hoxc6_Slc7a13_MY
Ex_Hoxc6_Slc7a13_2,neuron,MY,VGLUT2,"MC_178:Posterior medullary neurons, primarily spinal nucleus",Ex_Hoxc6_Slc7a13,Ex_Hoxc6_Slc7a13_MY,Ex_Hoxc6_Slc7a13_MY
Ex_Hoxc6_Ednrb,neuron,MY,VGLUT2,"MC_178:Posterior medullary neurons, primarily spinal nucleus",Ex_Hoxc6_Ednrb,Ex_Hoxc6_Ednrb_MY,Ex_Hoxc6_Ednrb_MY
Ex_Hoxc6_Rxfp2_1,neuron,MY,VGLUT2,"MC_178:Posterior medullary neurons, primarily spinal nucleus",Ex_Hoxc6_Rxfp2,Ex_Hoxc6_Rxfp2_MY,Ex_Hoxc6_Rxfp2_MY
Ex_Hoxc6_Rxfp2_2,neuron,,VGLUT2,"MC_178:Posterior medullary neurons, primarily spinal nucleus",Ex_Hoxc6_Rxfp2,Ex_Hoxc6_Rxfp2,Ex_Hoxc6_Rxfp2
Ex_Lhx9_Rxfp2_1,neuron,MY,VGLUT2,"MC_178:Posterior medullary neurons, primarily spinal nucleus",Ex_Lhx9_Rxfp2,Ex_Lhx9_Rxfp2_MY,Ex_Lhx9_Rxfp2_MY
Ex_Lhx9_Rxfp2_2,neuron,MY,VGLUT2,"MC_178:Posterior medullary neurons, primarily spinal nucleus",Ex_Lhx9_Rxfp2,Ex_Lhx9_Rxfp2_MY,Ex_Lhx9_Rxfp2_MY
Ex_Hoxc6_Moxd1_1,neuron,,VGLUT2,"MC_178:Posterior medullary neurons, primarily spinal nucleus",Ex_Hoxc6_Moxd1,Ex_Hoxc6_Moxd1,Ex_Hoxc6_Moxd1
Ex_Hoxc6_Moxd1_2,neuron,MB,VGLUT2,"MC_178:Posterior medullary neurons, primarily spinal nucleus",Ex_Hoxc6_Moxd1,Ex_Hoxc6_Moxd1_MB,Ex_Hoxc6_Moxd1_MB
Ex_Hoxc6_Hpgd,neuron,,VGLUT2,"MC_178:Posterior medullary neurons, primarily spinal nucleus",Ex_Hoxc6_Hpgd,Ex_Hoxc6_Hpgd,Ex_Hoxc6_Hpgd
Ex_Hoxc6_Epsti1_1,neuron,MY,VGLUT2,"MC_178:Posterior medullary neurons, primarily spinal nucleus",Ex_Hoxc6_Epsti1,Ex_Hoxc6_Epsti1_MY,Ex_Hoxc6_Epsti1_MY
Ex_Hoxc6_Arhgef38,neuron,,VGLUT2,"MC_178:Posterior medullary neurons, primarily spinal nucleus",Ex_Hoxc6_Arhgef38,Ex_Hoxc6_Arhgef38,Ex_Hoxc6_Arhgef38
Ex_Hoxc6_Epsti1_2,neuron,MY,VGLUT2,"MC_178:Posterior medullary neurons, primarily spinal nucleus",Ex_Hoxc6_Epsti1,Ex_Hoxc6_Epsti1_MY,Ex_Hoxc6_Epsti1_MY
Ex_Hoxc6_Epsti1_3,neuron,MY,VGLUT2,"MC_178:Posterior medullary neurons, primarily spinal nucleus",Ex_Hoxc6_Epsti1,Ex_Hoxc6_Epsti1_MY,Ex_Hoxc6_Epsti1_MY
Ex_Hoxc6_Ppef1,neuron,MY,VGLUT2,"MC_178:Posterior medullary neurons, primarily spinal nucleus",Ex_Hoxc6_Ppef1,Ex_Hoxc6_Ppef1_MY,Ex_Hoxc6_Ppef1_MY
Ex_Lhx2_Frk,neuron,MY,VGLUT2,"MC_178:Posterior medullary neurons, primarily spinal nucleus",Ex_Lhx2_Frk,Ex_Lhx2_Frk_MY,Ex_Lhx2_Frk_MY
Inh_Hoxc4_Tfap2b,neuron,MY,GLY,MC_141:Medullary neurons,Inh_Hoxc4_Tfap2b,Inh_Hoxc4_Tfap2b_MY,Inh_Hoxc4_Tfap2b_MY
Inh_Hoxc4_Ttc6_1,neuron,MY,GLY,MC_141:Medullary neurons,Inh_Hoxc4_Ttc6,Inh_Hoxc4_Ttc6_MY,Inh_Hoxc4_Ttc6_MY
Inh_Hoxc4_Ttc6_2,neuron,MY,GLY,MC_141:Medullary neurons,Inh_Hoxc4_Ttc6,Inh_Hoxc4_Ttc6_MY,Inh_Hoxc4_Ttc6_MY
Inh_Hoxc4_Ttc6_3,neuron,MY,GABA,MC_141:Medullary neurons,Inh_Hoxc4_Ttc6,Inh_Hoxc4_Ttc6_MY,Inh_Hoxc4_Ttc6_MY
Inh_Hoxc4_Ttc6_4,neuron,MY,GABA,MC_141:Medullary neurons,Inh_Hoxc4_Ttc6,Inh_Hoxc4_Ttc6_MY,Inh_Hoxc4_Ttc6_MY
Inh_Hoxc4_Ttc6_5,neuron,CB,GLY,MC_141:Medullary neurons,Inh_Hoxc4_Ttc6,Inh_Hoxc4_Ttc6_CB,Inh_Hoxc4_Ttc6_CB
Inh_Hoxc4_Fbln2_1,neuron,CB,GLY,MC_141:Medullary neurons,Inh_Hoxc4_Fbln2,Inh_Hoxc4_Fbln2_CB,Inh_Hoxc4_Fbln2_CB
Inh_Hoxc4_Fbln2_2,neuron,MY,GLY,MC_141:Medullary neurons,Inh_Hoxc4_Fbln2,Inh_Hoxc4_Fbln2_MY,Inh_Hoxc4_Fbln2_MY
Inh_Hoxc4_Fbln2_3,neuron,CB,GLY,MC_141:Medullary neurons,Inh_Hoxc4_Fbln2,Inh_Hoxc4_Fbln2_CB,Inh_Hoxc4_Fbln2_CB
Inh_Hoxc4_Chrdl2_1,neuron,MY,GLY,MC_141:Medullary neurons,Inh_Hoxc4_Chrdl2,Inh_Hoxc4_Chrdl2_MY,Inh_Hoxc4_Chrdl2_MY
Inh_Hoxc4_Chrdl2_2,neuron,MY,GLY,MC_141:Medullary neurons,Inh_Hoxc4_Chrdl2,Inh_Hoxc4_Chrdl2_MY,Inh_Hoxc4_Chrdl2_MY
Inh_Hoxc4_Chrdl2_3,neuron,MY,GLY,MC_141:Medullary neurons,Inh_Hoxc4_Chrdl2,Inh_Hoxc4_Chrdl2_MY,Inh_Hoxc4_Chrdl2_MY
Inh_Hoxc4_Chrdl2_4,neuron,CB,GLY,MC_141:Medullary neurons,Inh_Hoxc4_Chrdl2,Inh_Hoxc4_Chrdl2_CB,Inh_Hoxc4_Chrdl2_CB
Inh_Hoxc4_Chrdl2_5,neuron,MY,GLY,MC_141:Medullary neurons,Inh_Hoxc4_Chrdl2,Inh_Hoxc4_Chrdl2_MY,Inh_Hoxc4_Chrdl2_MY
Inh_Hoxc4_Chrdl2_6,neuron,CB,GLY,MC_141:Medullary neurons,Inh_Hoxc4_Chrdl2,Inh_Hoxc4_Chrdl2_CB,Inh_Hoxc4_Chrdl2_CB
Inh_Hoxc4_Chrdl2_7,neuron,MY,GLY,MC_141:Medullary neurons,Inh_Hoxc4_Chrdl2,Inh_Hoxc4_Chrdl2_MY,Inh_Hoxc4_Chrdl2_MY
Inh_Hoxc4_Abcc9_1,neuron,MY,GABA,MC_141:Medullary neurons,Inh_Hoxc4_Abcc9,Inh_Hoxc4_Abcc9_MY,Inh_Hoxc4_Abcc9_MY
Inh_Hoxc4_Abcc9_2,neuron,MY,GLY,MC_141:Medullary neurons,Inh_Hoxc4_Abcc9,Inh_Hoxc4_Abcc9_MY,Inh_Hoxc4_Abcc9_MY
Inh_Hoxc4_Abcc9_4,neuron,MY,GLY,MC_141:Medullary neurons,Inh_Hoxc4_Abcc9,Inh_Hoxc4_Abcc9_MY,Inh_Hoxc4_Abcc9_MY
Inh_Hoxc4_F5_1,neuron,MY,GLY,MC_141:Medullary neurons,Inh_Hoxc4_F5,Inh_Hoxc4_F5_MY,Inh_Hoxc4_F5_MY
Inh_Hoxc4_F5_2,neuron,CB,GLY,MC_141:Medullary neurons,Inh_Hoxc4_F5,Inh_Hoxc4_F5_CB,Inh_Hoxc4_F5_CB
Inh_Hoxc4_Esm1,neuron,MY,GLY,MC_141:Medullary neurons,Inh_Hoxc4_Esm1,Inh_Hoxc4_Esm1_MY,Inh_Hoxc4_Esm1_MY
Inh_Hoxc4_Tekt1_Chrdl2,neuron,MY,GLY,MC_141:Medullary neurons,Inh_Hoxc4_Tekt1_Chrdl2,Inh_Hoxc4_Tekt1_Chrdl2_MY,Inh_Hoxc4_Tekt1_Chrdl2_MY
Inh_Hoxc4_Hhip,neuron,MY,GLY,MC_141:Medullary neurons,Inh_Hoxc4_Hhip,Inh_Hoxc4_Hhip_MY,Inh_Hoxc4_Hhip_MY
Inh_Hoxc4_Sgo2b_1,neuron,MY,GLY,MC_142:Pontine and medullary neurons,Inh_Hoxc4_Sgo2b,Inh_Hoxc4_Sgo2b_MY,Inh_Hoxc4_Sgo2b_MY
Inh_Hoxc4_Sgo2b_2,neuron,MY,GLY,MC_142:Pontine and medullary neurons,Inh_Hoxc4_Sgo2b,Inh_Hoxc4_Sgo2b_MY,Inh_Hoxc4_Sgo2b_MY
Inh_Hoxc4_Fbln2,neuron,MY,GLY,MC_142:Pontine and medullary neurons,Inh_Hoxc4_Fbln2,Inh_Hoxc4_Fbln2_MY,Inh_Hoxc4_Fbln2_MY
Chol_Pitx2_Antxrl,neuron,MY,CHOL,MC_155:Pontine and medullary reticular neurons,Chol_Pitx2_Antxrl,Chol_Pitx2_Antxrl_MY,Chol_Pitx2_Antxrl_MY
Ex_Tfap2d_Pou4f2,neuron,MB,VGLUT2,"MC_215:Superior collicular, motor area neurons",Ex_Tfap2d_Pou4f2,Ex_Tfap2d_Pou4f2_MB,Ex_Tfap2d_Pou4f2_MB
Ex_Tfap2b_Vmn1r196,neuron,MB,VGLUT2,"MC_215:Superior collicular, motor area neurons",Ex_Tfap2b_Vmn1r196,Ex_Tfap2b_Vmn1r196_MB,Ex_Tfap2b_Vmn1r196_MB
Ex_Pou4f2_Hpse2_1,neuron,MB,VGLUT2,MC_200:PAG and SCm neurons,Ex_Pou4f2_Hpse2,Ex_Pou4f2_Hpse2_MB,Ex_Pou4f2_Hpse2_MB
Ex_Pou4f2_Hpse2_2,neuron,MB,VGLUT2,MC_200:PAG and SCm neurons,Ex_Pou4f2_Hpse2,Ex_Pou4f2_Hpse2_MB,Ex_Pou4f2_Hpse2_MB
Ex_Pou4f2_Hpse2_3,neuron,MB,VGLUT2,MC_200:PAG and SCm neurons,Ex_Pou4f2_Hpse2,Ex_Pou4f2_Hpse2_MB,Ex_Pou4f2_Hpse2_MB
Ex_Pou4f2_Hpse2_4,neuron,MB,VGLUT2,MC_200:PAG and SCm neurons,Ex_Pou4f2_Hpse2,Ex_Pou4f2_Hpse2_MB,Ex_Pou4f2_Hpse2_MB
Ex_Pou4f2_Hpse2_5,neuron,MB,VGLUT2,MC_200:PAG and SCm neurons,Ex_Pou4f2_Hpse2,Ex_Pou4f2_Hpse2_MB,Ex_Pou4f2_Hpse2_MB
Ex_Pou4f2_Plac9a,neuron,MB,VGLUT2,MC_200:PAG and SCm neurons,Ex_Pou4f2_Plac9a,Ex_Pou4f2_Plac9a_MB,Ex_Pou4f2_Plac9a_MB
Ex_Pou4f2_Hpse2_6,neuron,MB,VGLUT2,MC_200:PAG and SCm neurons,Ex_Pou4f2_Hpse2,Ex_Pou4f2_Hpse2_MB,Ex_Pou4f2_Hpse2_MB
Inh_Tfap2b_Tnc,neuron,MB,GABA,MC_96:Midbrain neurons,Inh_Tfap2b_Tnc,Inh_Tfap2b_Tnc_MB,Inh_Tfap2b_Tnc_MB
Inh_Tfap2b_Ntrk1,neuron,MB,GABA,MC_96:Midbrain neurons,Inh_Tfap2b_Ntrk1,Inh_Tfap2b_Ntrk1_MB,Inh_Tfap2b_Ntrk1_MB
Inh_Sox1_Igfbp2_1,neuron,MB,GABA,MC_112:Midbrain and pontine neurons,Inh_Sox1_Igfbp2,Inh_Sox1_Igfbp2_MB,Inh_Sox1_Igfbp2_MB
Inh_Sox1_Igfbp2_2,neuron,MB,GABA,MC_112:Midbrain and pontine neurons,Inh_Sox1_Igfbp2,Inh_Sox1_Igfbp2_MB,Inh_Sox1_Igfbp2_MB
Inh_Sox1_Sp9_1,neuron,MB,GABA,MC_112:Midbrain and pontine neurons,Inh_Sox1_Sp9,Inh_Sox1_Sp9_MB,Inh_Sox1_Sp9_MB
Inh_Sox1_Sp9_2,neuron,P,GABA,MC_112:Midbrain and pontine neurons,Inh_Sox1_Sp9,Inh_Sox1_Sp9_P,Inh_Sox1_Sp9_P
Inh_Sox1_Sp9_3,neuron,P,GABA,MC_112:Midbrain and pontine neurons,Inh_Sox1_Sp9,Inh_Sox1_Sp9_P,Inh_Sox1_Sp9_P
Inh_Sox1_Sp9_4,neuron,MB,GABA,MC_112:Midbrain and pontine neurons,Inh_Sox1_Sp9,Inh_Sox1_Sp9_MB,Inh_Sox1_Sp9_MB
Inh_Sox1_Sp9_5,neuron,MB,GABA,MC_112:Midbrain and pontine neurons,Inh_Sox1_Sp9,Inh_Sox1_Sp9_MB,Inh_Sox1_Sp9_MB
Inh_Sox1_Sp9_6,neuron,P,GABA,MC_112:Midbrain and pontine neurons,Inh_Sox1_Sp9,Inh_Sox1_Sp9_P,Inh_Sox1_Sp9_P
Inh_Sox1_Chrna5,neuron,P,GABA,MC_112:Midbrain and pontine neurons,Inh_Sox1_Chrna5,Inh_Sox1_Chrna5_P,Inh_Sox1_Chrna5_P
Inh_Sox1_Mrgpra2b,neuron,P,GABA,MC_112:Midbrain and pontine neurons,Inh_Sox1_Mrgpra2b,Inh_Sox1_Mrgpra2b_P,Inh_Sox1_Mrgpra2b_P
Ex_Vsx2_Tnnt1_1,neuron,P,VGLUT2,MC_198:Brainstem neurons,Ex_Vsx2_Tnnt1,Ex_Vsx2_Tnnt1_P,Ex_Vsx2_Tnnt1_P
Ex_Vsx2_Tnnt1_2,neuron,,VGLUT2_GLY,MC_198:Brainstem neurons,Ex_Vsx2_Tnnt1,Ex_Vsx2_Tnnt1,Ex_Vsx2_Tnnt1
Ex_Vsx2_Tnnt1_3,neuron,MB,VGLUT2,MC_198:Brainstem neurons,Ex_Vsx2_Tnnt1,Ex_Vsx2_Tnnt1_MB,Ex_Vsx2_Tnnt1_MB
Ex_Vsx2_Sox14,neuron,P,VGLUT2_GLY,MC_198:Brainstem neurons,Ex_Vsx2_Sox14,Ex_Vsx2_Sox14_P,Ex_Vsx2_Sox14_P
Ex_Vsx2_Tnnt1_4,neuron,P,VGLUT2,MC_198:Brainstem neurons,Ex_Vsx2_Tnnt1,Ex_Vsx2_Tnnt1_P,Ex_Vsx2_Tnnt1_P
Ex_Vsx2_Tnnt1_5,neuron,P,VGLUT2,MC_198:Brainstem neurons,Ex_Vsx2_Tnnt1,Ex_Vsx2_Tnnt1_P,Ex_Vsx2_Tnnt1_P
Ex_Vsx2_Col2a1,neuron,MY,VGLUT2,MC_198:Brainstem neurons,Ex_Vsx2_Col2a1,Ex_Vsx2_Col2a1_MY,Ex_Vsx2_Col2a1_MY
Ex_Vsx2_Cdc42ep5,neuron,P,VGLUT2,MC_198:Brainstem neurons,Ex_Vsx2_Cdc42ep5,Ex_Vsx2_Cdc42ep5_P,Ex_Vsx2_Cdc42ep5_P
Inh_Gata3_Rln3_1,neuron,P,GABA,"MC_113:Pontine neurons, primarily nucleus incertus (PMID 34239421)",Inh_Gata3_Rln3,Inh_Gata3_Rln3_P,Inh_Gata3_Rln3_P
Inh_Gata3_Rln3_2,neuron,P,VGLUT3_GABA,"MC_113:Pontine neurons, primarily nucleus incertus (PMID 34239421)",Inh_Gata3_Rln3,Inh_Gata3_Rln3_P,Inh_Gata3_Rln3_P
Inh_Gata3_Rln3_3,neuron,P,GABA,"MC_113:Pontine neurons, primarily nucleus incertus (PMID 34239421)",Inh_Gata3_Rln3,Inh_Gata3_Rln3_P,Inh_Gata3_Rln3_P
Inh_Gata3_Rln3_4,neuron,P,GABA,"MC_113:Pontine neurons, primarily nucleus incertus (PMID 34239421)",Inh_Gata3_Rln3,Inh_Gata3_Rln3_P,Inh_Gata3_Rln3_P
Inh_Gata3_Areg_1,neuron,,VGLUT3_GABA,"MC_113:Pontine neurons, primarily nucleus incertus (PMID 34239421)",Inh_Gata3_Areg,Inh_Gata3_Areg,Inh_Gata3_Areg
Inh_Gata3_Areg_2,neuron,MY,GABA,"MC_113:Pontine neurons, primarily nucleus incertus (PMID 34239421)",Inh_Gata3_Areg,Inh_Gata3_Areg_MY,Inh_Gata3_Areg_MY
Inh_Gata3_6430628N08Rik_1,neuron,MB,GABA,"MC_91:Hypothalamic and midbrain neurons, primarily subparafascicular area",Inh_Gata3_6430628N08Rik,Inh_Gata3_6430628N08Rik_MB,Inh_Gata3_6430628N08Rik_MB
Inh_Gata3_Nkx2-2_Npy,neuron,HY,GABA,"MC_91:Hypothalamic and midbrain neurons, primarily subparafascicular area",Inh_Gata3_Nkx2-2_Npy,Inh_Gata3_Nkx2-2_Npy_HY,Inh_Gata3_Nkx2-2_Npy_HY
Inh_Gata3_Nkx2-2_Clrn1,neuron,HY,GABA,"MC_91:Hypothalamic and midbrain neurons, primarily subparafascicular area",Inh_Gata3_Nkx2-2_Clrn1,Inh_Gata3_Nkx2-2_Clrn1_HY,Inh_Gata3_Nkx2-2_Clrn1_HY
Inh_Gata3_Nkx2-2_Cfap100_1,neuron,HY,GABA,"MC_91:Hypothalamic and midbrain neurons, primarily subparafascicular area",Inh_Gata3_Nkx2-2_Cfap100,Inh_Gata3_Nkx2-2_Cfap100_HY,Inh_Gata3_Nkx2-2_Cfap100_HY
Inh_Gata3_Nkx2-2_Cfap100_2,neuron,TH,GABA,"MC_91:Hypothalamic and midbrain neurons, primarily subparafascicular area",Inh_Gata3_Nkx2-2_Cfap100,Inh_Gata3_Nkx2-2_Cfap100_TH,Inh_Gata3_Nkx2-2_Cfap100_TH
Inh_Gata3_Nkx2-2_Cfap100_3,neuron,HY,GABA,"MC_91:Hypothalamic and midbrain neurons, primarily subparafascicular area",Inh_Gata3_Nkx2-2_Cfap100,Inh_Gata3_Nkx2-2_Cfap100_HY,Inh_Gata3_Nkx2-2_Cfap100_HY
Inh_Six3_6430628N08Rik,neuron,MB,GABA,"MC_91:Hypothalamic and midbrain neurons, primarily subparafascicular area",Inh_Six3_6430628N08Rik,Inh_Six3_6430628N08Rik_MB,Inh_Six3_6430628N08Rik_MB
Inh_Six3_Casr,neuron,MB,GABA,"MC_91:Hypothalamic and midbrain neurons, primarily subparafascicular area",Inh_Six3_Casr,Inh_Six3_Casr_MB,Inh_Six3_Casr_MB
Inh_Six3_Nkx2-2_Sox2,neuron,MB,GABA,"MC_91:Hypothalamic and midbrain neurons, primarily subparafascicular area",Inh_Six3_Nkx2-2_Sox2,Inh_Six3_Nkx2-2_Sox2_MB,Inh_Six3_Nkx2-2_Sox2_MB
Inh_Six3_Aox3_Sox2,neuron,MB,GABA,"MC_91:Hypothalamic and midbrain neurons, primarily subparafascicular area",Inh_Six3_Aox3_Sox2,Inh_Six3_Aox3_Sox2_MB,Inh_Six3_Aox3_Sox2_MB
Inh_Six3_Nkx2-2_Galnt15,neuron,MB,GABA,"MC_91:Hypothalamic and midbrain neurons, primarily subparafascicular area",Inh_Six3_Nkx2-2_Galnt15,Inh_Six3_Nkx2-2_Galnt15_MB,Inh_Six3_Nkx2-2_Galnt15_MB
Inh_Six3_Nkx2-2_Yap1,neuron,MB,GABA,"MC_91:Hypothalamic and midbrain neurons, primarily subparafascicular area",Inh_Six3_Nkx2-2_Yap1,Inh_Six3_Nkx2-2_Yap1_MB,Inh_Six3_Nkx2-2_Yap1_MB
Ex_C1ql4_Cpne7_1,neuron,MY,VGLUT2,MC_159:Pontine and medullary reticular neurons,Ex_C1ql4_Cpne7,Ex_C1ql4_Cpne7_MY,Ex_C1ql4_Cpne7_MY
Ex_C1ql4_Cpne7_2,neuron,MY,VGLUT2,MC_159:Pontine and medullary reticular neurons,Ex_C1ql4_Cpne7,Ex_C1ql4_Cpne7_MY,Ex_C1ql4_Cpne7_MY
Ex_C1ql4_Cpne7_3,neuron,MY,VGLUT2,MC_159:Pontine and medullary reticular neurons,Ex_C1ql4_Cpne7,Ex_C1ql4_Cpne7_MY,Ex_C1ql4_Cpne7_MY
Ex_C1ql4_Cpne7_4,neuron,MY,VGLUT2,MC_159:Pontine and medullary reticular neurons,Ex_C1ql4_Cpne7,Ex_C1ql4_Cpne7_MY,Ex_C1ql4_Cpne7_MY
Ex_C1ql4_Nostrin,neuron,MY,VGLUT2,MC_159:Pontine and medullary reticular neurons,Ex_C1ql4_Nostrin,Ex_C1ql4_Nostrin_MY,Ex_C1ql4_Nostrin_MY
Ex_C1ql4_Slc38a11_1,neuron,MY,VGLUT2,MC_159:Pontine and medullary reticular neurons,Ex_C1ql4_Slc38a11,Ex_C1ql4_Slc38a11_MY,Ex_C1ql4_Slc38a11_MY
Ex_C1ql4_Slc38a11_2,neuron,,VGLUT2,MC_159:Pontine and medullary reticular neurons,Ex_C1ql4_Slc38a11,Ex_C1ql4_Slc38a11,Ex_C1ql4_Slc38a11
Ex_C1ql4_Slc38a11_3,neuron,MY,VGLUT2,MC_159:Pontine and medullary reticular neurons,Ex_C1ql4_Slc38a11,Ex_C1ql4_Slc38a11_MY,Ex_C1ql4_Slc38a11_MY
Ex_C1ql4_Dnajc22,neuron,MB,VGLUT2,MC_159:Pontine and medullary reticular neurons,Ex_C1ql4_Dnajc22,Ex_C1ql4_Dnajc22_MB,Ex_C1ql4_Dnajc22_MB
Ex_Vsx2_Pgm5_1,neuron,P,VGLUT2,MC_155:Pontine and medullary reticular neurons,Ex_Vsx2_Pgm5,Ex_Vsx2_Pgm5_P,Ex_Vsx2_Pgm5_P
Ex_Vsx2_Pgm5_2,neuron,P,VGLUT2,MC_155:Pontine and medullary reticular neurons,Ex_Vsx2_Pgm5,Ex_Vsx2_Pgm5_P,Ex_Vsx2_Pgm5_P
Ex_Vsx2_Pgm5_3,neuron,P,VGLUT2,MC_155:Pontine and medullary reticular neurons,Ex_Vsx2_Pgm5,Ex_Vsx2_Pgm5_P,Ex_Vsx2_Pgm5_P
Ex_Vsx2_Pgm5_4,neuron,MY,VGLUT2,MC_155:Pontine and medullary reticular neurons,Ex_Vsx2_Pgm5,Ex_Vsx2_Pgm5_MY,Ex_Vsx2_Pgm5_MY
Ex_Vsx2_Pgm5_5,neuron,MY,VGLUT2_GLY,MC_155:Pontine and medullary reticular neurons,Ex_Vsx2_Pgm5,Ex_Vsx2_Pgm5_MY,Ex_Vsx2_Pgm5_MY
Ex_Vsx2_Pgm5_6,neuron,P,VGLUT2,MC_155:Pontine and medullary reticular neurons,Ex_Vsx2_Pgm5,Ex_Vsx2_Pgm5_P,Ex_Vsx2_Pgm5_P
Ex_Vsx2_Pgm5_7,neuron,MY,VGLUT2,MC_155:Pontine and medullary reticular neurons,Ex_Vsx2_Pgm5,Ex_Vsx2_Pgm5_MY,Ex_Vsx2_Pgm5_MY
Ex_Vsx2_Pgm5_8,neuron,P,VGLUT2,MC_155:Pontine and medullary reticular neurons,Ex_Vsx2_Pgm5,Ex_Vsx2_Pgm5_P,Ex_Vsx2_Pgm5_P
Ex_Vsx2_Slc38a11,neuron,MY,VGLUT2,MC_198:Brainstem neurons,Ex_Vsx2_Slc38a11,Ex_Vsx2_Slc38a11_MY,Ex_Vsx2_Slc38a11_MY
Ex_Evx2_Chrna2,neuron,P,VGLUT2,MC_94:Tegmental neurons,Ex_Evx2_Chrna2,Ex_Evx2_Chrna2_P,Ex_Evx2_Chrna2_P
Ex_Evx2_Gulo,neuron,P,VGLUT2,MC_94:Tegmental neurons,Ex_Evx2_Gulo,Ex_Evx2_Gulo_P,Ex_Evx2_Gulo_P
Ex_Evx2_Npsr1,neuron,P,VGLUT2,MC_94:Tegmental neurons,Ex_Evx2_Npsr1,Ex_Evx2_Npsr1_P,Ex_Evx2_Npsr1_P
Ex_Evx2_Pdyn,neuron,MY,VGLUT2,MC_155:Pontine and medullary reticular neurons,Ex_Evx2_Pdyn,Ex_Evx2_Pdyn_MY,Ex_Evx2_Pdyn_MY
Inh_Tbx3_Serpina3n_1,neuron,HY,GABA,"MC_88:Hypothalamic neurons, primarily arcuate",Inh_Tbx3_Serpina3n,Inh_Tbx3_Serpina3n_HY,Inh_Tbx3_Serpina3n_HY
Inh_Tbx3_Serpina3n_2,neuron,HY,GABA,"MC_88:Hypothalamic neurons, primarily arcuate",Inh_Tbx3_Serpina3n,Inh_Tbx3_Serpina3n_HY,Inh_Tbx3_Serpina3n_HY
Inh_Tbx3_Scn11a,neuron,HY,GABA,"MC_88:Hypothalamic neurons, primarily arcuate",Inh_Tbx3_Scn11a,Inh_Tbx3_Scn11a_HY,Inh_Tbx3_Scn11a_HY
Inh_Six6_Th,neuron,HY,GABA,"MC_88:Hypothalamic neurons, primarily arcuate",Inh_Six6_Th,Inh_Six6_Th_HY,Inh_Six6_Th_HY
Inh_Tbx3_Fli1_1,neuron,HY,GABA,"MC_88:Hypothalamic neurons, primarily arcuate",Inh_Tbx3_Fli1,Inh_Tbx3_Fli1_HY,Inh_Tbx3_Fli1_HY
Inh_Tbx3_Fli1_2,neuron,HY,GABA,"MC_88:Hypothalamic neurons, primarily arcuate",Inh_Tbx3_Fli1,Inh_Tbx3_Fli1_HY,Inh_Tbx3_Fli1_HY
Inh_Tbx3_Sox14,neuron,HY,GABA,MC_78:Hypothalamic neurons,Inh_Tbx3_Sox14,Inh_Tbx3_Sox14_HY,Inh_Tbx3_Sox14_HY
Inh_Meox2_Sox14,neuron,HY,GABA,MC_78:Hypothalamic neurons,Inh_Meox2_Sox14,Inh_Meox2_Sox14_HY,Inh_Meox2_Sox14_HY
Inh_Meox2_Csta2,neuron,HY,GABA,MC_78:Hypothalamic neurons,Inh_Meox2_Csta2,Inh_Meox2_Csta2_HY,Inh_Meox2_Csta2_HY
Inh_Tbx3_Bsx,neuron,MB,GABA,MC_78:Hypothalamic neurons,Inh_Tbx3_Bsx,Inh_Tbx3_Bsx_MB,Inh_Tbx3_Bsx_MB
Inh_Meox2_Chodl,neuron,HY,GABA,MC_78:Hypothalamic neurons,Inh_Meox2_Chodl,Inh_Meox2_Chodl_HY,Inh_Meox2_Chodl_HY
Inh_Sox14_Skor1,neuron,HY,GABA,MC_78:Hypothalamic neurons,Inh_Sox14_Skor1,Inh_Sox14_Skor1_HY,Inh_Sox14_Skor1_HY
Inh_Sox14_Scgn,neuron,HY,GABA,MC_78:Hypothalamic neurons,Inh_Sox14_Scgn,Inh_Sox14_Scgn_HY,Inh_Sox14_Scgn_HY
CholInh_Ecel1_Ghrh_1,neuron,HY,GABA_CHOL,"MC_88:Hypothalamic neurons, primarily arcuate",CholInh_Ecel1_Ghrh,CholInh_Ecel1_Ghrh_HY,CholInh_Ecel1_Ghrh_HY
CholInh_Ecel1_Ghrh_2,neuron,HY,GABA_CHOL,"MC_88:Hypothalamic neurons, primarily arcuate",CholInh_Ecel1_Ghrh,CholInh_Ecel1_Ghrh_HY,CholInh_Ecel1_Ghrh_HY
Inh_Otx2_Prdm16_1,neuron,HY,GABA,MC_17:Septal and hypothalamic neurons,Inh_Otx2_Prdm16,Inh_Otx2_Prdm16_HY,Inh_Otx2_Prdm16_HY
Inh_Otx2_Prdm16_2,neuron,HY,GABA,MC_17:Septal and hypothalamic neurons,Inh_Otx2_Prdm16,Inh_Otx2_Prdm16_HY,Inh_Otx2_Prdm16_HY
Inh_Otx2_Prdm16_3,neuron,HY,GABA,MC_17:Septal and hypothalamic neurons,Inh_Otx2_Prdm16,Inh_Otx2_Prdm16_HY,Inh_Otx2_Prdm16_HY
Inh_Otx2_Prdm16_4,neuron,HY,GABA,MC_17:Septal and hypothalamic neurons,Inh_Otx2_Prdm16,Inh_Otx2_Prdm16_HY,Inh_Otx2_Prdm16_HY
Inh_Pax6_Pou6f2_Pdgfd_1,neuron,HY,GABA,"MC_85:Hypothalamic neurons, primarily zona incerta",Inh_Pax6_Pou6f2_Pdgfd,Inh_Pax6_Pou6f2_Pdgfd_HY,Inh_Pax6_Pou6f2_Pdgfd_HY
Inh_Pax6_Pou6f2_Pdgfd_2,neuron,HY,GABA,"MC_85:Hypothalamic neurons, primarily zona incerta",Inh_Pax6_Pou6f2_Pdgfd,Inh_Pax6_Pou6f2_Pdgfd_HY,Inh_Pax6_Pou6f2_Pdgfd_HY
Inh_Pax6_Pou6f2_Pdgfd_3,neuron,HY,GABA,"MC_85:Hypothalamic neurons, primarily zona incerta",Inh_Pax6_Pou6f2_Pdgfd,Inh_Pax6_Pou6f2_Pdgfd_HY,Inh_Pax6_Pou6f2_Pdgfd_HY
Inh_Pax6_Pou6f2_Pdgfd_4,neuron,HY,GABA,"MC_85:Hypothalamic neurons, primarily zona incerta",Inh_Pax6_Pou6f2_Pdgfd,Inh_Pax6_Pou6f2_Pdgfd_HY,Inh_Pax6_Pou6f2_Pdgfd_HY
Inh_Pax6_Pou6f2_Pdgfd_5,neuron,HY,GABA,"MC_85:Hypothalamic neurons, primarily zona incerta",Inh_Pax6_Pou6f2_Pdgfd,Inh_Pax6_Pou6f2_Pdgfd_HY,Inh_Pax6_Pou6f2_Pdgfd_HY
Inh_Pax7_Ngfr_Stc1,neuron,HY,GABA,"MC_85:Hypothalamic neurons, primarily zona incerta",Inh_Pax7_Ngfr_Stc1,Inh_Pax7_Ngfr_Stc1_HY,Inh_Pax7_Ngfr_Stc1_HY
Ex_Phox2a_Nms,neuron,MY,VGLUT2,MC_177:Pontine and medullary neurons,Ex_Phox2a_Nms,Ex_Phox2a_Nms_MY,Ex_Phox2a_Nms_MY
Ex_Tfap2d_Mgmt,neuron,MB,VGLUT2,MC_216:Inferior collicular neurons,Ex_Tfap2d_Mgmt,Ex_Tfap2d_Mgmt_MB,Ex_Tfap2d_Mgmt_MB
Ex_Tfap2d_Bnip5_1,neuron,MB,VGLUT2,MC_216:Inferior collicular neurons,Ex_Tfap2d_Bnip5,Ex_Tfap2d_Bnip5_MB,Ex_Tfap2d_Bnip5_MB
Ex_Tfap2d_Bnip5_2,neuron,MB,VGLUT2,MC_216:Inferior collicular neurons,Ex_Tfap2d_Bnip5,Ex_Tfap2d_Bnip5_MB,Ex_Tfap2d_Bnip5_MB
Ex_Tfap2d_Npffr1_1,neuron,MB,VGLUT2,MC_216:Inferior collicular neurons,Ex_Tfap2d_Npffr1,Ex_Tfap2d_Npffr1_MB,Ex_Tfap2d_Npffr1_MB
Ex_Tfap2d_Npffr1_2,neuron,MB,VGLUT2,MC_216:Inferior collicular neurons,Ex_Tfap2d_Npffr1,Ex_Tfap2d_Npffr1_MB,Ex_Tfap2d_Npffr1_MB
Ex_Tfap2d_Il23r_Pou4f2,neuron,MB,VGLUT2,MC_216:Inferior collicular neurons,Ex_Tfap2d_Il23r_Pou4f2,Ex_Tfap2d_Il23r_Pou4f2_MB,Ex_Tfap2d_Il23r_Pou4f2_MB
Ex_Tfap2d_Atp6ap1l_1,neuron,MB,VGLUT2,MC_216:Inferior collicular neurons,Ex_Tfap2d_Atp6ap1l,Ex_Tfap2d_Atp6ap1l_MB,Ex_Tfap2d_Atp6ap1l_MB
Ex_Tfap2d_Atp6ap1l_2,neuron,MB,VGLUT2,MC_216:Inferior collicular neurons,Ex_Tfap2d_Atp6ap1l,Ex_Tfap2d_Atp6ap1l_MB,Ex_Tfap2d_Atp6ap1l_MB
Ex_Tfap2d_Atp6ap1l_3,neuron,MB,VGLUT2,MC_216:Inferior collicular neurons,Ex_Tfap2d_Atp6ap1l,Ex_Tfap2d_Atp6ap1l_MB,Ex_Tfap2d_Atp6ap1l_MB
Ex_Tfap2d_Atp6ap1l_4,neuron,MB,VGLUT2,MC_216:Inferior collicular neurons,Ex_Tfap2d_Atp6ap1l,Ex_Tfap2d_Atp6ap1l_MB,Ex_Tfap2d_Atp6ap1l_MB
Ex_Tfap2d_Atp6ap1l_5,neuron,MB,VGLUT2,MC_216:Inferior collicular neurons,Ex_Tfap2d_Atp6ap1l,Ex_Tfap2d_Atp6ap1l_MB,Ex_Tfap2d_Atp6ap1l_MB
Ex_Tfap2d_Atp6ap1l_6,neuron,MB,VGLUT2,MC_216:Inferior collicular neurons,Ex_Tfap2d_Atp6ap1l,Ex_Tfap2d_Atp6ap1l_MB,Ex_Tfap2d_Atp6ap1l_MB
Ex_Tfap2d_Fst,neuron,MB,VGLUT2,MC_216:Inferior collicular neurons,Ex_Tfap2d_Fst,Ex_Tfap2d_Fst_MB,Ex_Tfap2d_Fst_MB
Ex_Tfap2d_Gask1b_1,neuron,MB,VGLUT2,MC_216:Inferior collicular neurons,Ex_Tfap2d_Gask1b,Ex_Tfap2d_Gask1b_MB,Ex_Tfap2d_Gask1b_MB
Ex_Tfap2d_Gask1b_2,neuron,MB,VGLUT2,MC_216:Inferior collicular neurons,Ex_Tfap2d_Gask1b,Ex_Tfap2d_Gask1b_MB,Ex_Tfap2d_Gask1b_MB
Ex_Tfap2d_Gask1b_3,neuron,MB,VGLUT2,MC_216:Inferior collicular neurons,Ex_Tfap2d_Gask1b,Ex_Tfap2d_Gask1b_MB,Ex_Tfap2d_Gask1b_MB
Ex_Tfap2d_Atp6ap1l_7,neuron,MB,VGLUT2,MC_216:Inferior collicular neurons,Ex_Tfap2d_Atp6ap1l,Ex_Tfap2d_Atp6ap1l_MB,Ex_Tfap2d_Atp6ap1l_MB
Ex_Tfap2d_Aox3,neuron,MB,VGLUT2,MC_216:Inferior collicular neurons,Ex_Tfap2d_Aox3,Ex_Tfap2d_Aox3_MB,Ex_Tfap2d_Aox3_MB
Ex_Tfap2d_P2ry1,neuron,MB,VGLUT2,MC_216:Inferior collicular neurons,Ex_Tfap2d_P2ry1,Ex_Tfap2d_P2ry1_MB,Ex_Tfap2d_P2ry1_MB
Ex_Tfap2d_Kcnk15,neuron,MB,VGLUT2,MC_216:Inferior collicular neurons,Ex_Tfap2d_Kcnk15,Ex_Tfap2d_Kcnk15_MB,Ex_Tfap2d_Kcnk15_MB
Ex_Tfap2d_Hspg2,neuron,MB,VGLUT2,MC_216:Inferior collicular neurons,Ex_Tfap2d_Hspg2,Ex_Tfap2d_Hspg2_MB,Ex_Tfap2d_Hspg2_MB
Ex_Tfap2d_Casq2,neuron,MB,VGLUT2,MC_216:Inferior collicular neurons,Ex_Tfap2d_Casq2,Ex_Tfap2d_Casq2_MB,Ex_Tfap2d_Casq2_MB
Ex_Tfap2d_Npr1_1,neuron,MB,VGLUT2,MC_216:Inferior collicular neurons,Ex_Tfap2d_Npr1,Ex_Tfap2d_Npr1_MB,Ex_Tfap2d_Npr1_MB
Ex_Tfap2d_Npr1_2,neuron,MB,VGLUT2,MC_216:Inferior collicular neurons,Ex_Tfap2d_Npr1,Ex_Tfap2d_Npr1_MB,Ex_Tfap2d_Npr1_MB
Ex_Tfap2d_Ccdc121,neuron,MB,VGLUT2,MC_216:Inferior collicular neurons,Ex_Tfap2d_Ccdc121,Ex_Tfap2d_Ccdc121_MB,Ex_Tfap2d_Ccdc121_MB
Ex_Tfap2d_Enpep,neuron,MB,VGLUT2,MC_216:Inferior collicular neurons,Ex_Tfap2d_Enpep,Ex_Tfap2d_Enpep_MB,Ex_Tfap2d_Enpep_MB
Ex_Tfap2d_Ctsc,neuron,MB,VGLUT2,MC_216:Inferior collicular neurons,Ex_Tfap2d_Ctsc,Ex_Tfap2d_Ctsc_MB,Ex_Tfap2d_Ctsc_MB
Ex_Tfap2d_A730009L09Rik,neuron,MB,VGLUT2,MC_216:Inferior collicular neurons,Ex_Tfap2d_A730009L09Rik,Ex_Tfap2d_A730009L09Rik_MB,Ex_Tfap2d_A730009L09Rik_MB
Ex_Tfap2d_Crhr2_1,neuron,MB,VGLUT2,MC_201:PAG and SCm neurons,Ex_Tfap2d_Crhr2,Ex_Tfap2d_Crhr2_MB,Ex_Tfap2d_Crhr2_MB
Ex_Tfap2d_Crhr2_2,neuron,MB,VGLUT2,MC_201:PAG and SCm neurons,Ex_Tfap2d_Crhr2,Ex_Tfap2d_Crhr2_MB,Ex_Tfap2d_Crhr2_MB
Ex_Tfap2d_Crhr2_3,neuron,MB,VGLUT2,MC_201:PAG and SCm neurons,Ex_Tfap2d_Crhr2,Ex_Tfap2d_Crhr2_MB,Ex_Tfap2d_Crhr2_MB
Ex_Lhx9_Tyrp1_1,neuron,P,VGLUT2,"MC_140:Pontine and medullary neurons, primarily nucleus of the lateral lemniscus",Ex_Lhx9_Tyrp1,Ex_Lhx9_Tyrp1_P,Ex_Lhx9_Tyrp1_P
Ex_Lhx9_Tyrp1_3,neuron,,VGLUT2,"MC_140:Pontine and medullary neurons, primarily nucleus of the lateral lemniscus",Ex_Lhx9_Tyrp1,Ex_Lhx9_Tyrp1,Ex_Lhx9_Tyrp1
Ex_Lhx9_Tyrp1_4,neuron,P,VGLUT2,"MC_140:Pontine and medullary neurons, primarily nucleus of the lateral lemniscus",Ex_Lhx9_Tyrp1,Ex_Lhx9_Tyrp1_P,Ex_Lhx9_Tyrp1_P
Ex_Lhx9_Tslp,neuron,P,VGLUT2,"MC_140:Pontine and medullary neurons, primarily nucleus of the lateral lemniscus",Ex_Lhx9_Tslp,Ex_Lhx9_Tslp_P,Ex_Lhx9_Tslp_P
Ex_Fbxo40_Kcnk5_1,neuron,P,VGLUT2,"MC_140:Pontine and medullary neurons, primarily nucleus of the lateral lemniscus",Ex_Fbxo40_Kcnk5,Ex_Fbxo40_Kcnk5_P,Ex_Fbxo40_Kcnk5_P
Ex_Fbxo40_Kcnk5_2,neuron,P,VGLUT2,"MC_140:Pontine and medullary neurons, primarily nucleus of the lateral lemniscus",Ex_Fbxo40_Kcnk5,Ex_Fbxo40_Kcnk5_P,Ex_Fbxo40_Kcnk5_P
Ex_Lhx9_Ripk4,neuron,P,VGLUT2,"MC_140:Pontine and medullary neurons, primarily nucleus of the lateral lemniscus",Ex_Lhx9_Ripk4,Ex_Lhx9_Ripk4_P,Ex_Lhx9_Ripk4_P
Ex_Lhx9_Mcoln2,neuron,P,VGLUT2,MC_139:Pontine and medullary neurons,Ex_Lhx9_Mcoln2,Ex_Lhx9_Mcoln2_P,Ex_Lhx9_Mcoln2_P
Ex_Lhx9_Chrm1_1,neuron,P,VGLUT2,"MC_140:Pontine and medullary neurons, primarily nucleus of the lateral lemniscus",Ex_Lhx9_Chrm1,Ex_Lhx9_Chrm1_P,Ex_Lhx9_Chrm1_P
Ex_Lhx9_Chrm1_2,neuron,MB,VGLUT2,"MC_140:Pontine and medullary neurons, primarily nucleus of the lateral lemniscus",Ex_Lhx9_Chrm1,Ex_Lhx9_Chrm1_MB,Ex_Lhx9_Chrm1_MB
Ex_Evx2_Prdm6_1,neuron,MB,VGLUT2,"MC_140:Pontine and medullary neurons, primarily nucleus of the lateral lemniscus",Ex_Evx2_Prdm6,Ex_Evx2_Prdm6_MB,Ex_Evx2_Prdm6_MB
Ex_Evx2_Prdm6_2,neuron,MB,VGLUT2,"MC_140:Pontine and medullary neurons, primarily nucleus of the lateral lemniscus",Ex_Evx2_Prdm6,Ex_Evx2_Prdm6_MB,Ex_Evx2_Prdm6_MB
Ex_Evx2_Prdm6_3,neuron,P,VGLUT2,"MC_140:Pontine and medullary neurons, primarily nucleus of the lateral lemniscus",Ex_Evx2_Prdm6,Ex_Evx2_Prdm6_P,Ex_Evx2_Prdm6_P
Ex_Lhx2_Mafa,neuron,MB,VGLUT2,"MC_215:Superior collicular, motor area neurons",Ex_Lhx2_Mafa,Ex_Lhx2_Mafa_MB,Ex_Lhx2_Mafa_MB
Inh_Gata3_Olfr48_1,neuron,MY,GLY,MC_123:Pontine and medullary neurons,Inh_Gata3_Olfr48,Inh_Gata3_Olfr48_MY,Inh_Gata3_Olfr48_MY
Inh_Gata3_Olfr48_2,neuron,MY,GLY,MC_123:Pontine and medullary neurons,Inh_Gata3_Olfr48,Inh_Gata3_Olfr48_MY,Inh_Gata3_Olfr48_MY
Inh_Gata3_Olfr48_3,neuron,MY,GLY,MC_123:Pontine and medullary neurons,Inh_Gata3_Olfr48,Inh_Gata3_Olfr48_MY,Inh_Gata3_Olfr48_MY
Inh_Gata3_Olfr48_4,neuron,MY,GLY,MC_123:Pontine and medullary neurons,Inh_Gata3_Olfr48,Inh_Gata3_Olfr48_MY,Inh_Gata3_Olfr48_MY
Inh_Gata3_Olfr48_5,neuron,MY,GLY,MC_123:Pontine and medullary neurons,Inh_Gata3_Olfr48,Inh_Gata3_Olfr48_MY,Inh_Gata3_Olfr48_MY
Inh_Gata3_Mmrn1,neuron,,GLY,MC_123:Pontine and medullary neurons,Inh_Gata3_Mmrn1,Inh_Gata3_Mmrn1,Inh_Gata3_Mmrn1
Inh_Gata3_Olfr48_6,neuron,MY,GLY,MC_123:Pontine and medullary neurons,Inh_Gata3_Olfr48,Inh_Gata3_Olfr48_MY,Inh_Gata3_Olfr48_MY
Inh_Gata3_Sall1_1,neuron,MY,GLY,MC_123:Pontine and medullary neurons,Inh_Gata3_Sall1,Inh_Gata3_Sall1_MY,Inh_Gata3_Sall1_MY
Inh_Gata3_Sall1_2,neuron,MY,GLY,MC_123:Pontine and medullary neurons,Inh_Gata3_Sall1,Inh_Gata3_Sall1_MY,Inh_Gata3_Sall1_MY
Inh_Gata3_Sall1_3,neuron,MY,GLY,MC_123:Pontine and medullary neurons,Inh_Gata3_Sall1,Inh_Gata3_Sall1_MY,Inh_Gata3_Sall1_MY
Inh_Gata3_Sall1_4,neuron,MY,GLY,MC_123:Pontine and medullary neurons,Inh_Gata3_Sall1,Inh_Gata3_Sall1_MY,Inh_Gata3_Sall1_MY
Inh_Gata3_Sall1_5,neuron,MY,GLY,MC_123:Pontine and medullary neurons,Inh_Gata3_Sall1,Inh_Gata3_Sall1_MY,Inh_Gata3_Sall1_MY
Inh_Gata3_Sall1_6,neuron,MY,GLY,MC_123:Pontine and medullary neurons,Inh_Gata3_Sall1,Inh_Gata3_Sall1_MY,Inh_Gata3_Sall1_MY
Inh_Gata3_Sall1_7,neuron,MY,GLY,MC_123:Pontine and medullary neurons,Inh_Gata3_Sall1,Inh_Gata3_Sall1_MY,Inh_Gata3_Sall1_MY
Inh_Gata3_Sall1_8,neuron,MY,GLY,MC_123:Pontine and medullary neurons,Inh_Gata3_Sall1,Inh_Gata3_Sall1_MY,Inh_Gata3_Sall1_MY
Inh_Gata3_Sall1_9,neuron,MY,GLY,MC_123:Pontine and medullary neurons,Inh_Gata3_Sall1,Inh_Gata3_Sall1_MY,Inh_Gata3_Sall1_MY
Inh_Gata3_Svs5,neuron,MY,GLY,MC_123:Pontine and medullary neurons,Inh_Gata3_Svs5,Inh_Gata3_Svs5_MY,Inh_Gata3_Svs5_MY
Inh_Gata3_Lum,neuron,MY,GLY,MC_123:Pontine and medullary neurons,Inh_Gata3_Lum,Inh_Gata3_Lum_MY,Inh_Gata3_Lum_MY
Inh_Gata3_Gxylt2_1,neuron,MY,GLY,MC_123:Pontine and medullary neurons,Inh_Gata3_Gxylt2,Inh_Gata3_Gxylt2_MY,Inh_Gata3_Gxylt2_MY
Inh_Gata3_Gxylt2_2,neuron,MY,GLY,MC_123:Pontine and medullary neurons,Inh_Gata3_Gxylt2,Inh_Gata3_Gxylt2_MY,Inh_Gata3_Gxylt2_MY
Inh_Gata3_Gxylt2_3,neuron,MY,GLY,MC_123:Pontine and medullary neurons,Inh_Gata3_Gxylt2,Inh_Gata3_Gxylt2_MY,Inh_Gata3_Gxylt2_MY
Inh_Gata3_Gxylt2_4,neuron,MY,GLY,MC_123:Pontine and medullary neurons,Inh_Gata3_Gxylt2,Inh_Gata3_Gxylt2_MY,Inh_Gata3_Gxylt2_MY
Inh_Gata3_Gxylt2_5,neuron,MY,GLY,MC_123:Pontine and medullary neurons,Inh_Gata3_Gxylt2,Inh_Gata3_Gxylt2_MY,Inh_Gata3_Gxylt2_MY
Inh_Gata3_Klf4,neuron,MY,GLY,MC_123:Pontine and medullary neurons,Inh_Gata3_Klf4,Inh_Gata3_Klf4_MY,Inh_Gata3_Klf4_MY
Inh_Gata3_Gm11639_1,neuron,MY,GLY,MC_123:Pontine and medullary neurons,Inh_Gata3_Gm11639,Inh_Gata3_Gm11639_MY,Inh_Gata3_Gm11639_MY
Inh_Gata3_Gm11639_2,neuron,MY,GLY,MC_123:Pontine and medullary neurons,Inh_Gata3_Gm11639,Inh_Gata3_Gm11639_MY,Inh_Gata3_Gm11639_MY
Inh_Pax5_Gdf10_1,neuron,P,GLY,MC_117:Pontine and medullary neurons,Inh_Pax5_Gdf10,Inh_Pax5_Gdf10_P,Inh_Pax5_Gdf10_P
Inh_Pax5_Gdf10_2,neuron,P,GABA,MC_117:Pontine and medullary neurons,Inh_Pax5_Gdf10,Inh_Pax5_Gdf10_P,Inh_Pax5_Gdf10_P
Inh_Pax5_Olig3_1,neuron,MY,GABA,MC_117:Pontine and medullary neurons,Inh_Pax5_Olig3,Inh_Pax5_Olig3_MY,Inh_Pax5_Olig3_MY
Inh_Pax5_Olig3_2,neuron,MY,GABA,MC_117:Pontine and medullary neurons,Inh_Pax5_Olig3,Inh_Pax5_Olig3_MY,Inh_Pax5_Olig3_MY
Inh_Bhlhe22_Chrna2,neuron,P,GABA,MC_117:Pontine and medullary neurons,Inh_Bhlhe22_Chrna2,Inh_Bhlhe22_Chrna2_P,Inh_Bhlhe22_Chrna2_P
Inh_Bhlhe22_Crh,neuron,P,GABA,"MC_99:Pontine and medullary neurons, primarily raphe",Inh_Bhlhe22_Crh,Inh_Bhlhe22_Crh_P,Inh_Bhlhe22_Crh_P
Inh_Bhlhe22_Cdh23_1,neuron,P,GABA,"MC_99:Pontine and medullary neurons, primarily raphe",Inh_Bhlhe22_Cdh23,Inh_Bhlhe22_Cdh23_P,Inh_Bhlhe22_Cdh23_P
Inh_Bhlhe22_Cdh23_2,neuron,P,GABA,"MC_99:Pontine and medullary neurons, primarily raphe",Inh_Bhlhe22_Cdh23,Inh_Bhlhe22_Cdh23_P,Inh_Bhlhe22_Cdh23_P
Inh_Ebf2_Stc1_1,neuron,P,GABA,MC_108:Pontine and medullary neurons,Inh_Ebf2_Stc1,Inh_Ebf2_Stc1_P,Inh_Ebf2_Stc1_P
Inh_Ebf2_Stc1_2,neuron,P,GABA,MC_108:Pontine and medullary neurons,Inh_Ebf2_Stc1,Inh_Ebf2_Stc1_P,Inh_Ebf2_Stc1_P
Inh_Ebf2_Stc1_3,neuron,P,GABA,MC_108:Pontine and medullary neurons,Inh_Ebf2_Stc1,Inh_Ebf2_Stc1_P,Inh_Ebf2_Stc1_P
Inh_Ebf2_Chrna5_1,neuron,MB,GABA,MC_108:Pontine and medullary neurons,Inh_Ebf2_Chrna5,Inh_Ebf2_Chrna5_MB,Inh_Ebf2_Chrna5_MB
Inh_Ebf2_Chrna5_2,neuron,MB,GABA,MC_108:Pontine and medullary neurons,Inh_Ebf2_Chrna5,Inh_Ebf2_Chrna5_MB,Inh_Ebf2_Chrna5_MB
Inh_Pou6f2_Postn,neuron,P,GABA,"MC_99:Pontine and medullary neurons, primarily raphe",Inh_Pou6f2_Postn,Inh_Pou6f2_Postn_P,Inh_Pou6f2_Postn_P
Inh_Pou6f2_Fst,neuron,P,GLY,"MC_99:Pontine and medullary neurons, primarily raphe",Inh_Pou6f2_Fst,Inh_Pou6f2_Fst_P,Inh_Pou6f2_Fst_P
Ex_Phox2b_Abcc6,neuron,CB,VGLUT2,"MC_164:Pontine and medullary neurons, primarily nucleus solitarius",Ex_Phox2b_Abcc6,Ex_Phox2b_Abcc6_CB,Ex_Phox2b_Abcc6_CB
Ex_Phox2b_Prok1,neuron,,VGLUT2,"MC_164:Pontine and medullary neurons, primarily nucleus solitarius",Ex_Phox2b_Prok1,Ex_Phox2b_Prok1,Ex_Phox2b_Prok1
Ex_Phox2b_Ghsr_1,neuron,CB,VGLUT2,"MC_164:Pontine and medullary neurons, primarily nucleus solitarius",Ex_Phox2b_Ghsr,Ex_Phox2b_Ghsr_CB,Ex_Phox2b_Ghsr_CB
Ex_Phox2b_Ghsr_2,neuron,CB,VGLUT2,"MC_164:Pontine and medullary neurons, primarily nucleus solitarius",Ex_Phox2b_Ghsr,Ex_Phox2b_Ghsr_CB,Ex_Phox2b_Ghsr_CB
Ex_Phox2b_Olfr560,neuron,,VGLUT2,"MC_164:Pontine and medullary neurons, primarily nucleus solitarius",Ex_Phox2b_Olfr560,Ex_Phox2b_Olfr560,Ex_Phox2b_Olfr560
Ex_Phox2b_Tmem100,neuron,,VGLUT2,"MC_164:Pontine and medullary neurons, primarily nucleus solitarius",Ex_Phox2b_Tmem100,Ex_Phox2b_Tmem100,Ex_Phox2b_Tmem100
Ex_Phox2b_Shisa3,neuron,P,VGLUT2,"MC_164:Pontine and medullary neurons, primarily nucleus solitarius",Ex_Phox2b_Shisa3,Ex_Phox2b_Shisa3_P,Ex_Phox2b_Shisa3_P
Ex_Phox2b_Clca3a2,neuron,P,VGLUT2,"MC_164:Pontine and medullary neurons, primarily nucleus solitarius",Ex_Phox2b_Clca3a2,Ex_Phox2b_Clca3a2_P,Ex_Phox2b_Clca3a2_P
Ex_Phox2b_Card11,neuron,MB,VGLUT2,"MC_164:Pontine and medullary neurons, primarily nucleus solitarius",Ex_Phox2b_Card11,Ex_Phox2b_Card11_MB,Ex_Phox2b_Card11_MB
Ex_Phox2b_Sh2d6,neuron,CB,VGLUT2,"MC_164:Pontine and medullary neurons, primarily nucleus solitarius",Ex_Phox2b_Sh2d6,Ex_Phox2b_Sh2d6_CB,Ex_Phox2b_Sh2d6_CB
Ex_Phox2b_Col5a2_Pdyn,neuron,MY,VGLUT2,"MC_164:Pontine and medullary neurons, primarily nucleus solitarius",Ex_Phox2b_Col5a2_Pdyn,Ex_Phox2b_Col5a2_Pdyn_MY,Ex_Phox2b_Col5a2_Pdyn_MY
Ex_Phox2b_Afp,neuron,CB,VGLUT2,"MC_164:Pontine and medullary neurons, primarily nucleus solitarius",Ex_Phox2b_Afp,Ex_Phox2b_Afp_CB,Ex_Phox2b_Afp_CB
Ex_Phox2b_Tmem114,neuron,,VGLUT2,"MC_164:Pontine and medullary neurons, primarily nucleus solitarius",Ex_Phox2b_Tmem114,Ex_Phox2b_Tmem114,Ex_Phox2b_Tmem114
Ex_Phox2b_Dkk2_1,neuron,P,VGLUT2,"MC_164:Pontine and medullary neurons, primarily nucleus solitarius",Ex_Phox2b_Dkk2,Ex_Phox2b_Dkk2_P,Ex_Phox2b_Dkk2_P
Ex_Phox2b_Dkk2_2,neuron,CB,VGLUT2,"MC_164:Pontine and medullary neurons, primarily nucleus solitarius",Ex_Phox2b_Dkk2,Ex_Phox2b_Dkk2_CB,Ex_Phox2b_Dkk2_CB
Ex_Phox2b_Dkk2_3,neuron,,VGLUT2,"MC_164:Pontine and medullary neurons, primarily nucleus solitarius",Ex_Phox2b_Dkk2,Ex_Phox2b_Dkk2,Ex_Phox2b_Dkk2
Ex_Phox2b_Cd36,neuron,CB,VGLUT2,"MC_164:Pontine and medullary neurons, primarily nucleus solitarius",Ex_Phox2b_Cd36,Ex_Phox2b_Cd36_CB,Ex_Phox2b_Cd36_CB
Ex_Phox2b_Hhip_1,neuron,P,VGLUT2,"MC_164:Pontine and medullary neurons, primarily nucleus solitarius",Ex_Phox2b_Hhip,Ex_Phox2b_Hhip_P,Ex_Phox2b_Hhip_P
Ex_Phox2b_Hhip_2,neuron,MY,VGLUT2,"MC_164:Pontine and medullary neurons, primarily nucleus solitarius",Ex_Phox2b_Hhip,Ex_Phox2b_Hhip_MY,Ex_Phox2b_Hhip_MY
Ex_Phox2a_Cyp26b1_1,neuron,,VGLUT2,"MC_164:Pontine and medullary neurons, primarily nucleus solitarius",Ex_Phox2a_Cyp26b1,Ex_Phox2a_Cyp26b1,Ex_Phox2a_Cyp26b1
Ex_Phox2a_Cyp26b1_2,neuron,,VGLUT2,"MC_164:Pontine and medullary neurons, primarily nucleus solitarius",Ex_Phox2a_Cyp26b1,Ex_Phox2a_Cyp26b1,Ex_Phox2a_Cyp26b1
Ex_Phox2a_Npy4r_1,neuron,,VGLUT2_NOR,"MC_164:Pontine and medullary neurons, primarily nucleus solitarius",Ex_Phox2a_Npy4r,Ex_Phox2a_Npy4r,Ex_Phox2a_Npy4r
CholEx_Phox2a_Npy4r,neuron,,VGLUT2_CHOL,"MC_164:Pontine and medullary neurons, primarily nucleus solitarius",CholEx_Phox2a_Npy4r,CholEx_Phox2a_Npy4r,CholEx_Phox2a_Npy4r
Ex_Phox2a_Qrfpr,neuron,,VGLUT2,"MC_164:Pontine and medullary neurons, primarily nucleus solitarius",Ex_Phox2a_Qrfpr,Ex_Phox2a_Qrfpr,Ex_Phox2a_Qrfpr
Ex_Phox2a_Fam83b,neuron,,VGLUT2,"MC_164:Pontine and medullary neurons, primarily nucleus solitarius",Ex_Phox2a_Fam83b,Ex_Phox2a_Fam83b,Ex_Phox2a_Fam83b
Inh_Tfap2b_Postn_1,neuron,MY,GLY,MC_126:Pontine and medullary neurons,Inh_Tfap2b_Postn,Inh_Tfap2b_Postn_MY,Inh_Tfap2b_Postn_MY
Inh_Tfap2b_Postn_2,neuron,MY,GLY,MC_126:Pontine and medullary neurons,Inh_Tfap2b_Postn,Inh_Tfap2b_Postn_MY,Inh_Tfap2b_Postn_MY
Inh_Tfap2b_Acsm2,neuron,MY,GLY,MC_126:Pontine and medullary neurons,Inh_Tfap2b_Acsm2,Inh_Tfap2b_Acsm2_MY,Inh_Tfap2b_Acsm2_MY
Inh_Tfap2b_Erfl_1,neuron,MY,GLY,MC_126:Pontine and medullary neurons,Inh_Tfap2b_Erfl,Inh_Tfap2b_Erfl_MY,Inh_Tfap2b_Erfl_MY
Inh_Tfap2b_Erfl_2,neuron,MY,GLY,MC_126:Pontine and medullary neurons,Inh_Tfap2b_Erfl,Inh_Tfap2b_Erfl_MY,Inh_Tfap2b_Erfl_MY
Inh_Tfap2b_Erfl_3,neuron,,GLY,MC_126:Pontine and medullary neurons,Inh_Tfap2b_Erfl,Inh_Tfap2b_Erfl,Inh_Tfap2b_Erfl
Inh_Tfap2b_Vip_1,neuron,,GLY,MC_126:Pontine and medullary neurons,Inh_Tfap2b_Vip,Inh_Tfap2b_Vip,Inh_Tfap2b_Vip
Inh_Tfap2b_Vip_2,neuron,,GLY,MC_126:Pontine and medullary neurons,Inh_Tfap2b_Vip,Inh_Tfap2b_Vip,Inh_Tfap2b_Vip
Inh_Tfap2b_Aym1_1,neuron,MY,GLY,MC_126:Pontine and medullary neurons,Inh_Tfap2b_Aym1,Inh_Tfap2b_Aym1_MY,Inh_Tfap2b_Aym1_MY
Inh_Tfap2b_Aym1_2,neuron,MY,GLY,MC_126:Pontine and medullary neurons,Inh_Tfap2b_Aym1,Inh_Tfap2b_Aym1_MY,Inh_Tfap2b_Aym1_MY
Inh_Tfap2b_Cyp26b1_1,neuron,MY,GLY,MC_126:Pontine and medullary neurons,Inh_Tfap2b_Cyp26b1,Inh_Tfap2b_Cyp26b1_MY,Inh_Tfap2b_Cyp26b1_MY
Inh_Tfap2b_Cyp26b1_2,neuron,MY,GABA,MC_126:Pontine and medullary neurons,Inh_Tfap2b_Cyp26b1,Inh_Tfap2b_Cyp26b1_MY,Inh_Tfap2b_Cyp26b1_MY
Inh_Tfap2b_Il7_1,neuron,MY,GABA,MC_126:Pontine and medullary neurons,Inh_Tfap2b_Il7,Inh_Tfap2b_Il7_MY,Inh_Tfap2b_Il7_MY
Inh_Tfap2b_Il7_2,neuron,MB,GLY,MC_126:Pontine and medullary neurons,Inh_Tfap2b_Il7,Inh_Tfap2b_Il7_MB,Inh_Tfap2b_Il7_MB
Inh_Tfap2b_Papln,neuron,MY,GLY,MC_126:Pontine and medullary neurons,Inh_Tfap2b_Papln,Inh_Tfap2b_Papln_MY,Inh_Tfap2b_Papln_MY
Ex_Nkx2-2_Robo3_1,neuron,MB,VGLUT2,MC_189:Hypothalamic and tegmental neurons,Ex_Nkx2-2_Robo3,Ex_Nkx2-2_Robo3_MB,Ex_Nkx2-2_Robo3_MB
Ex_Nkx2-2_Robo3_2,neuron,MB,VGLUT2,MC_189:Hypothalamic and tegmental neurons,Ex_Nkx2-2_Robo3,Ex_Nkx2-2_Robo3_MB,Ex_Nkx2-2_Robo3_MB
Ex_Foxb1_Ctxn3_1,neuron,MY,VGLUT2,"MC_158:Medullary neurons, primarily vestibular nuclei",Ex_Foxb1_Ctxn3,Ex_Foxb1_Ctxn3_MY,Ex_Foxb1_Ctxn3_MY
Ex_Foxb1_Ctxn3_2,neuron,MY,VGLUT2,"MC_158:Medullary neurons, primarily vestibular nuclei",Ex_Foxb1_Ctxn3,Ex_Foxb1_Ctxn3_MY,Ex_Foxb1_Ctxn3_MY
Ex_Foxb1_Ctxn3_3,neuron,MY,VGLUT2,"MC_158:Medullary neurons, primarily vestibular nuclei",Ex_Foxb1_Ctxn3,Ex_Foxb1_Ctxn3_MY,Ex_Foxb1_Ctxn3_MY
CholEx_Foxb1_Ctxn3,neuron,MY,VGLUT2_CHOL,"MC_158:Medullary neurons, primarily vestibular nuclei",CholEx_Foxb1_Ctxn3,CholEx_Foxb1_Ctxn3_MY,CholEx_Foxb1_Ctxn3_MY
Ex_Pax2_Nr5a2_1,neuron,MY,VGLUT2,"MC_158:Medullary neurons, primarily vestibular nuclei",Ex_Pax2_Nr5a2,Ex_Pax2_Nr5a2_MY,Ex_Pax2_Nr5a2_MY
Ex_Pax2_Nr5a2_2,neuron,MY,VGLUT2,"MC_158:Medullary neurons, primarily vestibular nuclei",Ex_Pax2_Nr5a2,Ex_Pax2_Nr5a2_MY,Ex_Pax2_Nr5a2_MY
CholEx_Pax2_Muc16,neuron,MY,VGLUT2_CHOL,"MC_158:Medullary neurons, primarily vestibular nuclei",CholEx_Pax2_Muc16,CholEx_Pax2_Muc16_MY,CholEx_Pax2_Muc16_MY
Ex_Pax2_Chat,neuron,MY,VGLUT2,MC_157:Pontine and medullary reticular neurons,Ex_Pax2_Chat,Ex_Pax2_Chat_MY,Ex_Pax2_Chat_MY
Ex_Pax2_Sprr2b,neuron,MY,VGLUT2,MC_157:Pontine and medullary reticular neurons,Ex_Pax2_Sprr2b,Ex_Pax2_Sprr2b_MY,Ex_Pax2_Sprr2b_MY
Ex_Lhx9_Pi4k2b,neuron,MY,VGLUT2,"MC_156:Medullary neurons, primarily vestibular nuclei",Ex_Lhx9_Pi4k2b,Ex_Lhx9_Pi4k2b_MY,Ex_Lhx9_Pi4k2b_MY
Ex_Lhx9_Lacc1,neuron,MY,VGLUT2,"MC_156:Medullary neurons, primarily vestibular nuclei",Ex_Lhx9_Lacc1,Ex_Lhx9_Lacc1_MY,Ex_Lhx9_Lacc1_MY
CholEx_Lhx9_Lacc1,neuron,,VGLUT2_CHOL,"MC_156:Medullary neurons, primarily vestibular nuclei",CholEx_Lhx9_Lacc1,CholEx_Lhx9_Lacc1,CholEx_Lhx9_Lacc1
CholEx_Lhx9_Evx2_Crabp1,neuron,MY,VGLUT2_CHOL,"MC_156:Medullary neurons, primarily vestibular nuclei",CholEx_Lhx9_Evx2_Crabp1,CholEx_Lhx9_Evx2_Crabp1_MY,CholEx_Lhx9_Evx2_Crabp1_MY
Ex_Fezf1_Bnc2_1,neuron,HY,VGLUT2,MC_213:Mediobasilar hypothalamic neurons,Ex_Fezf1_Bnc2,Ex_Fezf1_Bnc2_HY,Ex_Fezf1_Bnc2_HY
Ex_Fezf1_Bnc2_2,neuron,HY,VGLUT2,MC_213:Mediobasilar hypothalamic neurons,Ex_Fezf1_Bnc2,Ex_Fezf1_Bnc2_HY,Ex_Fezf1_Bnc2_HY
Ex_Fezf1_Bnc2_3,neuron,HY,VGLUT2,MC_213:Mediobasilar hypothalamic neurons,Ex_Fezf1_Bnc2,Ex_Fezf1_Bnc2_HY,Ex_Fezf1_Bnc2_HY
Inh_Fbxl7_Frem1_1,neuron,MY,GLY,MC_124:Pontine and medullary neurons,Inh_Fbxl7_Frem1,Inh_Fbxl7_Frem1_MY,Inh_Fbxl7_Frem1_MY
Inh_Fbxl7_Frem1_2,neuron,MY,GLY,MC_124:Pontine and medullary neurons,Inh_Fbxl7_Frem1,Inh_Fbxl7_Frem1_MY,Inh_Fbxl7_Frem1_MY
Inh_Fbxl7_Fst,neuron,MY,GLY,MC_124:Pontine and medullary neurons,Inh_Fbxl7_Fst,Inh_Fbxl7_Fst_MY,Inh_Fbxl7_Fst_MY
Inh_Fbxl7_Col6a1_1,neuron,MY,GLY,MC_124:Pontine and medullary neurons,Inh_Fbxl7_Col6a1,Inh_Fbxl7_Col6a1_MY,Inh_Fbxl7_Col6a1_MY
Inh_Fbxl7_Col6a1_2,neuron,MY,GLY,MC_124:Pontine and medullary neurons,Inh_Fbxl7_Col6a1,Inh_Fbxl7_Col6a1_MY,Inh_Fbxl7_Col6a1_MY
Inh_Fbxl7_Tnc,neuron,MY,GLY,MC_124:Pontine and medullary neurons,Inh_Fbxl7_Tnc,Inh_Fbxl7_Tnc_MY,Inh_Fbxl7_Tnc_MY
Inh_Fbxl7_Cyp26b1,neuron,MY,GLY,MC_124:Pontine and medullary neurons,Inh_Fbxl7_Cyp26b1,Inh_Fbxl7_Cyp26b1_MY,Inh_Fbxl7_Cyp26b1_MY
Inh_Fbxl7_C7,neuron,MY,GLY,MC_124:Pontine and medullary neurons,Inh_Fbxl7_C7,Inh_Fbxl7_C7_MY,Inh_Fbxl7_C7_MY
Inh_Fbxl7_Stpg2_1,neuron,MY,GLY,MC_124:Pontine and medullary neurons,Inh_Fbxl7_Stpg2,Inh_Fbxl7_Stpg2_MY,Inh_Fbxl7_Stpg2_MY
Inh_Fbxl7_Stpg2_2,neuron,MY,GLY,MC_124:Pontine and medullary neurons,Inh_Fbxl7_Stpg2,Inh_Fbxl7_Stpg2_MY,Inh_Fbxl7_Stpg2_MY
Inh_Fbxl7_Stpg2_3,neuron,MY,GLY,MC_124:Pontine and medullary neurons,Inh_Fbxl7_Stpg2,Inh_Fbxl7_Stpg2_MY,Inh_Fbxl7_Stpg2_MY
Inh_Fbxl7_Adad2_1,neuron,,GABA,MC_144:Medulary vestibular neurons,Inh_Fbxl7_Adad2,Inh_Fbxl7_Adad2,Inh_Fbxl7_Adad2
Inh_Fbxl7_Adad2_2,neuron,,GLY,MC_144:Medulary vestibular neurons,Inh_Fbxl7_Adad2,Inh_Fbxl7_Adad2,Inh_Fbxl7_Adad2
Inh_Fbxl7_Adad2_3,neuron,MY,GABA,MC_144:Medulary vestibular neurons,Inh_Fbxl7_Adad2,Inh_Fbxl7_Adad2_MY,Inh_Fbxl7_Adad2_MY
Inh_Fbxl7_Nccrp1,neuron,,GLY,MC_144:Medulary vestibular neurons,Inh_Fbxl7_Nccrp1,Inh_Fbxl7_Nccrp1,Inh_Fbxl7_Nccrp1
Inh_Fbxl7_Bmp4,neuron,MY,GLY,MC_144:Medulary vestibular neurons,Inh_Fbxl7_Bmp4,Inh_Fbxl7_Bmp4_MY,Inh_Fbxl7_Bmp4_MY
Inh_Dmbx1_Slc17a8,neuron,MY,VGLUT3_GLY,MC_144:Medulary vestibular neurons,Inh_Dmbx1_Slc17a8,Inh_Dmbx1_Slc17a8_MY,Inh_Dmbx1_Slc17a8_MY
Inh_Fbxl7_Pkhd1l1,neuron,,GLY,MC_144:Medulary vestibular neurons,Inh_Fbxl7_Pkhd1l1,Inh_Fbxl7_Pkhd1l1,Inh_Fbxl7_Pkhd1l1
Inh_Fbxl7_Hpse,neuron,MY,GLY,MC_124:Pontine and medullary neurons,Inh_Fbxl7_Hpse,Inh_Fbxl7_Hpse_MY,Inh_Fbxl7_Hpse_MY
Inh_Fbxl7_Cyp11b1,neuron,MY,GABA,MC_149:Pontine and medullary neurons,Inh_Fbxl7_Cyp11b1,Inh_Fbxl7_Cyp11b1_MY,Inh_Fbxl7_Cyp11b1_MY
Inh_Fbxl7_Mab21l3,neuron,MY,GLY,MC_144:Medulary vestibular neurons,Inh_Fbxl7_Mab21l3,Inh_Fbxl7_Mab21l3_MY,Inh_Fbxl7_Mab21l3_MY
Inh_Fbxl7_Lrrc63,neuron,MY,GLY,MC_144:Medulary vestibular neurons,Inh_Fbxl7_Lrrc63,Inh_Fbxl7_Lrrc63_MY,Inh_Fbxl7_Lrrc63_MY
Inh_Foxp2_Tmem233_1,neuron,MY,GLY,MC_144:Medulary vestibular neurons,Inh_Foxp2_Tmem233,Inh_Foxp2_Tmem233_MY,Inh_Foxp2_Tmem233_MY
Inh_Foxp2_Tmem233_2,neuron,MY,GLY,MC_144:Medulary vestibular neurons,Inh_Foxp2_Tmem233,Inh_Foxp2_Tmem233_MY,Inh_Foxp2_Tmem233_MY
Inh_Foxp2_Tmem233_3,neuron,,GLY,MC_144:Medulary vestibular neurons,Inh_Foxp2_Tmem233,Inh_Foxp2_Tmem233,Inh_Foxp2_Tmem233
Inh_Foxp2_Ssc5d_1,neuron,MY,GLY,MC_144:Medulary vestibular neurons,Inh_Foxp2_Ssc5d,Inh_Foxp2_Ssc5d_MY,Inh_Foxp2_Ssc5d_MY
Inh_Foxp2_Ssc5d_2,neuron,MY,GLY,MC_144:Medulary vestibular neurons,Inh_Foxp2_Ssc5d,Inh_Foxp2_Ssc5d_MY,Inh_Foxp2_Ssc5d_MY
Inh_Foxp2_Mab21l3,neuron,MY,GLY,MC_144:Medulary vestibular neurons,Inh_Foxp2_Mab21l3,Inh_Foxp2_Mab21l3_MY,Inh_Foxp2_Mab21l3_MY
Inh_Pax8_Tnnt2,neuron,MY,GLY,MC_122:Pontine and medullary neurons,Inh_Pax8_Tnnt2,Inh_Pax8_Tnnt2_MY,Inh_Pax8_Tnnt2_MY
CholInh_Pax8_Tnnt2,neuron,MY,GLY_CHOL,MC_122:Pontine and medullary neurons,CholInh_Pax8_Tnnt2,CholInh_Pax8_Tnnt2_MY,CholInh_Pax8_Tnnt2_MY
Inh_Pax8_Psd4,neuron,MY,GLY,MC_122:Pontine and medullary neurons,Inh_Pax8_Psd4,Inh_Pax8_Psd4_MY,Inh_Pax8_Psd4_MY
CholInh_Pax8_Psd4,neuron,MY,GLY_CHOL,MC_122:Pontine and medullary neurons,CholInh_Pax8_Psd4,CholInh_Pax8_Psd4_MY,CholInh_Pax8_Psd4_MY
Inh_Pax8_Sox6_1,neuron,MY,GLY,MC_122:Pontine and medullary neurons,Inh_Pax8_Sox6,Inh_Pax8_Sox6_MY,Inh_Pax8_Sox6_MY
Inh_Pax8_Sox6_2,neuron,MY,GLY,MC_122:Pontine and medullary neurons,Inh_Pax8_Sox6,Inh_Pax8_Sox6_MY,Inh_Pax8_Sox6_MY
Inh_Pax8_Sox6_3,neuron,MY,GLY,MC_122:Pontine and medullary neurons,Inh_Pax8_Sox6,Inh_Pax8_Sox6_MY,Inh_Pax8_Sox6_MY
CholInh_Pax8_Chodl,neuron,MY,GLY_CHOL,MC_122:Pontine and medullary neurons,CholInh_Pax8_Chodl,CholInh_Pax8_Chodl_MY,CholInh_Pax8_Chodl_MY
Inh_Pax8_Asb4,neuron,MY,GLY,MC_122:Pontine and medullary neurons,Inh_Pax8_Asb4,Inh_Pax8_Asb4_MY,Inh_Pax8_Asb4_MY
Inh_Pax8_Pkhd1l1_1,neuron,MY,GLY,MC_129:Pontine and medullary neurons,Inh_Pax8_Pkhd1l1,Inh_Pax8_Pkhd1l1_MY,Inh_Pax8_Pkhd1l1_MY
Inh_Pax8_Pkhd1l1_2,neuron,MY,GLY,MC_129:Pontine and medullary neurons,Inh_Pax8_Pkhd1l1,Inh_Pax8_Pkhd1l1_MY,Inh_Pax8_Pkhd1l1_MY
Inh_Pax8_Pkhd1l1_3,neuron,MY,GLY,MC_129:Pontine and medullary neurons,Inh_Pax8_Pkhd1l1,Inh_Pax8_Pkhd1l1_MY,Inh_Pax8_Pkhd1l1_MY
Inh_Pax8_Pkhd1l1_4,neuron,MY,GLY,MC_129:Pontine and medullary neurons,Inh_Pax8_Pkhd1l1,Inh_Pax8_Pkhd1l1_MY,Inh_Pax8_Pkhd1l1_MY
Inh_Pax8_Pkhd1l1_5,neuron,MY,GLY,MC_129:Pontine and medullary neurons,Inh_Pax8_Pkhd1l1,Inh_Pax8_Pkhd1l1_MY,Inh_Pax8_Pkhd1l1_MY
Inh_Pax8_Pkhd1l1_6,neuron,MY,GLY,MC_129:Pontine and medullary neurons,Inh_Pax8_Pkhd1l1,Inh_Pax8_Pkhd1l1_MY,Inh_Pax8_Pkhd1l1_MY
Inh_Pax8_Pkhd1l1_7,neuron,MY,GLY,MC_129:Pontine and medullary neurons,Inh_Pax8_Pkhd1l1,Inh_Pax8_Pkhd1l1_MY,Inh_Pax8_Pkhd1l1_MY
Inh_Pax8_Pkhd1l1_8,neuron,MY,GLY,MC_129:Pontine and medullary neurons,Inh_Pax8_Pkhd1l1,Inh_Pax8_Pkhd1l1_MY,Inh_Pax8_Pkhd1l1_MY
Inh_Pax8_Pkhd1l1_9,neuron,MY,GLY,MC_129:Pontine and medullary neurons,Inh_Pax8_Pkhd1l1,Inh_Pax8_Pkhd1l1_MY,Inh_Pax8_Pkhd1l1_MY
Inh_Pax8_Pkhd1l1_10,neuron,MY,GLY,MC_129:Pontine and medullary neurons,Inh_Pax8_Pkhd1l1_10,Inh_Pax8_Pkhd1l1_10_MY,Inh_Pax8_Pkhd1l1_10_MY
Inh_Pax8_Rapsn,neuron,MY,GLY,MC_129:Pontine and medullary neurons,Inh_Pax8_Rapsn,Inh_Pax8_Rapsn_MY,Inh_Pax8_Rapsn_MY
Inh_Pax8_Ptgfr,neuron,MY,GLY,MC_129:Pontine and medullary neurons,Inh_Pax8_Ptgfr,Inh_Pax8_Ptgfr_MY,Inh_Pax8_Ptgfr_MY
Inh_Fbxl7_Cyp26b1_1,neuron,MY,GLY,MC_129:Pontine and medullary neurons,Inh_Fbxl7_Cyp26b1,Inh_Fbxl7_Cyp26b1_MY,Inh_Fbxl7_Cyp26b1_MY
Inh_Fbxl7_Cyp26b1_2,neuron,MY,GLY,MC_129:Pontine and medullary neurons,Inh_Fbxl7_Cyp26b1,Inh_Fbxl7_Cyp26b1_MY,Inh_Fbxl7_Cyp26b1_MY
Inh_Fbxl7_Cyp26b1_3,neuron,MY,GLY,MC_129:Pontine and medullary neurons,Inh_Fbxl7_Cyp26b1,Inh_Fbxl7_Cyp26b1_MY,Inh_Fbxl7_Cyp26b1_MY
Inh_Fbxl7_Cyp26b1_4,neuron,MY,GLY,MC_129:Pontine and medullary neurons,Inh_Fbxl7_Cyp26b1,Inh_Fbxl7_Cyp26b1_MY,Inh_Fbxl7_Cyp26b1_MY
Inh_Fbxl7_Cyp26b1_5,neuron,MY,GLY,MC_129:Pontine and medullary neurons,Inh_Fbxl7_Cyp26b1,Inh_Fbxl7_Cyp26b1_MY,Inh_Fbxl7_Cyp26b1_MY
Inh_Fbxl7_Cyp26b1_6,neuron,MY,GLY,MC_129:Pontine and medullary neurons,Inh_Fbxl7_Cyp26b1,Inh_Fbxl7_Cyp26b1_MY,Inh_Fbxl7_Cyp26b1_MY
Inh_Fbxl7_Cyp26b1_7,neuron,MY,GLY,MC_129:Pontine and medullary neurons,Inh_Fbxl7_Cyp26b1,Inh_Fbxl7_Cyp26b1_MY,Inh_Fbxl7_Cyp26b1_MY
Inh_Fbxl7_9130008F23Rik,neuron,MY,GLY,MC_129:Pontine and medullary neurons,Inh_Fbxl7_9130008F23Rik,Inh_Fbxl7_9130008F23Rik_MY,Inh_Fbxl7_9130008F23Rik_MY
Inh_Fbxl7_Crabp1_1,neuron,MY,GLY,MC_129:Pontine and medullary neurons,Inh_Fbxl7_Crabp1,Inh_Fbxl7_Crabp1_MY,Inh_Fbxl7_Crabp1_MY
Inh_Fbxl7_Crabp1_2,neuron,MY,GLY,MC_129:Pontine and medullary neurons,Inh_Fbxl7_Crabp1,Inh_Fbxl7_Crabp1_MY,Inh_Fbxl7_Crabp1_MY
Ex_Fbxl7_Lsp1_1,neuron,MY,VGLUT2,MC_149:Pontine and medullary neurons,Ex_Fbxl7_Lsp1,Ex_Fbxl7_Lsp1_MY,Ex_Fbxl7_Lsp1_MY
Ex_Fbxl7_Kcnj5,neuron,MY,VGLUT2,MC_149:Pontine and medullary neurons,Ex_Fbxl7_Kcnj5,Ex_Fbxl7_Kcnj5_MY,Ex_Fbxl7_Kcnj5_MY
Ex_Fbxl7_Defa24,neuron,MY,VGLUT2,MC_149:Pontine and medullary neurons,Ex_Fbxl7_Defa24,Ex_Fbxl7_Defa24_MY,Ex_Fbxl7_Defa24_MY
CholEx_Fbxl7_Defa24,neuron,MY,VGLUT2_CHOL,MC_149:Pontine and medullary neurons,CholEx_Fbxl7_Defa24,CholEx_Fbxl7_Defa24_MY,CholEx_Fbxl7_Defa24_MY
Ex_Fbxl7_Bnc2,neuron,MY,VGLUT2,MC_149:Pontine and medullary neurons,Ex_Fbxl7_Bnc2,Ex_Fbxl7_Bnc2_MY,Ex_Fbxl7_Bnc2_MY
Ex_Fbxl7_Chrnb4,neuron,MY,VGLUT2,MC_149:Pontine and medullary neurons,Ex_Fbxl7_Chrnb4,Ex_Fbxl7_Chrnb4_MY,Ex_Fbxl7_Chrnb4_MY
Ex_Fbxl7_Tmem72_1,neuron,MY,VGLUT2_VGLUT3,MC_149:Pontine and medullary neurons,Ex_Fbxl7_Tmem72,Ex_Fbxl7_Tmem72_MY,Ex_Fbxl7_Tmem72_MY
Ex_Fbxl7_Tmem72_2,neuron,MY,VGLUT1_VGLUT2,MC_149:Pontine and medullary neurons,Ex_Fbxl7_Tmem72,Ex_Fbxl7_Tmem72_MY,Ex_Fbxl7_Tmem72_MY
Ex_Fbxl7_Tmem72_3,neuron,MY,VGLUT1_VGLUT2,MC_149:Pontine and medullary neurons,Ex_Fbxl7_Tmem72,Ex_Fbxl7_Tmem72_MY,Ex_Fbxl7_Tmem72_MY
Ex_Fbxl7_Insrr_1,neuron,MY,VGLUT2,MC_149:Pontine and medullary neurons,Ex_Fbxl7_Insrr,Ex_Fbxl7_Insrr_MY,Ex_Fbxl7_Insrr_MY
Ex_Fbxl7_Insrr_2,neuron,,VGLUT2,MC_149:Pontine and medullary neurons,Ex_Fbxl7_Insrr,Ex_Fbxl7_Insrr,Ex_Fbxl7_Insrr
Ex_Foxd3_Dennd1c,neuron,MY,VGLUT2,MC_145:Medulary vestibular neurons,Ex_Foxd3_Dennd1c,Ex_Foxd3_Dennd1c_MY,Ex_Foxd3_Dennd1c_MY
Ex_Foxd3_Irx4_1,neuron,MY,VGLUT2,MC_145:Medulary vestibular neurons,Ex_Foxd3_Irx4,Ex_Foxd3_Irx4_MY,Ex_Foxd3_Irx4_MY
Ex_Foxd3_Irx4_2,neuron,MY,VGLUT2,MC_145:Medulary vestibular neurons,Ex_Foxd3_Irx4,Ex_Foxd3_Irx4_MY,Ex_Foxd3_Irx4_MY
Ex_Foxd3_Sfrp1,neuron,MY,VGLUT2,MC_145:Medulary vestibular neurons,Ex_Foxd3_Sfrp1,Ex_Foxd3_Sfrp1_MY,Ex_Foxd3_Sfrp1_MY
Ex_Foxd3_Igfbpl1,neuron,MY,VGLUT2,MC_145:Medulary vestibular neurons,Ex_Foxd3_Igfbpl1,Ex_Foxd3_Igfbpl1_MY,Ex_Foxd3_Igfbpl1_MY
Ex_Foxd3_Olig3_1,neuron,MY,VGLUT2,MC_145:Medulary vestibular neurons,Ex_Foxd3_Olig3,Ex_Foxd3_Olig3_MY,Ex_Foxd3_Olig3_MY
Ex_Foxd3_Olig3_2,neuron,HY,VGLUT2,MC_145:Medulary vestibular neurons,Ex_Foxd3_Olig3,Ex_Foxd3_Olig3_HY,Ex_Foxd3_Olig3_HY
Inh_Pou6f2_Gldn_1,neuron,MY,GLY,MC_131:Pontine and medullary neurons,Inh_Pou6f2_Gldn,Inh_Pou6f2_Gldn_MY,Inh_Pou6f2_Gldn_MY
Inh_Pou6f2_Gldn_2,neuron,MY,GLY,MC_131:Pontine and medullary neurons,Inh_Pou6f2_Gldn,Inh_Pou6f2_Gldn_MY,Inh_Pou6f2_Gldn_MY
Inh_Pou6f2_Kcnj5,neuron,MY,GLY,MC_131:Pontine and medullary neurons,Inh_Pou6f2_Kcnj5,Inh_Pou6f2_Kcnj5_MY,Inh_Pou6f2_Kcnj5_MY
Inh_Pou6f2_Cartpt,neuron,MY,GLY,MC_131:Pontine and medullary neurons,Inh_Pou6f2_Cartpt,Inh_Pou6f2_Cartpt_MY,Inh_Pou6f2_Cartpt_MY
Inh_Pou6f2_Gldn_3,neuron,MY,GLY,MC_131:Pontine and medullary neurons,Inh_Pou6f2_Gldn,Inh_Pou6f2_Gldn_MY,Inh_Pou6f2_Gldn_MY
Inh_Pax8_Aym1,neuron,MY,GLY,MC_131:Pontine and medullary neurons,Inh_Pax8_Aym1,Inh_Pax8_Aym1_MY,Inh_Pax8_Aym1_MY
Inh_Onecut1_Gldn,neuron,MY,GLY,MC_131:Pontine and medullary neurons,Inh_Onecut1_Gldn,Inh_Onecut1_Gldn_MY,Inh_Onecut1_Gldn_MY
Inh_Onecut1_Krt9,neuron,MY,GLY,MC_131:Pontine and medullary neurons,Inh_Onecut1_Krt9,Inh_Onecut1_Krt9_MY,Inh_Onecut1_Krt9_MY
Inh_Onecut1_Frem3,neuron,MY,GLY,MC_131:Pontine and medullary neurons,Inh_Onecut1_Frem3,Inh_Onecut1_Frem3_MY,Inh_Onecut1_Frem3_MY
Inh_Onecut1_Met_1,neuron,MY,GLY,MC_131:Pontine and medullary neurons,Inh_Onecut1_Met,Inh_Onecut1_Met_MY,Inh_Onecut1_Met_MY
Inh_Onecut1_Met_2,neuron,MY,GLY,MC_131:Pontine and medullary neurons,Inh_Onecut1_Met,Inh_Onecut1_Met_MY,Inh_Onecut1_Met_MY
Inh_Onecut1_Met_3,neuron,MY,GLY,MC_131:Pontine and medullary neurons,Inh_Onecut1_Met,Inh_Onecut1_Met_MY,Inh_Onecut1_Met_MY
Inh_Onecut1_Met_4,neuron,MY,GLY,MC_131:Pontine and medullary neurons,Inh_Onecut1_Met,Inh_Onecut1_Met_MY,Inh_Onecut1_Met_MY
Inh_Onecut1_Mctp2,neuron,MY,GLY,MC_131:Pontine and medullary neurons,Inh_Onecut1_Mctp2,Inh_Onecut1_Mctp2_MY,Inh_Onecut1_Mctp2_MY
Inh_Onecut1_Slc16a12,neuron,MY,GLY,MC_131:Pontine and medullary neurons,Inh_Onecut1_Slc16a12,Inh_Onecut1_Slc16a12_MY,Inh_Onecut1_Slc16a12_MY
Inh_Etv3l_Sulf1_1,neuron,MY,GLY,MC_131:Pontine and medullary neurons,Inh_Etv3l_Sulf1,Inh_Etv3l_Sulf1_MY,Inh_Etv3l_Sulf1_MY
Inh_Etv3l_Sulf1_2,neuron,,GABA,MC_131:Pontine and medullary neurons,Inh_Etv3l_Sulf1,Inh_Etv3l_Sulf1,Inh_Etv3l_Sulf1
Inh_Etv3l_Erfl_2,neuron,MY,GLY,MC_131:Pontine and medullary neurons,Inh_Etv3l_Erfl,Inh_Etv3l_Erfl_MY,Inh_Etv3l_Erfl_MY
Inh_Hmx2_Gldn_1,neuron,,GLY,MC_131:Pontine and medullary neurons,Inh_Hmx2_Gldn,Inh_Hmx2_Gldn,Inh_Hmx2_Gldn
Inh_Hmx2_Gldn_2,neuron,,GLY,MC_131:Pontine and medullary neurons,Inh_Hmx2_Gldn,Inh_Hmx2_Gldn,Inh_Hmx2_Gldn
Inh_Pax2_Sp8,neuron,MY,GLY,MC_133:Pontine and medullary neurons,Inh_Pax2_Sp8,Inh_Pax2_Sp8_MY,Inh_Pax2_Sp8_MY
Inh_Pax2_Ctxn3,neuron,MY,GLY,MC_133:Pontine and medullary neurons,Inh_Pax2_Ctxn3,Inh_Pax2_Ctxn3_MY,Inh_Pax2_Ctxn3_MY
Inh_Pax2_Chrna2_1,neuron,MY,GLY,MC_133:Pontine and medullary neurons,Inh_Pax2_Chrna2,Inh_Pax2_Chrna2_MY,Inh_Pax2_Chrna2_MY
Inh_Pax2_Chrna2_2,neuron,MY,GLY,MC_133:Pontine and medullary neurons,Inh_Pax2_Chrna2,Inh_Pax2_Chrna2_MY,Inh_Pax2_Chrna2_MY
Inh_Pax2_Agtr1a,neuron,MY,GLY,MC_133:Pontine and medullary neurons,Inh_Pax2_Agtr1a,Inh_Pax2_Agtr1a_MY,Inh_Pax2_Agtr1a_MY
Inh_Pax2_Ghrh,neuron,MY,GLY,MC_133:Pontine and medullary neurons,Inh_Pax2_Ghrh,Inh_Pax2_Ghrh_MY,Inh_Pax2_Ghrh_MY
Inh_Pax2_Bmp4,neuron,MY,GLY,MC_128:Pontine and medullary neurons,Inh_Pax2_Bmp4,Inh_Pax2_Bmp4_MY,Inh_Pax2_Bmp4_MY
Inh_Pax2_Pkhd1l1_1,neuron,MY,GLY,MC_128:Pontine and medullary neurons,Inh_Pax2_Pkhd1l1,Inh_Pax2_Pkhd1l1_MY,Inh_Pax2_Pkhd1l1_MY
Inh_Pax2_Pkhd1l1_2,neuron,MY,GLY,MC_128:Pontine and medullary neurons,Inh_Pax2_Pkhd1l1,Inh_Pax2_Pkhd1l1_MY,Inh_Pax2_Pkhd1l1_MY
Inh_Pax2_Pkhd1l1_3,neuron,MY,GLY,MC_128:Pontine and medullary neurons,Inh_Pax2_Pkhd1l1,Inh_Pax2_Pkhd1l1_MY,Inh_Pax2_Pkhd1l1_MY
Inh_Pax2_Pkhd1l1_4,neuron,MY,GLY,MC_128:Pontine and medullary neurons,Inh_Pax2_Pkhd1l1,Inh_Pax2_Pkhd1l1_MY,Inh_Pax2_Pkhd1l1_MY
Inh_Pax2_Pkhd1l1_5,neuron,MY,GLY,MC_128:Pontine and medullary neurons,Inh_Pax2_Pkhd1l1,Inh_Pax2_Pkhd1l1_MY,Inh_Pax2_Pkhd1l1_MY
Inh_Pax2_Pkhd1l1_6,neuron,MY,GLY,MC_128:Pontine and medullary neurons,Inh_Pax2_Pkhd1l1,Inh_Pax2_Pkhd1l1_MY,Inh_Pax2_Pkhd1l1_MY
Inh_Pax2_Pkhd1l1_7,neuron,MY,GLY,MC_128:Pontine and medullary neurons,Inh_Pax2_Pkhd1l1,Inh_Pax2_Pkhd1l1_MY,Inh_Pax2_Pkhd1l1_MY
Inh_Pax2_Pkhd1l1_8,neuron,MY,GLY,MC_128:Pontine and medullary neurons,Inh_Pax2_Pkhd1l1,Inh_Pax2_Pkhd1l1_MY,Inh_Pax2_Pkhd1l1_MY
Inh_Pax2_Satb2_1,neuron,MY,GLY,MC_128:Pontine and medullary neurons,Inh_Pax2_Satb2,Inh_Pax2_Satb2_MY,Inh_Pax2_Satb2_MY
Inh_Pax2_Satb2_2,neuron,MY,GLY,MC_128:Pontine and medullary neurons,Inh_Pax2_Satb2,Inh_Pax2_Satb2_MY,Inh_Pax2_Satb2_MY
Inh_Pax2_Satb2_3,neuron,MY,GLY,MC_128:Pontine and medullary neurons,Inh_Pax2_Satb2,Inh_Pax2_Satb2_MY,Inh_Pax2_Satb2_MY
Inh_Pax2_Adgrd1,neuron,MY,GLY,MC_128:Pontine and medullary neurons,Inh_Pax2_Adgrd1,Inh_Pax2_Adgrd1_MY,Inh_Pax2_Adgrd1_MY
Inh_Pax2_Abcb5,neuron,MY,GLY,MC_128:Pontine and medullary neurons,Inh_Pax2_Abcb5,Inh_Pax2_Abcb5_MY,Inh_Pax2_Abcb5_MY
Inh_Pax2_Col16a1,neuron,MY,GLY,MC_130:Pontine and medullary neurons,Inh_Pax2_Col16a1,Inh_Pax2_Col16a1_MY,Inh_Pax2_Col16a1_MY
Inh_Pax2_Qrfpr,neuron,MY,GLY,MC_130:Pontine and medullary neurons,Inh_Pax2_Qrfpr,Inh_Pax2_Qrfpr_MY,Inh_Pax2_Qrfpr_MY
Inh_Pax2_Antxr2_1,neuron,MY,GLY,MC_128:Pontine and medullary neurons,Inh_Pax2_Antxr2,Inh_Pax2_Antxr2_MY,Inh_Pax2_Antxr2_MY
Inh_Pax2_Antxr2_2,neuron,MY,GLY,MC_128:Pontine and medullary neurons,Inh_Pax2_Antxr2,Inh_Pax2_Antxr2_MY,Inh_Pax2_Antxr2_MY
Inh_Pax2_Antxr2_3,neuron,MY,GLY,MC_128:Pontine and medullary neurons,Inh_Pax2_Antxr2,Inh_Pax2_Antxr2_MY,Inh_Pax2_Antxr2_MY
Inh_Pax2_Tarm1_2,neuron,MY,GLY,MC_130:Pontine and medullary neurons,Inh_Pax2_Tarm1,Inh_Pax2_Tarm1_MY,Inh_Pax2_Tarm1_MY
Inh_Pax2_Trhr,neuron,MY,GLY,MC_130:Pontine and medullary neurons,Inh_Pax2_Trhr,Inh_Pax2_Trhr_MY,Inh_Pax2_Trhr_MY
Inh_Pax2_Mgam,neuron,MY,GLY,MC_128:Pontine and medullary neurons,Inh_Pax2_Mgam,Inh_Pax2_Mgam_MY,Inh_Pax2_Mgam_MY
Inh_Pax2_Chrnb4,neuron,MY,GLY,MC_128:Pontine and medullary neurons,Inh_Pax2_Chrnb4,Inh_Pax2_Chrnb4_MY,Inh_Pax2_Chrnb4_MY
Inh_Pax2_Ppp1r1c_1,neuron,MY,GLY,MC_132:Pontine and medullary neurons,Inh_Pax2_Ppp1r1c,Inh_Pax2_Ppp1r1c_MY,Inh_Pax2_Ppp1r1c_MY
Inh_Pax2_Ppp1r1c_2,neuron,MY,GLY,MC_132:Pontine and medullary neurons,Inh_Pax2_Ppp1r1c,Inh_Pax2_Ppp1r1c_MY,Inh_Pax2_Ppp1r1c_MY
Inh_Pax2_Ppp1r1c_3,neuron,MY,GLY,MC_132:Pontine and medullary neurons,Inh_Pax2_Ppp1r1c,Inh_Pax2_Ppp1r1c_MY,Inh_Pax2_Ppp1r1c_MY
Inh_Pax2_Prok1,neuron,MY,GLY,MC_132:Pontine and medullary neurons,Inh_Pax2_Prok1,Inh_Pax2_Prok1_MY,Inh_Pax2_Prok1_MY
Inh_Pax2_Sp9,neuron,MY,GLY,MC_132:Pontine and medullary neurons,Inh_Pax2_Sp9,Inh_Pax2_Sp9_MY,Inh_Pax2_Sp9_MY
Inh_Pax2_Adam34,neuron,MY,GLY,MC_132:Pontine and medullary neurons,Inh_Pax2_Adam34,Inh_Pax2_Adam34_MY,Inh_Pax2_Adam34_MY
Inh_Pax2_Oprk1,neuron,MY,GLY,MC_132:Pontine and medullary neurons,Inh_Pax2_Oprk1,Inh_Pax2_Oprk1_MY,Inh_Pax2_Oprk1_MY
Inh_Pax2_Gm3488,neuron,MY,GLY,MC_132:Pontine and medullary neurons,Inh_Pax2_Gm3488,Inh_Pax2_Gm3488_MY,Inh_Pax2_Gm3488_MY
Inh_Pax2_Creb3l3_2,neuron,MY,GLY,MC_132:Pontine and medullary neurons,Inh_Pax2_Creb3l3,Inh_Pax2_Creb3l3_MY,Inh_Pax2_Creb3l3_MY
Inh_Pax2_Olfr48,neuron,MY,GLY,MC_132:Pontine and medullary neurons,Inh_Pax2_Olfr48,Inh_Pax2_Olfr48_MY,Inh_Pax2_Olfr48_MY
Inh_Fbxl7_Npy2r,neuron,MY,GLY,MC_128:Pontine and medullary neurons,Inh_Fbxl7_Npy2r,Inh_Fbxl7_Npy2r_MY,Inh_Fbxl7_Npy2r_MY
Inh_Fbxl7_Hmcn1_1,neuron,P,GLY,MC_128:Pontine and medullary neurons,Inh_Fbxl7_Hmcn1,Inh_Fbxl7_Hmcn1_P,Inh_Fbxl7_Hmcn1_P
Inh_Fbxl7_Ankrd1,neuron,MY,GLY,MC_128:Pontine and medullary neurons,Inh_Fbxl7_Ankrd1,Inh_Fbxl7_Ankrd1_MY,Inh_Fbxl7_Ankrd1_MY
Inh_Fbxl7_Hmcn1_2,neuron,P,GLY,MC_128:Pontine and medullary neurons,Inh_Fbxl7_Hmcn1,Inh_Fbxl7_Hmcn1_P,Inh_Fbxl7_Hmcn1_P
Inh_Fbxl7_Hgf,neuron,MY,GLY,MC_128:Pontine and medullary neurons,Inh_Fbxl7_Hgf,Inh_Fbxl7_Hgf_MY,Inh_Fbxl7_Hgf_MY
Inh_Fbxl7_Klf4,neuron,P,GLY,MC_128:Pontine and medullary neurons,Inh_Fbxl7_Klf4,Inh_Fbxl7_Klf4_P,Inh_Fbxl7_Klf4_P
Inh_Fbxl7_Npsr1,neuron,MY,GLY,MC_128:Pontine and medullary neurons,Inh_Fbxl7_Npsr1,Inh_Fbxl7_Npsr1_MY,Inh_Fbxl7_Npsr1_MY
Inh_Fbxl7_Tshr,neuron,MY,GLY,MC_128:Pontine and medullary neurons,Inh_Fbxl7_Tshr,Inh_Fbxl7_Tshr_MY,Inh_Fbxl7_Tshr_MY
Ex_Fbxl7_Hmga2,neuron,MY,VGLUT2,MC_155:Pontine and medullary reticular neurons,Ex_Fbxl7_Hmga2,Ex_Fbxl7_Hmga2_MY,Ex_Fbxl7_Hmga2_MY
Inh_Six3_Sox2_1,neuron,MB,GABA,MC_103:Midbrain neurons,Inh_Six3_Sox2,Inh_Six3_Sox2_MB,Inh_Six3_Sox2_MB
Inh_Six3_Sox2_2,neuron,MB,GABA,MC_103:Midbrain neurons,Inh_Six3_Sox2,Inh_Six3_Sox2_MB,Inh_Six3_Sox2_MB
Inh_Six3_Sox2_3,neuron,MB,GABA,MC_103:Midbrain neurons,Inh_Six3_Sox2,Inh_Six3_Sox2_MB,Inh_Six3_Sox2_MB
Inh_Six3_Sox2_4,neuron,MB,GABA,MC_103:Midbrain neurons,Inh_Six3_Sox2,Inh_Six3_Sox2_MB,Inh_Six3_Sox2_MB
Inh_Six3_Sox2_5,neuron,MB,GABA,MC_103:Midbrain neurons,Inh_Six3_Sox2,Inh_Six3_Sox2_MB,Inh_Six3_Sox2_MB
Inh_Six3_Sox2_6,neuron,MB,GABA,MC_103:Midbrain neurons,Inh_Six3_Sox2,Inh_Six3_Sox2_MB,Inh_Six3_Sox2_MB
Inh_Six3_Sox2_7,neuron,MB,GABA,MC_103:Midbrain neurons,Inh_Six3_Sox2,Inh_Six3_Sox2_MB,Inh_Six3_Sox2_MB
Inh_Six3_Sox2_8,neuron,MB,GABA,MC_103:Midbrain neurons,Inh_Six3_Sox2,Inh_Six3_Sox2_MB,Inh_Six3_Sox2_MB
Inh_Six3_Sox2_9,neuron,MB,GABA,MC_103:Midbrain neurons,Inh_Six3_Sox2,Inh_Six3_Sox2_MB,Inh_Six3_Sox2_MB
Inh_Six3_Sox2_10,neuron,MB,GABA,MC_103:Midbrain neurons,Inh_Six3_Sox2_10,Inh_Six3_Sox2_10_MB,Inh_Six3_Sox2_10_MB
Inh_Six3_Sox2_11,neuron,MB,GABA,MC_103:Midbrain neurons,Inh_Six3_Sox2_11,Inh_Six3_Sox2_11_MB,Inh_Six3_Sox2_11_MB
Inh_Six3_Sox2_12,neuron,MB,GABA,MC_103:Midbrain neurons,Inh_Six3_Sox2_12,Inh_Six3_Sox2_12_MB,Inh_Six3_Sox2_12_MB
Inh_Six3_Anxa2,neuron,MB,GABA,MC_103:Midbrain neurons,Inh_Six3_Anxa2,Inh_Six3_Anxa2_MB,Inh_Six3_Anxa2_MB
Inh_Six3_Tpbgl,neuron,MB,GABA,MC_103:Midbrain neurons,Inh_Six3_Tpbgl,Inh_Six3_Tpbgl_MB,Inh_Six3_Tpbgl_MB
Inh_Six3_Pla2g5_Sox3,neuron,MB,GABA,MC_103:Midbrain neurons,Inh_Six3_Pla2g5_Sox3,Inh_Six3_Pla2g5_Sox3_MB,Inh_Six3_Pla2g5_Sox3_MB
Inh_Six3_Hmga2,neuron,,GABA,MC_103:Midbrain neurons,Inh_Six3_Hmga2,Inh_Six3_Hmga2,Inh_Six3_Hmga2
Inh_Six3_Cela1_1,neuron,MB,GABA,MC_103:Midbrain neurons,Inh_Six3_Cela1,Inh_Six3_Cela1_MB,Inh_Six3_Cela1_MB
Inh_Six3_Cela1_2,neuron,MB,GABA,MC_103:Midbrain neurons,Inh_Six3_Cela1,Inh_Six3_Cela1_MB,Inh_Six3_Cela1_MB
Inh_Six3_Cela1_3,neuron,MB,GABA,MC_103:Midbrain neurons,Inh_Six3_Cela1,Inh_Six3_Cela1_MB,Inh_Six3_Cela1_MB
Inh_Six3_Cela1_4,neuron,MB,GABA,MC_103:Midbrain neurons,Inh_Six3_Cela1,Inh_Six3_Cela1_MB,Inh_Six3_Cela1_MB
Inh_Six3_Dio2,neuron,MB,GABA,MC_103:Midbrain neurons,Inh_Six3_Dio2,Inh_Six3_Dio2_MB,Inh_Six3_Dio2_MB
Inh_Six3_Smad6_1,neuron,MB,GABA,MC_103:Midbrain neurons,Inh_Six3_Smad6,Inh_Six3_Smad6_MB,Inh_Six3_Smad6_MB
Inh_Six3_Smad6_2,neuron,MB,GABA,MC_103:Midbrain neurons,Inh_Six3_Smad6,Inh_Six3_Smad6_MB,Inh_Six3_Smad6_MB
Inh_Six3_Cdh3,neuron,MB,GABA,MC_103:Midbrain neurons,Inh_Six3_Cdh3,Inh_Six3_Cdh3_MB,Inh_Six3_Cdh3_MB
Inh_Six3_Stard13,neuron,MB,VGLUT2_GLY,MC_103:Midbrain neurons,Inh_Six3_Stard13,Inh_Six3_Stard13_MB,Inh_Six3_Stard13_MB
Inh_Six3_Lrrc38_1,neuron,MB,GABA,MC_103:Midbrain neurons,Inh_Six3_Lrrc38,Inh_Six3_Lrrc38_MB,Inh_Six3_Lrrc38_MB
Inh_Six3_Lrrc38_2,neuron,MB,GABA,MC_103:Midbrain neurons,Inh_Six3_Lrrc38,Inh_Six3_Lrrc38_MB,Inh_Six3_Lrrc38_MB
Inh_Six3_Tmem215_1,neuron,MB,GABA,MC_105:Midbrain neurons,Inh_Six3_Tmem215,Inh_Six3_Tmem215_MB,Inh_Six3_Tmem215_MB
Inh_Six3_Tmem215_2,neuron,MB,GABA,MC_105:Midbrain neurons,Inh_Six3_Tmem215,Inh_Six3_Tmem215_MB,Inh_Six3_Tmem215_MB
Inh_Six3_Drd3_1,neuron,MB,GABA,MC_105:Midbrain neurons,Inh_Six3_Drd3,Inh_Six3_Drd3_MB,Inh_Six3_Drd3_MB
Inh_Six3_Drd3_2,neuron,MB,GABA,MC_105:Midbrain neurons,Inh_Six3_Drd3,Inh_Six3_Drd3_MB,Inh_Six3_Drd3_MB
Inh_Six3_Drd3_3,neuron,MB,GABA,MC_105:Midbrain neurons,Inh_Six3_Drd3,Inh_Six3_Drd3_MB,Inh_Six3_Drd3_MB
Inh_Six3_Enpep,neuron,MB,GABA,MC_105:Midbrain neurons,Inh_Six3_Enpep,Inh_Six3_Enpep_MB,Inh_Six3_Enpep_MB
Inh_Pax7_Tshr,neuron,MB,GABA,MC_89:Tectal neurons,Inh_Pax7_Tshr,Inh_Pax7_Tshr_MB,Inh_Pax7_Tshr_MB
Inh_Six3_Ikzf1_1,neuron,MB,GABA,MC_103:Midbrain neurons,Inh_Six3_Ikzf1,Inh_Six3_Ikzf1_MB,Inh_Six3_Ikzf1_MB
Inh_Six3_Ikzf1_2,neuron,MB,GABA,MC_103:Midbrain neurons,Inh_Six3_Ikzf1,Inh_Six3_Ikzf1_MB,Inh_Six3_Ikzf1_MB
Inh_Six3_Ikzf1_3,neuron,MB,GABA,MC_103:Midbrain neurons,Inh_Six3_Ikzf1,Inh_Six3_Ikzf1_MB,Inh_Six3_Ikzf1_MB
Inh_Six3_Gchfr_1,neuron,MB,GABA,MC_105:Midbrain neurons,Inh_Six3_Gchfr,Inh_Six3_Gchfr_MB,Inh_Six3_Gchfr_MB
Inh_Six3_Gchfr_2,neuron,MB,GABA,MC_105:Midbrain neurons,Inh_Six3_Gchfr,Inh_Six3_Gchfr_MB,Inh_Six3_Gchfr_MB
Inh_Six3_Gchfr_3,neuron,MB,GABA,MC_105:Midbrain neurons,Inh_Six3_Gchfr,Inh_Six3_Gchfr_MB,Inh_Six3_Gchfr_MB
Inh_Six3_Tmem45b,neuron,MB,GABA,MC_105:Midbrain neurons,Inh_Six3_Tmem45b,Inh_Six3_Tmem45b_MB,Inh_Six3_Tmem45b_MB
Inh_Six3_Bmp3_Ano1_1,neuron,MB,GABA,MC_104:Midbrain neurons,Inh_Six3_Bmp3_Ano1,Inh_Six3_Bmp3_Ano1_MB,Inh_Six3_Bmp3_Ano1_MB
Inh_Six3_Bmp3_Ano1_2,neuron,MB,GABA,MC_104:Midbrain neurons,Inh_Six3_Bmp3_Ano1,Inh_Six3_Bmp3_Ano1_MB,Inh_Six3_Bmp3_Ano1_MB
Inh_Six3_Bmp3_Ano1_3,neuron,MB,GABA,MC_104:Midbrain neurons,Inh_Six3_Bmp3_Ano1,Inh_Six3_Bmp3_Ano1_MB,Inh_Six3_Bmp3_Ano1_MB
Inh_Six3_Pnliprp2_1,neuron,MB,GABA,MC_104:Midbrain neurons,Inh_Six3_Pnliprp2,Inh_Six3_Pnliprp2_MB,Inh_Six3_Pnliprp2_MB
Inh_Six3_Pnliprp2_2,neuron,MB,GABA,MC_104:Midbrain neurons,Inh_Six3_Pnliprp2,Inh_Six3_Pnliprp2_MB,Inh_Six3_Pnliprp2_MB
Inh_Six3_Pnliprp2_3,neuron,MB,GABA,MC_104:Midbrain neurons,Inh_Six3_Pnliprp2,Inh_Six3_Pnliprp2_MB,Inh_Six3_Pnliprp2_MB
Inh_Six3_Pnliprp2_4,neuron,MB,GABA,MC_104:Midbrain neurons,Inh_Six3_Pnliprp2,Inh_Six3_Pnliprp2_MB,Inh_Six3_Pnliprp2_MB
Inh_Six3_Vmn1r209,neuron,MB,GABA,MC_104:Midbrain neurons,Inh_Six3_Vmn1r209,Inh_Six3_Vmn1r209_MB,Inh_Six3_Vmn1r209_MB
Inh_Six3_Cdc42ep5,neuron,MB,GABA,MC_104:Midbrain neurons,Inh_Six3_Cdc42ep5,Inh_Six3_Cdc42ep5_MB,Inh_Six3_Cdc42ep5_MB
Inh_Otx1_Nrtn_1,neuron,MB,GABA,MC_90:Midbrain neurons,Inh_Otx1_Nrtn,Inh_Otx1_Nrtn_MB,Inh_Otx1_Nrtn_MB
Inh_Otx1_Nrtn_2,neuron,MB,GABA,MC_90:Midbrain neurons,Inh_Otx1_Nrtn,Inh_Otx1_Nrtn_MB,Inh_Otx1_Nrtn_MB
Inh_Otx1_Nrtn_3,neuron,MB,GABA,MC_90:Midbrain neurons,Inh_Otx1_Nrtn,Inh_Otx1_Nrtn_MB,Inh_Otx1_Nrtn_MB
Inh_Otx1_Ptgdr,neuron,MB,GABA,MC_90:Midbrain neurons,Inh_Otx1_Ptgdr,Inh_Otx1_Ptgdr_MB,Inh_Otx1_Ptgdr_MB
Inh_Otx1_Svs5_1,neuron,MB,GABA,MC_90:Midbrain neurons,Inh_Otx1_Svs5,Inh_Otx1_Svs5_MB,Inh_Otx1_Svs5_MB
Inh_Otx1_Svs5_2,neuron,MB,GABA,MC_90:Midbrain neurons,Inh_Otx1_Svs5,Inh_Otx1_Svs5_MB,Inh_Otx1_Svs5_MB
Inh_Otx1_Dkk1,neuron,MB,GABA,MC_90:Midbrain neurons,Inh_Otx1_Dkk1,Inh_Otx1_Dkk1_MB,Inh_Otx1_Dkk1_MB
Inh_Otx1_Cd22,neuron,MB,GABA,MC_90:Midbrain neurons,Inh_Otx1_Cd22,Inh_Otx1_Cd22_MB,Inh_Otx1_Cd22_MB
Inh_Otx1_Acacb_1,neuron,MB,GABA,MC_90:Midbrain neurons,Inh_Otx1_Acacb,Inh_Otx1_Acacb_MB,Inh_Otx1_Acacb_MB
Inh_Otx1_Acacb_2,neuron,MB,GLY,MC_90:Midbrain neurons,Inh_Otx1_Acacb,Inh_Otx1_Acacb_MB,Inh_Otx1_Acacb_MB
Inh_Otx1_Acacb_3,neuron,MB,GABA,MC_90:Midbrain neurons,Inh_Otx1_Acacb,Inh_Otx1_Acacb_MB,Inh_Otx1_Acacb_MB
Inh_Otx1_Acacb_4,neuron,MB,GABA,MC_90:Midbrain neurons,Inh_Otx1_Acacb,Inh_Otx1_Acacb_MB,Inh_Otx1_Acacb_MB
Inh_Otx1_Maf_1,neuron,MB,GABA,MC_90:Midbrain neurons,Inh_Otx1_Maf,Inh_Otx1_Maf_MB,Inh_Otx1_Maf_MB
Inh_Otx1_Maf_2,neuron,MB,GLY,MC_90:Midbrain neurons,Inh_Otx1_Maf,Inh_Otx1_Maf_MB,Inh_Otx1_Maf_MB
Inh_Otx1_Pax3,neuron,MB,GABA,MC_90:Midbrain neurons,Inh_Otx1_Pax3,Inh_Otx1_Pax3_MB,Inh_Otx1_Pax3_MB
Inh_Otx1_Igsf9,neuron,MB,GABA,MC_90:Midbrain neurons,Inh_Otx1_Igsf9,Inh_Otx1_Igsf9_MB,Inh_Otx1_Igsf9_MB
Inh_Otx1_Pmfbp1_1,neuron,HY,GABA,MC_90:Midbrain neurons,Inh_Otx1_Pmfbp1,Inh_Otx1_Pmfbp1_HY,Inh_Otx1_Pmfbp1_HY
Inh_Otx1_Pmfbp1_2,neuron,MB,GABA,MC_90:Midbrain neurons,Inh_Otx1_Pmfbp1,Inh_Otx1_Pmfbp1_MB,Inh_Otx1_Pmfbp1_MB
Inh_Otx1_Fmo1,neuron,,GABA,MC_90:Midbrain neurons,Inh_Otx1_Fmo1,Inh_Otx1_Fmo1,Inh_Otx1_Fmo1
Inh_Lhx8_Pde11a_1,neuron,HY,GABA,MC_79:Hypothalamic and pallidal neurons,Inh_Lhx8_Pde11a,Inh_Lhx8_Pde11a_HY,Inh_Lhx8_Pde11a_HY
Inh_Lhx8_Pde11a_2,neuron,HY,GABA,MC_79:Hypothalamic and pallidal neurons,Inh_Lhx8_Pde11a,Inh_Lhx8_Pde11a_HY,Inh_Lhx8_Pde11a_HY
Inh_Lhx8_Pde11a_3,neuron,HY,GABA,MC_79:Hypothalamic and pallidal neurons,Inh_Lhx8_Pde11a,Inh_Lhx8_Pde11a_HY,Inh_Lhx8_Pde11a_HY
Inh_Lhx8_Pde11a_4,neuron,PAL,GABA,MC_79:Hypothalamic and pallidal neurons,Inh_Lhx8_Pde11a,Inh_Lhx8_Pde11a_PAL,Inh_Lhx8_Pde11a_PAL
Inh_Lhx8_Pde11a_5,neuron,HY,GABA,MC_79:Hypothalamic and pallidal neurons,Inh_Lhx8_Pde11a,Inh_Lhx8_Pde11a_HY,Inh_Lhx8_Pde11a_HY
Inh_Lhx8_Pde11a_6,neuron,PAL,GABA,MC_79:Hypothalamic and pallidal neurons,Inh_Lhx8_Pde11a,Inh_Lhx8_Pde11a_PAL,Inh_Lhx8_Pde11a_PAL
Inh_Lhx8_Pde11a_7,neuron,PAL,GABA,MC_79:Hypothalamic and pallidal neurons,Inh_Lhx8_Pde11a,Inh_Lhx8_Pde11a_PAL,Inh_Lhx8_Pde11a_PAL
Inh_Lhx8_Pde11a_8,neuron,,GABA,MC_79:Hypothalamic and pallidal neurons,Inh_Lhx8_Pde11a,Inh_Lhx8_Pde11a,Inh_Lhx8_Pde11a
Inh_Lhx8_Pde11a_9,neuron,HY,GABA,MC_79:Hypothalamic and pallidal neurons,Inh_Lhx8_Pde11a,Inh_Lhx8_Pde11a_HY,Inh_Lhx8_Pde11a_HY
Inh_Lhx8_Pde11a_10,neuron,HY,GABA,MC_79:Hypothalamic and pallidal neurons,Inh_Lhx8_Pde11a_10,Inh_Lhx8_Pde11a_10_HY,Inh_Lhx8_Pde11a_10_HY
Inh_Lhx8_Pde11a_11,neuron,HY,GABA,MC_79:Hypothalamic and pallidal neurons,Inh_Lhx8_Pde11a_11,Inh_Lhx8_Pde11a_11_HY,Inh_Lhx8_Pde11a_11_HY
Inh_Lhx8_Pde11a_12,neuron,HY,GABA,MC_79:Hypothalamic and pallidal neurons,Inh_Lhx8_Pde11a_12,Inh_Lhx8_Pde11a_12_HY,Inh_Lhx8_Pde11a_12_HY
Inh_Lhx8_Chodl,neuron,HY,GABA,MC_79:Hypothalamic and pallidal neurons,Inh_Lhx8_Chodl,Inh_Lhx8_Chodl_HY,Inh_Lhx8_Chodl_HY
Inh_Lhx8_Oprk1,neuron,HY,GABA,MC_79:Hypothalamic and pallidal neurons,Inh_Lhx8_Oprk1,Inh_Lhx8_Oprk1_HY,Inh_Lhx8_Oprk1_HY
Inh_Lhx8_Rspo2,neuron,HY,GABA,MC_79:Hypothalamic and pallidal neurons,Inh_Lhx8_Rspo2,Inh_Lhx8_Rspo2_HY,Inh_Lhx8_Rspo2_HY
Inh_Lhx8_Nmu,neuron,HY,GABA,MC_79:Hypothalamic and pallidal neurons,Inh_Lhx8_Nmu,Inh_Lhx8_Nmu_HY,Inh_Lhx8_Nmu_HY
Inh_Lhx8_Th_1,neuron,HY,GABA,MC_79:Hypothalamic and pallidal neurons,Inh_Lhx8_Th,Inh_Lhx8_Th_HY,Inh_Lhx8_Th_HY
Inh_Lhx8_Th_2,neuron,HY,GABA,MC_79:Hypothalamic and pallidal neurons,Inh_Lhx8_Th,Inh_Lhx8_Th_HY,Inh_Lhx8_Th_HY
Inh_Lhx8_Th_3,neuron,HY,GABA,MC_79:Hypothalamic and pallidal neurons,Inh_Lhx8_Th,Inh_Lhx8_Th_HY,Inh_Lhx8_Th_HY
Inh_Lhx8_Ccdc68_1,neuron,PAL,GABA,MC_79:Hypothalamic and pallidal neurons,Inh_Lhx8_Ccdc68,Inh_Lhx8_Ccdc68_PAL,Inh_Lhx8_Ccdc68_PAL
Inh_Lhx8_Ccdc68_2,neuron,HY,GABA,MC_79:Hypothalamic and pallidal neurons,Inh_Lhx8_Ccdc68,Inh_Lhx8_Ccdc68_HY,Inh_Lhx8_Ccdc68_HY
Inh_Lhx8_Ccdc68_3,neuron,HY,GABA,MC_79:Hypothalamic and pallidal neurons,Inh_Lhx8_Ccdc68,Inh_Lhx8_Ccdc68_HY,Inh_Lhx8_Ccdc68_HY
Inh_Lhx8_Arhgef38_1,neuron,HY,GABA,MC_79:Hypothalamic and pallidal neurons,Inh_Lhx8_Arhgef38,Inh_Lhx8_Arhgef38_HY,Inh_Lhx8_Arhgef38_HY
Inh_Lhx8_Arhgef38_2,neuron,HY,GABA,MC_79:Hypothalamic and pallidal neurons,Inh_Lhx8_Arhgef38,Inh_Lhx8_Arhgef38_HY,Inh_Lhx8_Arhgef38_HY
Inh_Lhx8_Arhgef38_3,neuron,PAL,GABA,MC_79:Hypothalamic and pallidal neurons,Inh_Lhx8_Arhgef38,Inh_Lhx8_Arhgef38_PAL,Inh_Lhx8_Arhgef38_PAL
Inh_Lhx8_Arhgef38_4,neuron,HY,GABA,MC_79:Hypothalamic and pallidal neurons,Inh_Lhx8_Arhgef38,Inh_Lhx8_Arhgef38_HY,Inh_Lhx8_Arhgef38_HY
Inh_Lhx8_Arhgef38_5,neuron,HY,GABA,MC_79:Hypothalamic and pallidal neurons,Inh_Lhx8_Arhgef38,Inh_Lhx8_Arhgef38_HY,Inh_Lhx8_Arhgef38_HY
Inh_Lhx8_Arhgef38_6,neuron,HY,GABA,MC_79:Hypothalamic and pallidal neurons,Inh_Lhx8_Arhgef38,Inh_Lhx8_Arhgef38_HY,Inh_Lhx8_Arhgef38_HY
Inh_Lhx8_Arhgef38_7,neuron,HY,GABA,MC_79:Hypothalamic and pallidal neurons,Inh_Lhx8_Arhgef38,Inh_Lhx8_Arhgef38_HY,Inh_Lhx8_Arhgef38_HY
Inh_Lhx8_Arhgef38_8,neuron,HY,GABA,MC_79:Hypothalamic and pallidal neurons,Inh_Lhx8_Arhgef38,Inh_Lhx8_Arhgef38_HY,Inh_Lhx8_Arhgef38_HY
Inh_Lhx8_Lypd6,neuron,HY,GABA,MC_79:Hypothalamic and pallidal neurons,Inh_Lhx8_Lypd6,Inh_Lhx8_Lypd6_HY,Inh_Lhx8_Lypd6_HY
Inh_Lhx6_Asb4,neuron,HY,GABA,MC_79:Hypothalamic and pallidal neurons,Inh_Lhx6_Asb4,Inh_Lhx6_Asb4_HY,Inh_Lhx6_Asb4_HY
Inh_Lhx8_Efhb_1,neuron,HY,GABA,MC_14:Anterior hypothalamic MGE neurons,Inh_Lhx8_Efhb,Inh_Lhx8_Efhb_HY,Inh_Lhx8_Efhb_HY
Inh_Lhx8_Efhb_2,neuron,HY,GABA,MC_14:Anterior hypothalamic MGE neurons,Inh_Lhx8_Efhb,Inh_Lhx8_Efhb_HY,Inh_Lhx8_Efhb_HY
Ex_Dmrta2_Tmem72,neuron,MB,VGLUT2,MC_195:Tegmental neurons,Ex_Dmrta2_Tmem72,Ex_Dmrta2_Tmem72_MB,Ex_Dmrta2_Tmem72_MB
Ex_Dmrta2_Tll2_1,neuron,MB,VGLUT2,MC_195:Tegmental neurons,Ex_Dmrta2_Tll2,Ex_Dmrta2_Tll2_MB,Ex_Dmrta2_Tll2_MB
Ex_Dmrta2_Tll2_2,neuron,MB,VGLUT2,MC_195:Tegmental neurons,Ex_Dmrta2_Tll2,Ex_Dmrta2_Tll2_MB,Ex_Dmrta2_Tll2_MB
Ex_Dmrta2_Adgrv1,neuron,MB,VGLUT2,MC_195:Tegmental neurons,Ex_Dmrta2_Adgrv1,Ex_Dmrta2_Adgrv1_MB,Ex_Dmrta2_Adgrv1_MB
Ex_Dmrta2_Lrrc31_9130008F23Rik,neuron,MB,VGLUT2,MC_195:Tegmental neurons,Ex_Dmrta2_Lrrc31_9130008F23Rik,Ex_Dmrta2_Lrrc31_9130008F23Rik_MB,Ex_Dmrta2_Lrrc31_9130008F23Rik_MB
Ex_Dmrta2_Ntn1_Csf2rb2,neuron,MB,VGLUT2,MC_195:Tegmental neurons,Ex_Dmrta2_Ntn1_Csf2rb2,Ex_Dmrta2_Ntn1_Csf2rb2_MB,Ex_Dmrta2_Ntn1_Csf2rb2_MB
Ex_Dmrta2_Col6a6,neuron,MB,VGLUT2,MC_195:Tegmental neurons,Ex_Dmrta2_Col6a6,Ex_Dmrta2_Col6a6_MB,Ex_Dmrta2_Col6a6_MB
Ex_Dmrta2_Itga4,neuron,MB,VGLUT2,MC_195:Tegmental neurons,Ex_Dmrta2_Itga4,Ex_Dmrta2_Itga4_MB,Ex_Dmrta2_Itga4_MB
Ex_Dmrta2_Lrrc31_Th,neuron,HY,VGLUT2,MC_195:Tegmental neurons,Ex_Dmrta2_Lrrc31_Th,Ex_Dmrta2_Lrrc31_Th_HY,Ex_Dmrta2_Lrrc31_Th_HY
Ex_Dmrta2_Npy2r,neuron,MB,VGLUT2,MC_195:Tegmental neurons,Ex_Dmrta2_Npy2r,Ex_Dmrta2_Npy2r_MB,Ex_Dmrta2_Npy2r_MB
Ex_Dmrta2_Casr,neuron,MB,VGLUT2,MC_195:Tegmental neurons,Ex_Dmrta2_Casr,Ex_Dmrta2_Casr_MB,Ex_Dmrta2_Casr_MB
Ex_Dmrta2_Dnah11,neuron,MB,VGLUT2,MC_195:Tegmental neurons,Ex_Dmrta2_Dnah11,Ex_Dmrta2_Dnah11_MB,Ex_Dmrta2_Dnah11_MB
Ex_Dmrta2_Chat_1,neuron,HY,VGLUT2,MC_195:Tegmental neurons,Ex_Dmrta2_Chat,Ex_Dmrta2_Chat_HY,Ex_Dmrta2_Chat_HY
Ex_Dmrta2_Fgfr4_Csf2rb2,neuron,HY,VGLUT2,MC_195:Tegmental neurons,Ex_Dmrta2_Fgfr4_Csf2rb2,Ex_Dmrta2_Fgfr4_Csf2rb2_HY,Ex_Dmrta2_Fgfr4_Csf2rb2_HY
Ex_Dmrta2_Chat_2,neuron,MB,VGLUT2,MC_195:Tegmental neurons,Ex_Dmrta2_Chat,Ex_Dmrta2_Chat_MB,Ex_Dmrta2_Chat_MB
Ex_Dmrta2_Fgfr4,neuron,HY,VGLUT2,MC_195:Tegmental neurons,Ex_Dmrta2_Fgfr4,Ex_Dmrta2_Fgfr4_HY,Ex_Dmrta2_Fgfr4_HY
Ex_Dmrta2_Csf2rb2_1,neuron,HY,VGLUT2,MC_195:Tegmental neurons,Ex_Dmrta2_Csf2rb2,Ex_Dmrta2_Csf2rb2_HY,Ex_Dmrta2_Csf2rb2_HY
Ex_Dmrta2_Csf2rb2_2,neuron,HY,VGLUT2,MC_195:Tegmental neurons,Ex_Dmrta2_Csf2rb2,Ex_Dmrta2_Csf2rb2_HY,Ex_Dmrta2_Csf2rb2_HY
Ex_Dmrta2_Csf2rb2_3,neuron,HY,VGLUT2,MC_195:Tegmental neurons,Ex_Dmrta2_Csf2rb2,Ex_Dmrta2_Csf2rb2_HY,Ex_Dmrta2_Csf2rb2_HY
Ex_Dmrta2_Csf2rb2_4,neuron,HY,VGLUT2,MC_195:Tegmental neurons,Ex_Dmrta2_Csf2rb2,Ex_Dmrta2_Csf2rb2_HY,Ex_Dmrta2_Csf2rb2_HY
Ex_Dmrta2_Csf2rb2_5,neuron,MB,VGLUT2,MC_195:Tegmental neurons,Ex_Dmrta2_Csf2rb2,Ex_Dmrta2_Csf2rb2_MB,Ex_Dmrta2_Csf2rb2_MB
Ex_Dmrta2_Lsp1,neuron,MB,VGLUT2,MC_195:Tegmental neurons,Ex_Dmrta2_Lsp1,Ex_Dmrta2_Lsp1_MB,Ex_Dmrta2_Lsp1_MB
Ex_Dmrta2_Tnfaip8l3_1,neuron,MB,VGLUT2,MC_195:Tegmental neurons,Ex_Dmrta2_Tnfaip8l3,Ex_Dmrta2_Tnfaip8l3_MB,Ex_Dmrta2_Tnfaip8l3_MB
Ex_Dmrta2_Tnfaip8l3_2,neuron,MB,VGLUT2,MC_195:Tegmental neurons,Ex_Dmrta2_Tnfaip8l3,Ex_Dmrta2_Tnfaip8l3_MB,Ex_Dmrta2_Tnfaip8l3_MB
Ex_Dmrta2_Dsc3,neuron,MB,VGLUT2,MC_195:Tegmental neurons,Ex_Dmrta2_Dsc3,Ex_Dmrta2_Dsc3_MB,Ex_Dmrta2_Dsc3_MB
Ex_Dmrta2_Col5a2_1,neuron,MB,VGLUT2,MC_195:Tegmental neurons,Ex_Dmrta2_Col5a2,Ex_Dmrta2_Col5a2_MB,Ex_Dmrta2_Col5a2_MB
Ex_Dmrta2_Col5a2_2,neuron,MB,VGLUT2,MC_195:Tegmental neurons,Ex_Dmrta2_Col5a2,Ex_Dmrta2_Col5a2_MB,Ex_Dmrta2_Col5a2_MB
Ex_Dmrta2_Kcnmb1,neuron,MB,VGLUT2,MC_195:Tegmental neurons,Ex_Dmrta2_Kcnmb1,Ex_Dmrta2_Kcnmb1_MB,Ex_Dmrta2_Kcnmb1_MB
Ex_Dmrta2_Agtr1b_1,neuron,MB,VGLUT2,"MC_186:Tegmental neurons, primarily co-releasing (PMIDs 2797622 33619763)",Ex_Dmrta2_Agtr1b,Ex_Dmrta2_Agtr1b_MB,Ex_Dmrta2_Agtr1b_MB
Ex_Dmrta2_Agtr1b_2,neuron,HY,VGLUT2,"MC_186:Tegmental neurons, primarily co-releasing (PMIDs 2797622 33619763)",Ex_Dmrta2_Agtr1b,Ex_Dmrta2_Agtr1b_HY,Ex_Dmrta2_Agtr1b_HY
Ex_Dmrta2_Agtr1b_3,neuron,MB,VGLUT2,"MC_186:Tegmental neurons, primarily co-releasing (PMIDs 2797622 33619763)",Ex_Dmrta2_Agtr1b,Ex_Dmrta2_Agtr1b_MB,Ex_Dmrta2_Agtr1b_MB
Ex_Dmrta2_Slc26a7,neuron,HY,VGLUT2,"MC_186:Tegmental neurons, primarily co-releasing (PMIDs 2797622 33619763)",Ex_Dmrta2_Slc26a7,Ex_Dmrta2_Slc26a7_HY,Ex_Dmrta2_Slc26a7_HY
Ex_Lmx1a_Scart2_1,neuron,HY,VGLUT2_GABA,"MC_193:Hypothalamic neurons, primarily mammilary body nuclei",Ex_Lmx1a_Scart2,Ex_Lmx1a_Scart2_HY,Ex_Lmx1a_Scart2_HY
Ex_Lmx1a_Scart2_2,neuron,HY,VGLUT2,"MC_193:Hypothalamic neurons, primarily mammilary body nuclei",Ex_Lmx1a_Scart2,Ex_Lmx1a_Scart2_HY,Ex_Lmx1a_Scart2_HY
Ex_Lmx1a_Myf5,neuron,HY,VGLUT2,"MC_193:Hypothalamic neurons, primarily mammilary body nuclei",Ex_Lmx1a_Myf5,Ex_Lmx1a_Myf5_HY,Ex_Lmx1a_Myf5_HY
CholEx_Lmx1a_Tfcp2l1,neuron,MB,VGLUT2_GABA_CHOL,"MC_193:Hypothalamic neurons, primarily mammilary body nuclei",CholEx_Lmx1a_Tfcp2l1,CholEx_Lmx1a_Tfcp2l1_MB,CholEx_Lmx1a_Tfcp2l1_MB
Ex_Lmx1a_Csf2rb2_1,neuron,MB,VGLUT2,"MC_193:Hypothalamic neurons, primarily mammilary body nuclei",Ex_Lmx1a_Csf2rb2,Ex_Lmx1a_Csf2rb2_MB,Ex_Lmx1a_Csf2rb2_MB
Ex_Lmx1a_Csf2rb2_2,neuron,HY,VGLUT2,"MC_193:Hypothalamic neurons, primarily mammilary body nuclei",Ex_Lmx1a_Csf2rb2,Ex_Lmx1a_Csf2rb2_HY,Ex_Lmx1a_Csf2rb2_HY
Ex_Lmx1a_Csf2rb2_3,neuron,HY,VGLUT2,"MC_193:Hypothalamic neurons, primarily mammilary body nuclei",Ex_Lmx1a_Csf2rb2,Ex_Lmx1a_Csf2rb2_HY,Ex_Lmx1a_Csf2rb2_HY
Ex_Lmx1a_Csf2rb2_4,neuron,HY,VGLUT2_GABA,"MC_193:Hypothalamic neurons, primarily mammilary body nuclei",Ex_Lmx1a_Csf2rb2,Ex_Lmx1a_Csf2rb2_HY,Ex_Lmx1a_Csf2rb2_HY
Ex_Lmx1a_Csf2rb2_5,neuron,HY,VGLUT2,"MC_193:Hypothalamic neurons, primarily mammilary body nuclei",Ex_Lmx1a_Csf2rb2,Ex_Lmx1a_Csf2rb2_HY,Ex_Lmx1a_Csf2rb2_HY
Ex_Lmx1a_Csf2rb2_6,neuron,HY,VGLUT2,"MC_193:Hypothalamic neurons, primarily mammilary body nuclei",Ex_Lmx1a_Csf2rb2,Ex_Lmx1a_Csf2rb2_HY,Ex_Lmx1a_Csf2rb2_HY
Ex_Lmx1a_Csf2rb2_7,neuron,HY,VGLUT2,"MC_193:Hypothalamic neurons, primarily mammilary body nuclei",Ex_Lmx1a_Csf2rb2,Ex_Lmx1a_Csf2rb2_HY,Ex_Lmx1a_Csf2rb2_HY
Ex_Lmx1a_Crhbp_1,neuron,HY,VGLUT2,"MC_193:Hypothalamic neurons, primarily mammilary body nuclei",Ex_Lmx1a_Crhbp,Ex_Lmx1a_Crhbp_HY,Ex_Lmx1a_Crhbp_HY
Ex_Lmx1a_Crhbp_2,neuron,HY,VGLUT2,"MC_193:Hypothalamic neurons, primarily mammilary body nuclei",Ex_Lmx1a_Crhbp,Ex_Lmx1a_Crhbp_HY,Ex_Lmx1a_Crhbp_HY
Ex_Lmx1a_Crhbp_3,neuron,HY,VGLUT2,"MC_193:Hypothalamic neurons, primarily mammilary body nuclei",Ex_Lmx1a_Crhbp,Ex_Lmx1a_Crhbp_HY,Ex_Lmx1a_Crhbp_HY
Ex_Lmx1a_Crhbp_4,neuron,HY,VGLUT2,"MC_193:Hypothalamic neurons, primarily mammilary body nuclei",Ex_Lmx1a_Crhbp,Ex_Lmx1a_Crhbp_HY,Ex_Lmx1a_Crhbp_HY
Ex_Lmx1a_Crhbp_5,neuron,HY,VGLUT2,"MC_193:Hypothalamic neurons, primarily mammilary body nuclei",Ex_Lmx1a_Crhbp,Ex_Lmx1a_Crhbp_HY,Ex_Lmx1a_Crhbp_HY
Ex_Nkx2-4_Csf2rb2,neuron,HY,VGLUT2,"MC_193:Hypothalamic neurons, primarily mammilary body nuclei",Ex_Nkx2-4_Csf2rb2,Ex_Nkx2-4_Csf2rb2_HY,Ex_Nkx2-4_Csf2rb2_HY
Inh_Pax8_Sp9_1,neuron,MB,GABA,MC_100:Midbrain neurons,Inh_Pax8_Sp9,Inh_Pax8_Sp9_MB,Inh_Pax8_Sp9_MB
Inh_Pax8_Sp9_2,neuron,MB,GABA,MC_100:Midbrain neurons,Inh_Pax8_Sp9,Inh_Pax8_Sp9_MB,Inh_Pax8_Sp9_MB
Inh_Pax8_Sp9_3,neuron,MB,GABA,MC_100:Midbrain neurons,Inh_Pax8_Sp9,Inh_Pax8_Sp9_MB,Inh_Pax8_Sp9_MB
Inh_Pax8_Sp9_4,neuron,MB,GABA,MC_100:Midbrain neurons,Inh_Pax8_Sp9,Inh_Pax8_Sp9_MB,Inh_Pax8_Sp9_MB
Inh_Pax8_Sp9_5,neuron,MB,GABA,MC_100:Midbrain neurons,Inh_Pax8_Sp9,Inh_Pax8_Sp9_MB,Inh_Pax8_Sp9_MB
Inh_Pax8_Sp9_6,neuron,MB,GABA,MC_100:Midbrain neurons,Inh_Pax8_Sp9,Inh_Pax8_Sp9_MB,Inh_Pax8_Sp9_MB
Inh_Pax8_Sp9_7,neuron,MB,GABA,MC_100:Midbrain neurons,Inh_Pax8_Sp9,Inh_Pax8_Sp9_MB,Inh_Pax8_Sp9_MB
Inh_Pax8_Sp9_8,neuron,MB,GABA,MC_100:Midbrain neurons,Inh_Pax8_Sp9,Inh_Pax8_Sp9_MB,Inh_Pax8_Sp9_MB
Inh_Pax8_Npffr2,neuron,MB,GABA,MC_100:Midbrain neurons,Inh_Pax8_Npffr2,Inh_Pax8_Npffr2_MB,Inh_Pax8_Npffr2_MB
Inh_Pax5_Tll2,neuron,MB,GABA,MC_100:Midbrain neurons,Inh_Pax5_Tll2,Inh_Pax5_Tll2_MB,Inh_Pax5_Tll2_MB
Inh_Pax5_Clic5_1,neuron,MB,GABA,MC_100:Midbrain neurons,Inh_Pax5_Clic5,Inh_Pax5_Clic5_MB,Inh_Pax5_Clic5_MB
Inh_Pax5_Clic5_2,neuron,MB,GABA,MC_100:Midbrain neurons,Inh_Pax5_Clic5,Inh_Pax5_Clic5_MB,Inh_Pax5_Clic5_MB
Inh_Pax5_Gpr6,neuron,MB,GABA,MC_100:Midbrain neurons,Inh_Pax5_Gpr6,Inh_Pax5_Gpr6_MB,Inh_Pax5_Gpr6_MB
Inh_Pax5_Lcp1,neuron,MB,GABA,MC_100:Midbrain neurons,Inh_Pax5_Lcp1,Inh_Pax5_Lcp1_MB,Inh_Pax5_Lcp1_MB
Inh_Pax5_Padi1_1,neuron,MB,GABA,MC_100:Midbrain neurons,Inh_Pax5_Padi1,Inh_Pax5_Padi1_MB,Inh_Pax5_Padi1_MB
Inh_Pax5_Padi1_2,neuron,MB,GABA,MC_100:Midbrain neurons,Inh_Pax5_Padi1,Inh_Pax5_Padi1_MB,Inh_Pax5_Padi1_MB
Inh_Pax8_Pdzk1ip1_1,neuron,MB,GABA,MC_100:Midbrain neurons,Inh_Pax8_Pdzk1ip1,Inh_Pax8_Pdzk1ip1_MB,Inh_Pax8_Pdzk1ip1_MB
Inh_Pax8_Pdzk1ip1_2,neuron,MB,GABA,MC_100:Midbrain neurons,Inh_Pax8_Pdzk1ip1,Inh_Pax8_Pdzk1ip1_MB,Inh_Pax8_Pdzk1ip1_MB
Inh_Pax8_Agtr1a,neuron,MB,GABA,MC_100:Midbrain neurons,Inh_Pax8_Agtr1a,Inh_Pax8_Agtr1a_MB,Inh_Pax8_Agtr1a_MB
Inh_Pax8_Vmn1r196,neuron,MB,GABA,MC_100:Midbrain neurons,Inh_Pax8_Vmn1r196,Inh_Pax8_Vmn1r196_MB,Inh_Pax8_Vmn1r196_MB
Inh_Pax8_Layn,neuron,MB,GABA,MC_100:Midbrain neurons,Inh_Pax8_Layn,Inh_Pax8_Layn_MB,Inh_Pax8_Layn_MB
Inh_Sox2_Bves_1,neuron,MB,GABA,MC_100:Midbrain neurons,Inh_Sox2_Bves,Inh_Sox2_Bves_MB,Inh_Sox2_Bves_MB
Inh_Sox2_Bves_2,neuron,MB,GABA,MC_100:Midbrain neurons,Inh_Sox2_Bves,Inh_Sox2_Bves_MB,Inh_Sox2_Bves_MB
Inh_Sox2_Bves_3,neuron,MB,GABA,MC_100:Midbrain neurons,Inh_Sox2_Bves,Inh_Sox2_Bves_MB,Inh_Sox2_Bves_MB
Inh_Sox2_Ikzf1_1,neuron,MB,GABA,MC_100:Midbrain neurons,Inh_Sox2_Ikzf1,Inh_Sox2_Ikzf1_MB,Inh_Sox2_Ikzf1_MB
Inh_Sox2_Ikzf1_2,neuron,MB,GABA,MC_100:Midbrain neurons,Inh_Sox2_Ikzf1,Inh_Sox2_Ikzf1_MB,Inh_Sox2_Ikzf1_MB
Inh_Sox2_Ikzf1_3,neuron,MB,GABA,MC_100:Midbrain neurons,Inh_Sox2_Ikzf1,Inh_Sox2_Ikzf1_MB,Inh_Sox2_Ikzf1_MB
Inh_Sox2_Ikzf1_4,neuron,MB,GABA,MC_100:Midbrain neurons,Inh_Sox2_Ikzf1,Inh_Sox2_Ikzf1_MB,Inh_Sox2_Ikzf1_MB
Inh_Sox2_Ikzf1_5,neuron,MB,GABA,MC_100:Midbrain neurons,Inh_Sox2_Ikzf1,Inh_Sox2_Ikzf1_MB,Inh_Sox2_Ikzf1_MB
Inh_Sox2_Ikzf1_6,neuron,MB,GABA,MC_100:Midbrain neurons,Inh_Sox2_Ikzf1,Inh_Sox2_Ikzf1_MB,Inh_Sox2_Ikzf1_MB
Inh_Sox2_Ikzf1_7,neuron,MB,GABA,MC_100:Midbrain neurons,Inh_Sox2_Ikzf1,Inh_Sox2_Ikzf1_MB,Inh_Sox2_Ikzf1_MB
Inh_Sox2_Ikzf1_8,neuron,MB,GABA,MC_100:Midbrain neurons,Inh_Sox2_Ikzf1,Inh_Sox2_Ikzf1_MB,Inh_Sox2_Ikzf1_MB
Ex_Lmx1b_Aldh1a2_1,neuron,MY,VGLUT2,MC_171:Pontine and medullary reticular neurons,Ex_Lmx1b_Aldh1a2,Ex_Lmx1b_Aldh1a2_MY,Ex_Lmx1b_Aldh1a2_MY
Ex_Lmx1b_Aldh1a2_2,neuron,MY,VGLUT2,MC_171:Pontine and medullary reticular neurons,Ex_Lmx1b_Aldh1a2,Ex_Lmx1b_Aldh1a2_MY,Ex_Lmx1b_Aldh1a2_MY
Ex_Lmx1b_Grp,neuron,MY,VGLUT2,MC_171:Pontine and medullary reticular neurons,Ex_Lmx1b_Grp,Ex_Lmx1b_Grp_MY,Ex_Lmx1b_Grp_MY
Ex_Lmx1b_Aldh1a2_3,neuron,MY,VGLUT2,MC_171:Pontine and medullary reticular neurons,Ex_Lmx1b_Aldh1a2,Ex_Lmx1b_Aldh1a2_MY,Ex_Lmx1b_Aldh1a2_MY
Ex_Lmx1b_Pou4f1_Arsj_1,neuron,MY,VGLUT2,MC_171:Pontine and medullary reticular neurons,Ex_Lmx1b_Pou4f1_Arsj,Ex_Lmx1b_Pou4f1_Arsj_MY,Ex_Lmx1b_Pou4f1_Arsj_MY
Ex_Lmx1b_Pou4f1_Arsj_2,neuron,MY,VGLUT2,MC_171:Pontine and medullary reticular neurons,Ex_Lmx1b_Pou4f1_Arsj,Ex_Lmx1b_Pou4f1_Arsj_MY,Ex_Lmx1b_Pou4f1_Arsj_MY
Ex_Lmx1b_Unc5cl_1,neuron,MY,VGLUT2,MC_171:Pontine and medullary reticular neurons,Ex_Lmx1b_Unc5cl,Ex_Lmx1b_Unc5cl_MY,Ex_Lmx1b_Unc5cl_MY
Ex_Lmx1b_Unc5cl_2,neuron,MY,VGLUT2,MC_171:Pontine and medullary reticular neurons,Ex_Lmx1b_Unc5cl,Ex_Lmx1b_Unc5cl_MY,Ex_Lmx1b_Unc5cl_MY
Ex_Lmx1b_Ccdc170,neuron,P,VGLUT2,MC_171:Pontine and medullary reticular neurons,Ex_Lmx1b_Ccdc170,Ex_Lmx1b_Ccdc170_P,Ex_Lmx1b_Ccdc170_P
Ex_Lmx1b_Deup1_1,neuron,MY,VGLUT2,MC_171:Pontine and medullary reticular neurons,Ex_Lmx1b_Deup1,Ex_Lmx1b_Deup1_MY,Ex_Lmx1b_Deup1_MY
Ex_Lmx1b_Deup1_2,neuron,MY,VGLUT2,MC_171:Pontine and medullary reticular neurons,Ex_Lmx1b_Deup1,Ex_Lmx1b_Deup1_MY,Ex_Lmx1b_Deup1_MY
Ex_Lmx1b_Deup1_3,neuron,MY,VGLUT2,MC_171:Pontine and medullary reticular neurons,Ex_Lmx1b_Deup1,Ex_Lmx1b_Deup1_MY,Ex_Lmx1b_Deup1_MY
Ex_Lmx1b_Deup1_4,neuron,MY,VGLUT2,MC_171:Pontine and medullary reticular neurons,Ex_Lmx1b_Deup1,Ex_Lmx1b_Deup1_MY,Ex_Lmx1b_Deup1_MY
Ex_Lmx1b_Deup1_5,neuron,MY,VGLUT2,MC_171:Pontine and medullary reticular neurons,Ex_Lmx1b_Deup1,Ex_Lmx1b_Deup1_MY,Ex_Lmx1b_Deup1_MY
Ex_Lmx1b_Deup1_6,neuron,MY,VGLUT2,MC_171:Pontine and medullary reticular neurons,Ex_Lmx1b_Deup1,Ex_Lmx1b_Deup1_MY,Ex_Lmx1b_Deup1_MY
Ex_Lmx1b_Upp1,neuron,MY,VGLUT2,MC_171:Pontine and medullary reticular neurons,Ex_Lmx1b_Upp1,Ex_Lmx1b_Upp1_MY,Ex_Lmx1b_Upp1_MY
Ex_Lmx1b_Vstm4,neuron,MY,VGLUT2,MC_171:Pontine and medullary reticular neurons,Ex_Lmx1b_Vstm4,Ex_Lmx1b_Vstm4_MY,Ex_Lmx1b_Vstm4_MY
Ex_Lmx1b_Olfr273,neuron,MY,VGLUT2,MC_171:Pontine and medullary reticular neurons,Ex_Lmx1b_Olfr273,Ex_Lmx1b_Olfr273_MY,Ex_Lmx1b_Olfr273_MY
Ex_Lmx1b_Cyyr1,neuron,MY,VGLUT2,MC_171:Pontine and medullary reticular neurons,Ex_Lmx1b_Cyyr1,Ex_Lmx1b_Cyyr1_MY,Ex_Lmx1b_Cyyr1_MY
Ex_Lmx1b_Olfr78,neuron,MY,VGLUT2,MC_171:Pontine and medullary reticular neurons,Ex_Lmx1b_Olfr78,Ex_Lmx1b_Olfr78_MY,Ex_Lmx1b_Olfr78_MY
Ex_Lmx1b_Scn5a,neuron,MY,VGLUT2,MC_171:Pontine and medullary reticular neurons,Ex_Lmx1b_Scn5a,Ex_Lmx1b_Scn5a_MY,Ex_Lmx1b_Scn5a_MY
Ex_Lmx1b_Olfr25,neuron,MY,VGLUT2,MC_172:Pontine and medullary reticular neurons,Ex_Lmx1b_Olfr25,Ex_Lmx1b_Olfr25_MY,Ex_Lmx1b_Olfr25_MY
Ex_Lmx1b_Wif1,neuron,MY,VGLUT2,MC_172:Pontine and medullary reticular neurons,Ex_Lmx1b_Wif1,Ex_Lmx1b_Wif1_MY,Ex_Lmx1b_Wif1_MY
Ex_Lmx1b_Abi3bp,neuron,MY,VGLUT2,MC_172:Pontine and medullary reticular neurons,Ex_Lmx1b_Abi3bp,Ex_Lmx1b_Abi3bp_MY,Ex_Lmx1b_Abi3bp_MY
Ex_Lmx1b_Pi15,neuron,MY,VGLUT2,MC_172:Pontine and medullary reticular neurons,Ex_Lmx1b_Pi15,Ex_Lmx1b_Pi15_MY,Ex_Lmx1b_Pi15_MY
Ex_Lmx1b_Tmem235_1,neuron,MY,VGLUT2,MC_171:Pontine and medullary reticular neurons,Ex_Lmx1b_Tmem235,Ex_Lmx1b_Tmem235_MY,Ex_Lmx1b_Tmem235_MY
Ex_Lmx1b_Tmem235_2,neuron,MY,VGLUT2,MC_171:Pontine and medullary reticular neurons,Ex_Lmx1b_Tmem235,Ex_Lmx1b_Tmem235_MY,Ex_Lmx1b_Tmem235_MY
Ex_Lmx1b_Tmem235_3,neuron,MY,VGLUT2,MC_171:Pontine and medullary reticular neurons,Ex_Lmx1b_Tmem235,Ex_Lmx1b_Tmem235_MY,Ex_Lmx1b_Tmem235_MY
Ex_Lmx1b_Esm1,neuron,MY,VGLUT2,MC_171:Pontine and medullary reticular neurons,Ex_Lmx1b_Esm1,Ex_Lmx1b_Esm1_MY,Ex_Lmx1b_Esm1_MY
Ex_Lmx1b_Teddm3,neuron,MY,VGLUT2,MC_171:Pontine and medullary reticular neurons,Ex_Lmx1b_Teddm3,Ex_Lmx1b_Teddm3_MY,Ex_Lmx1b_Teddm3_MY
Ex_Lmx1b_1110032F04Rik_1,neuron,MY,VGLUT2,MC_171:Pontine and medullary reticular neurons,Ex_Lmx1b_1110032F04Rik,Ex_Lmx1b_1110032F04Rik_MY,Ex_Lmx1b_1110032F04Rik_MY
Ex_Lmx1b_1110032F04Rik_2,neuron,MY,VGLUT2,MC_171:Pontine and medullary reticular neurons,Ex_Lmx1b_1110032F04Rik,Ex_Lmx1b_1110032F04Rik_MY,Ex_Lmx1b_1110032F04Rik_MY
Ex_Lmx1b_Tnnt2,neuron,MY,VGLUT2,MC_171:Pontine and medullary reticular neurons,Ex_Lmx1b_Tnnt2,Ex_Lmx1b_Tnnt2_MY,Ex_Lmx1b_Tnnt2_MY
Ex_Lmx1b_Tmem100_1,neuron,MY,VGLUT2,MC_171:Pontine and medullary reticular neurons,Ex_Lmx1b_Tmem100,Ex_Lmx1b_Tmem100_MY,Ex_Lmx1b_Tmem100_MY
Ex_Pou4f3_Mdfic2,neuron,MY,VGLUT2,MC_171:Pontine and medullary reticular neurons,Ex_Pou4f3_Mdfic2,Ex_Pou4f3_Mdfic2_MY,Ex_Pou4f3_Mdfic2_MY
Ex_Lmx1b_Tmem100_2,neuron,MY,VGLUT2,MC_171:Pontine and medullary reticular neurons,Ex_Lmx1b_Tmem100,Ex_Lmx1b_Tmem100_MY,Ex_Lmx1b_Tmem100_MY
Ex_Lmx1b_Sec1,neuron,MY,VGLUT2,MC_171:Pontine and medullary reticular neurons,Ex_Lmx1b_Sec1,Ex_Lmx1b_Sec1_MY,Ex_Lmx1b_Sec1_MY
Ex_Lmx1b_Dynap_1,neuron,MY,VGLUT2,MC_173:Pontine and medullary reticular neurons,Ex_Lmx1b_Dynap,Ex_Lmx1b_Dynap_MY,Ex_Lmx1b_Dynap_MY
Ex_Lmx1b_Dynap_2,neuron,MY,VGLUT2,MC_173:Pontine and medullary reticular neurons,Ex_Lmx1b_Dynap,Ex_Lmx1b_Dynap_MY,Ex_Lmx1b_Dynap_MY
Ex_Lmx1b_Dynap_3,neuron,MY,VGLUT2,MC_173:Pontine and medullary reticular neurons,Ex_Lmx1b_Dynap,Ex_Lmx1b_Dynap_MY,Ex_Lmx1b_Dynap_MY
Ex_Lmx1b_Dynap_4,neuron,MY,VGLUT2,MC_173:Pontine and medullary reticular neurons,Ex_Lmx1b_Dynap,Ex_Lmx1b_Dynap_MY,Ex_Lmx1b_Dynap_MY
Ex_Lmx1b_Dynap_5,neuron,MY,VGLUT2,MC_173:Pontine and medullary reticular neurons,Ex_Lmx1b_Dynap,Ex_Lmx1b_Dynap_MY,Ex_Lmx1b_Dynap_MY
Ex_Lmx1b_Dynap_6,neuron,MY,VGLUT2,MC_172:Pontine and medullary reticular neurons,Ex_Lmx1b_Dynap,Ex_Lmx1b_Dynap_MY,Ex_Lmx1b_Dynap_MY
Ex_Lmx1b_Vmn1r206_1,neuron,MY,VGLUT2,MC_173:Pontine and medullary reticular neurons,Ex_Lmx1b_Vmn1r206,Ex_Lmx1b_Vmn1r206_MY,Ex_Lmx1b_Vmn1r206_MY
Ex_Lmx1b_Vmn1r206_2,neuron,MY,VGLUT2,MC_173:Pontine and medullary reticular neurons,Ex_Lmx1b_Vmn1r206,Ex_Lmx1b_Vmn1r206_MY,Ex_Lmx1b_Vmn1r206_MY
Ex_Lmx1b_Vmn1r206_3,neuron,MY,VGLUT2,MC_173:Pontine and medullary reticular neurons,Ex_Lmx1b_Vmn1r206,Ex_Lmx1b_Vmn1r206_MY,Ex_Lmx1b_Vmn1r206_MY
Ex_Lmx1b_Tmem215,neuron,MY,VGLUT2,MC_173:Pontine and medullary reticular neurons,Ex_Lmx1b_Tmem215,Ex_Lmx1b_Tmem215_MY,Ex_Lmx1b_Tmem215_MY
Ex_Skor1_Pon2_1,neuron,,VGLUT2,MC_15:Hypothalamic and pallidal neurons,Ex_Skor1_Pon2,Ex_Skor1_Pon2,Ex_Skor1_Pon2
Ex_Skor1_Pon2_2,neuron,,VGLUT2,MC_15:Hypothalamic and pallidal neurons,Ex_Skor1_Pon2,Ex_Skor1_Pon2,Ex_Skor1_Pon2
Ex_Skor1_Pon2_3,neuron,,VGLUT2,MC_15:Hypothalamic and pallidal neurons,Ex_Skor1_Pon2,Ex_Skor1_Pon2,Ex_Skor1_Pon2
Ex_Skor1_Pon2_4,neuron,MB,VGLUT2,MC_15:Hypothalamic and pallidal neurons,Ex_Skor1_Pon2,Ex_Skor1_Pon2_MB,Ex_Skor1_Pon2_MB
Ex_Skor1_Il31ra_2,neuron,HY,VGLUT2,MC_15:Hypothalamic and pallidal neurons,Ex_Skor1_Il31ra,Ex_Skor1_Il31ra_HY,Ex_Skor1_Il31ra_HY
Ex_Lhx2_Il31ra_1,neuron,MB,VGLUT2,MC_15:Hypothalamic and pallidal neurons,Ex_Lhx2_Il31ra,Ex_Lhx2_Il31ra_MB,Ex_Lhx2_Il31ra_MB
Ex_Lhx2_Il31ra_2,neuron,HY,VGLUT2,MC_15:Hypothalamic and pallidal neurons,Ex_Lhx2_Il31ra,Ex_Lhx2_Il31ra_HY,Ex_Lhx2_Il31ra_HY
Ex_Skor1_Chodl,neuron,MB,VGLUT2,MC_15:Hypothalamic and pallidal neurons,Ex_Skor1_Chodl,Ex_Skor1_Chodl_MB,Ex_Skor1_Chodl_MB
Ex_Skor1_Kdr_1,neuron,PAL,VGLUT2,MC_15:Hypothalamic and pallidal neurons,Ex_Skor1_Kdr,Ex_Skor1_Kdr_PAL,Ex_Skor1_Kdr_PAL
Ex_Skor1_Kdr_2,neuron,HY,VGLUT2,MC_15:Hypothalamic and pallidal neurons,Ex_Skor1_Kdr,Ex_Skor1_Kdr_HY,Ex_Skor1_Kdr_HY
Ex_Skor1_Daam2_Cnga3,neuron,PAL,VGLUT2,MC_15:Hypothalamic and pallidal neurons,Ex_Skor1_Daam2_Cnga3,Ex_Skor1_Daam2_Cnga3_PAL,Ex_Skor1_Daam2_Cnga3_PAL
Ex_Skor1_Kdr_3,neuron,HY,VGLUT2,MC_15:Hypothalamic and pallidal neurons,Ex_Skor1_Kdr,Ex_Skor1_Kdr_HY,Ex_Skor1_Kdr_HY
Ex_Skor1_Calr4,neuron,HY,VGLUT2,MC_15:Hypothalamic and pallidal neurons,Ex_Skor1_Calr4,Ex_Skor1_Calr4_HY,Ex_Skor1_Calr4_HY
Ex_Skor1_Kdr_4,neuron,HY,VGLUT2,MC_15:Hypothalamic and pallidal neurons,Ex_Skor1_Kdr,Ex_Skor1_Kdr_HY,Ex_Skor1_Kdr_HY
Ex_Skor1_Galr1,neuron,PAL,VGLUT2,MC_15:Hypothalamic and pallidal neurons,Ex_Skor1_Galr1,Ex_Skor1_Galr1_PAL,Ex_Skor1_Galr1_PAL
Ex_Skor1_Frem1_1,neuron,HY,VGLUT2,MC_15:Hypothalamic and pallidal neurons,Ex_Skor1_Frem1,Ex_Skor1_Frem1_HY,Ex_Skor1_Frem1_HY
Ex_Skor1_Frem1_2,neuron,HY,VGLUT2,MC_15:Hypothalamic and pallidal neurons,Ex_Skor1_Frem1,Ex_Skor1_Frem1_HY,Ex_Skor1_Frem1_HY
Ex_Skor1_Frem1_3,neuron,HY,VGLUT2,MC_15:Hypothalamic and pallidal neurons,Ex_Skor1_Frem1,Ex_Skor1_Frem1_HY,Ex_Skor1_Frem1_HY
Ex_Skor1_Emx2_1,neuron,HY,VGLUT2,MC_15:Hypothalamic and pallidal neurons,Ex_Skor1_Emx2,Ex_Skor1_Emx2_HY,Ex_Skor1_Emx2_HY
Ex_Skor1_Emx2_2,neuron,MB,VGLUT2,MC_15:Hypothalamic and pallidal neurons,Ex_Skor1_Emx2,Ex_Skor1_Emx2_MB,Ex_Skor1_Emx2_MB
Ex_Dmrta2_Rxfp2_1,neuron,HY,VGLUT2,MC_15:Hypothalamic and pallidal neurons,Ex_Dmrta2_Rxfp2,Ex_Dmrta2_Rxfp2_HY,Ex_Dmrta2_Rxfp2_HY
Ex_Dmrta2_Rxfp2_2,neuron,HY,VGLUT2,MC_15:Hypothalamic and pallidal neurons,Ex_Dmrta2_Rxfp2,Ex_Dmrta2_Rxfp2_HY,Ex_Dmrta2_Rxfp2_HY
Ex_Skor1_Samd3_1,neuron,MB,VGLUT2,MC_15:Hypothalamic and pallidal neurons,Ex_Skor1_Samd3,Ex_Skor1_Samd3_MB,Ex_Skor1_Samd3_MB
Ex_Skor1_Samd3_2,neuron,,VGLUT2,MC_15:Hypothalamic and pallidal neurons,Ex_Skor1_Samd3,Ex_Skor1_Samd3,Ex_Skor1_Samd3
Ex_Skor1_Samd3_3,neuron,MB,VGLUT2,MC_15:Hypothalamic and pallidal neurons,Ex_Skor1_Samd3,Ex_Skor1_Samd3_MB,Ex_Skor1_Samd3_MB
Ex_Skor1_Hpgd_1,neuron,HY,VGLUT2,MC_15:Hypothalamic and pallidal neurons,Ex_Skor1_Hpgd,Ex_Skor1_Hpgd_HY,Ex_Skor1_Hpgd_HY
Ex_Skor1_Hpgd_2,neuron,PAL,VGLUT2,MC_15:Hypothalamic and pallidal neurons,Ex_Skor1_Hpgd,Ex_Skor1_Hpgd_PAL,Ex_Skor1_Hpgd_PAL
Ex_Skor1_Cnga3,neuron,HY,VGLUT2,MC_15:Hypothalamic and pallidal neurons,Ex_Skor1_Cnga3,Ex_Skor1_Cnga3_HY,Ex_Skor1_Cnga3_HY
Ex_Skor1_Kcnmb1,neuron,OLF,VGLUT2,MC_15:Hypothalamic and pallidal neurons,Ex_Skor1_Kcnmb1,Ex_Skor1_Kcnmb1_OLF,Ex_Skor1_Kcnmb1_OLF
Ex_Skor1_Samd3_4,neuron,HY,VGLUT2,MC_15:Hypothalamic and pallidal neurons,Ex_Skor1_Samd3,Ex_Skor1_Samd3_HY,Ex_Skor1_Samd3_HY
Ex_Skor1_Slc17a8_1,neuron,HY,VGLUT2,MC_15:Hypothalamic and pallidal neurons,Ex_Skor1_Slc17a8,Ex_Skor1_Slc17a8_HY,Ex_Skor1_Slc17a8_HY
Ex_Skor1_Slc17a8_2,neuron,HY,VGLUT2,MC_15:Hypothalamic and pallidal neurons,Ex_Skor1_Slc17a8,Ex_Skor1_Slc17a8_HY,Ex_Skor1_Slc17a8_HY
Ex_Skor1_Slc5a7_1,neuron,HY,VGLUT2_GABA,MC_15:Hypothalamic and pallidal neurons,Ex_Skor1_Slc5a7,Ex_Skor1_Slc5a7_HY,Ex_Skor1_Slc5a7_HY
Ex_Skor1_Ucn3,neuron,,VGLUT2_GABA,MC_15:Hypothalamic and pallidal neurons,Ex_Skor1_Ucn3,Ex_Skor1_Ucn3,Ex_Skor1_Ucn3
Ex_Skor1_Slc5a7_2,neuron,HY,VGLUT2,MC_15:Hypothalamic and pallidal neurons,Ex_Skor1_Slc5a7,Ex_Skor1_Slc5a7_HY,Ex_Skor1_Slc5a7_HY
Ex_Samd3_Egflam,neuron,HY,VGLUT2,MC_15:Hypothalamic and pallidal neurons,Ex_Samd3_Egflam,Ex_Samd3_Egflam_HY,Ex_Samd3_Egflam_HY
Ex_Samd3_Slc38a11_1,neuron,HY,VGLUT2,MC_15:Hypothalamic and pallidal neurons,Ex_Samd3_Slc38a11,Ex_Samd3_Slc38a11_HY,Ex_Samd3_Slc38a11_HY
Ex_Samd3_Brs3,neuron,MB,VGLUT2,MC_15:Hypothalamic and pallidal neurons,Ex_Samd3_Brs3,Ex_Samd3_Brs3_MB,Ex_Samd3_Brs3_MB
Ex_Lhx5_Bmp3,neuron,MB,VGLUT2,MC_15:Hypothalamic and pallidal neurons,Ex_Lhx5_Bmp3,Ex_Lhx5_Bmp3_MB,Ex_Lhx5_Bmp3_MB
Ex_Samd3_Atp10b,neuron,HY,VGLUT2,MC_15:Hypothalamic and pallidal neurons,Ex_Samd3_Atp10b,Ex_Samd3_Atp10b_HY,Ex_Samd3_Atp10b_HY
Ex_Samd3_Npsr1_1,neuron,HY,VGLUT2,MC_15:Hypothalamic and pallidal neurons,Ex_Samd3_Npsr1,Ex_Samd3_Npsr1_HY,Ex_Samd3_Npsr1_HY
Ex_Samd3_Npsr1_2,neuron,HY,VGLUT2,MC_15:Hypothalamic and pallidal neurons,Ex_Samd3_Npsr1,Ex_Samd3_Npsr1_HY,Ex_Samd3_Npsr1_HY
Ex_Samd3_Npsr1_3,neuron,HY,VGLUT2,MC_15:Hypothalamic and pallidal neurons,Ex_Samd3_Npsr1,Ex_Samd3_Npsr1_HY,Ex_Samd3_Npsr1_HY
Ex_Skor1_Col24a1,neuron,HY,VGLUT2,MC_15:Hypothalamic and pallidal neurons,Ex_Skor1_Col24a1,Ex_Skor1_Col24a1_HY,Ex_Skor1_Col24a1_HY
Ex_Samd3_Chrna2,neuron,HY,VGLUT2,MC_15:Hypothalamic and pallidal neurons,Ex_Samd3_Chrna2,Ex_Samd3_Chrna2_HY,Ex_Samd3_Chrna2_HY
Ex_Samd3_Emx2_1,neuron,HY,VGLUT2,MC_15:Hypothalamic and pallidal neurons,Ex_Samd3_Emx2,Ex_Samd3_Emx2_HY,Ex_Samd3_Emx2_HY
Ex_Samd3_Emx2_2,neuron,HY,VGLUT2,MC_15:Hypothalamic and pallidal neurons,Ex_Samd3_Emx2,Ex_Samd3_Emx2_HY,Ex_Samd3_Emx2_HY
Ex_Samd3_Emx2_3,neuron,HY,VGLUT2,MC_15:Hypothalamic and pallidal neurons,Ex_Samd3_Emx2,Ex_Samd3_Emx2_HY,Ex_Samd3_Emx2_HY
Ex_Samd3_Emx2_4,neuron,HY,VGLUT2,MC_15:Hypothalamic and pallidal neurons,Ex_Samd3_Emx2,Ex_Samd3_Emx2_HY,Ex_Samd3_Emx2_HY
Ex_Samd3_Emx2_5,neuron,HY,VGLUT2,MC_15:Hypothalamic and pallidal neurons,Ex_Samd3_Emx2,Ex_Samd3_Emx2_HY,Ex_Samd3_Emx2_HY
Ex_Samd3_Emx2_6,neuron,HY,VGLUT2,MC_15:Hypothalamic and pallidal neurons,Ex_Samd3_Emx2,Ex_Samd3_Emx2_HY,Ex_Samd3_Emx2_HY
Ex_Samd3_Emx2_7,neuron,HY,VGLUT2,MC_15:Hypothalamic and pallidal neurons,Ex_Samd3_Emx2,Ex_Samd3_Emx2_HY,Ex_Samd3_Emx2_HY
Ex_Samd3_Emx2_8,neuron,MB,VGLUT2,MC_15:Hypothalamic and pallidal neurons,Ex_Samd3_Emx2,Ex_Samd3_Emx2_MB,Ex_Samd3_Emx2_MB
Ex_Samd3_Tnfaip8_1,neuron,HY,VGLUT2,MC_15:Hypothalamic and pallidal neurons,Ex_Samd3_Tnfaip8,Ex_Samd3_Tnfaip8_HY,Ex_Samd3_Tnfaip8_HY
Ex_Samd3_Tnfaip8_2,neuron,HY,VGLUT2,MC_15:Hypothalamic and pallidal neurons,Ex_Samd3_Tnfaip8,Ex_Samd3_Tnfaip8_HY,Ex_Samd3_Tnfaip8_HY
Ex_Samd3_Lama4,neuron,HY,VGLUT2,MC_15:Hypothalamic and pallidal neurons,Ex_Samd3_Lama4,Ex_Samd3_Lama4_HY,Ex_Samd3_Lama4_HY
Ex_Samd3_Prokr2,neuron,HY,VGLUT2,MC_15:Hypothalamic and pallidal neurons,Ex_Samd3_Prokr2,Ex_Samd3_Prokr2_HY,Ex_Samd3_Prokr2_HY
Inh_Gbx1_Htr1a_1,neuron,PAL,GABA,MC_6:Pallidal and septal MGE neurons,Inh_Gbx1_Htr1a,Inh_Gbx1_Htr1a_PAL,Inh_Gbx1_Htr1a_PAL
Inh_Gbx1_Vmn1r207,neuron,PAL,GABA,MC_7:Pallidal and septal MGE neurons,Inh_Gbx1_Vmn1r207,Inh_Gbx1_Vmn1r207_PAL,Inh_Gbx1_Vmn1r207_PAL
Inh_Gbx1_Htr1a_2,neuron,PAL,GABA,MC_7:Pallidal and septal MGE neurons,Inh_Gbx1_Htr1a,Inh_Gbx1_Htr1a_PAL,Inh_Gbx1_Htr1a_PAL
Inh_Gbx1_Htr1a_3,neuron,PAL,GABA,MC_7:Pallidal and septal MGE neurons,Inh_Gbx1_Htr1a,Inh_Gbx1_Htr1a_PAL,Inh_Gbx1_Htr1a_PAL
Inh_Gbx1_Htr1a_4,neuron,PAL,GABA,MC_7:Pallidal and septal MGE neurons,Inh_Gbx1_Htr1a,Inh_Gbx1_Htr1a_PAL,Inh_Gbx1_Htr1a_PAL
Inh_Gbx1_Htr1a_5,neuron,PAL,GABA,MC_9:Hypothalamic and pallidal MGE neurons,Inh_Gbx1_Htr1a,Inh_Gbx1_Htr1a_PAL,Inh_Gbx1_Htr1a_PAL
Inh_Gbx1_Htr1a_6,neuron,PAL,GABA,MC_6:Pallidal and septal MGE neurons,Inh_Gbx1_Htr1a,Inh_Gbx1_Htr1a_PAL,Inh_Gbx1_Htr1a_PAL
Inh_Gbx1_Htr1a_7,neuron,HY,GABA,MC_6:Pallidal and septal MGE neurons,Inh_Gbx1_Htr1a,Inh_Gbx1_Htr1a_HY,Inh_Gbx1_Htr1a_HY
Inh_Gbx1_Htr1a_8,neuron,HY,GABA,MC_6:Pallidal and septal MGE neurons,Inh_Gbx1_Htr1a,Inh_Gbx1_Htr1a_HY,Inh_Gbx1_Htr1a_HY
Inh_Gbx1_Htr1a_9,neuron,HY,GABA,MC_6:Pallidal and septal MGE neurons,Inh_Gbx1_Htr1a,Inh_Gbx1_Htr1a_HY,Inh_Gbx1_Htr1a_HY
Inh_Gbx1_Htr1a_10,neuron,HY,GABA,MC_6:Pallidal and septal MGE neurons,Inh_Gbx1_Htr1a_10,Inh_Gbx1_Htr1a_10_HY,Inh_Gbx1_Htr1a_10_HY
Inh_Gbx1_Htr1a_11,neuron,HY,GABA,MC_6:Pallidal and septal MGE neurons,Inh_Gbx1_Htr1a_11,Inh_Gbx1_Htr1a_11_HY,Inh_Gbx1_Htr1a_11_HY
Inh_Gbx1_Fads2b,neuron,HY,GABA,MC_6:Pallidal and septal MGE neurons,Inh_Gbx1_Fads2b,Inh_Gbx1_Fads2b_HY,Inh_Gbx1_Fads2b_HY
Inh_Gbx1_Atp8b1_1,neuron,PAL,GABA,MC_9:Hypothalamic and pallidal MGE neurons,Inh_Gbx1_Atp8b1,Inh_Gbx1_Atp8b1_PAL,Inh_Gbx1_Atp8b1_PAL
Inh_Gbx1_Atp8b1_2,neuron,PAL,GABA,MC_9:Hypothalamic and pallidal MGE neurons,Inh_Gbx1_Atp8b1,Inh_Gbx1_Atp8b1_PAL,Inh_Gbx1_Atp8b1_PAL
Inh_Gbx1_Atp8b1_3,neuron,PAL,GABA,MC_9:Hypothalamic and pallidal MGE neurons,Inh_Gbx1_Atp8b1,Inh_Gbx1_Atp8b1_PAL,Inh_Gbx1_Atp8b1_PAL
Inh_Gbx1_Olfr920,neuron,PAL,GABA,MC_9:Hypothalamic and pallidal MGE neurons,Inh_Gbx1_Olfr920,Inh_Gbx1_Olfr920_PAL,Inh_Gbx1_Olfr920_PAL
Inh_Gbx1_Atp8b1_4,neuron,PAL,GABA,MC_9:Hypothalamic and pallidal MGE neurons,Inh_Gbx1_Atp8b1,Inh_Gbx1_Atp8b1_PAL,Inh_Gbx1_Atp8b1_PAL
Inh_Gbx1_Atp8b1_5,neuron,PAL,GABA,MC_9:Hypothalamic and pallidal MGE neurons,Inh_Gbx1_Atp8b1,Inh_Gbx1_Atp8b1_PAL,Inh_Gbx1_Atp8b1_PAL
Inh_Gbx1_Atp8b1_6,neuron,PAL,GABA,MC_9:Hypothalamic and pallidal MGE neurons,Inh_Gbx1_Atp8b1,Inh_Gbx1_Atp8b1_PAL,Inh_Gbx1_Atp8b1_PAL
Inh_Gbx1_Atp8b1_7,neuron,PAL,GABA,MC_9:Hypothalamic and pallidal MGE neurons,Inh_Gbx1_Atp8b1,Inh_Gbx1_Atp8b1_PAL,Inh_Gbx1_Atp8b1_PAL
Inh_Gbx1_Atp8b1_8,neuron,PAL,GABA,MC_9:Hypothalamic and pallidal MGE neurons,Inh_Gbx1_Atp8b1,Inh_Gbx1_Atp8b1_PAL,Inh_Gbx1_Atp8b1_PAL
Inh_Gbx1_Atp8b1_9,neuron,PAL,GABA,MC_9:Hypothalamic and pallidal MGE neurons,Inh_Gbx1_Atp8b1,Inh_Gbx1_Atp8b1_PAL,Inh_Gbx1_Atp8b1_PAL
Inh_Gbx1_Atp8b1_10,neuron,PAL,GABA,MC_9:Hypothalamic and pallidal MGE neurons,Inh_Gbx1_Atp8b1_10,Inh_Gbx1_Atp8b1_10_PAL,Inh_Gbx1_Atp8b1_10_PAL
Inh_Nkx2-1_P2ry10b,neuron,PAL,GABA,MC_11:Hypothalamic and pallidal MGE neurons,Inh_Nkx2-1_P2ry10b,Inh_Nkx2-1_P2ry10b_PAL,Inh_Nkx2-1_P2ry10b_PAL
Inh_Nkx2-1_Serpinb2,neuron,STR,GABA,MC_11:Hypothalamic and pallidal MGE neurons,Inh_Nkx2-1_Serpinb2,Inh_Nkx2-1_Serpinb2_STR,Inh_Nkx2-1_Serpinb2_STR
Inh_Nkx2-1_Sst_1,neuron,HY,GABA,MC_11:Hypothalamic and pallidal MGE neurons,Inh_Nkx2-1_Sst,Inh_Nkx2-1_Sst_HY,Inh_Nkx2-1_Sst_HY
Inh_Nkx2-1_Sst_2,neuron,HY,GABA,MC_11:Hypothalamic and pallidal MGE neurons,Inh_Nkx2-1_Sst,Inh_Nkx2-1_Sst_HY,Inh_Nkx2-1_Sst_HY
Inh_Nkx2-1_Antxr2,neuron,HY,GABA,MC_11:Hypothalamic and pallidal MGE neurons,Inh_Nkx2-1_Antxr2,Inh_Nkx2-1_Antxr2_HY,Inh_Nkx2-1_Antxr2_HY
Inh_Nkx2-1_Gm8113_1,neuron,PAL,GABA,MC_5:Hypothalamic and pallidal MGE neurons,Inh_Nkx2-1_Gm8113,Inh_Nkx2-1_Gm8113_PAL,Inh_Nkx2-1_Gm8113_PAL
Inh_Nkx2-1_Gm8113_2,neuron,PAL,GABA,MC_5:Hypothalamic and pallidal MGE neurons,Inh_Nkx2-1_Gm8113,Inh_Nkx2-1_Gm8113_PAL,Inh_Nkx2-1_Gm8113_PAL
Inh_Nkx2-1_Gm8113_3,neuron,HY,GABA,MC_5:Hypothalamic and pallidal MGE neurons,Inh_Nkx2-1_Gm8113,Inh_Nkx2-1_Gm8113_HY,Inh_Nkx2-1_Gm8113_HY
Inh_Lhx6_Moxd1_1,neuron,PAL,GABA,MC_5:Hypothalamic and pallidal MGE neurons,Inh_Lhx6_Moxd1,Inh_Lhx6_Moxd1_PAL,Inh_Lhx6_Moxd1_PAL
Inh_Lhx6_Moxd1_2,neuron,PAL,GABA,MC_5:Hypothalamic and pallidal MGE neurons,Inh_Lhx6_Moxd1,Inh_Lhx6_Moxd1_PAL,Inh_Lhx6_Moxd1_PAL
Inh_Lhx6_Moxd1_3,neuron,HY,GLY,MC_5:Hypothalamic and pallidal MGE neurons,Inh_Lhx6_Moxd1,Inh_Lhx6_Moxd1_HY,Inh_Lhx6_Moxd1_HY
Inh_Lhx6_Gm8113_Pthlh,neuron,HY,GABA,MC_5:Hypothalamic and pallidal MGE neurons,Inh_Lhx6_Gm8113_Pthlh,Inh_Lhx6_Gm8113_Pthlh_HY,Inh_Lhx6_Gm8113_Pthlh_HY
Inh_Lhx6_Moxd1_4,neuron,HY,GABA,MC_5:Hypothalamic and pallidal MGE neurons,Inh_Lhx6_Moxd1,Inh_Lhx6_Moxd1_HY,Inh_Lhx6_Moxd1_HY
Inh_Lhx6_Lama4,neuron,HY,GABA,MC_5:Hypothalamic and pallidal MGE neurons,Inh_Lhx6_Lama4,Inh_Lhx6_Lama4_HY,Inh_Lhx6_Lama4_HY
Inh_Lhx6_Cyp26a1,neuron,HY,GABA,MC_5:Hypothalamic and pallidal MGE neurons,Inh_Lhx6_Cyp26a1,Inh_Lhx6_Cyp26a1_HY,Inh_Lhx6_Cyp26a1_HY
Inh_Lhx6_A730046J19Rik_1,neuron,HY,GABA,MC_5:Hypothalamic and pallidal MGE neurons,Inh_Lhx6_A730046J19Rik,Inh_Lhx6_A730046J19Rik_HY,Inh_Lhx6_A730046J19Rik_HY
Inh_Lhx6_Ankfn1,neuron,PAL,GABA,MC_5:Hypothalamic and pallidal MGE neurons,Inh_Lhx6_Ankfn1,Inh_Lhx6_Ankfn1_PAL,Inh_Lhx6_Ankfn1_PAL
Inh_Lhx6_Gm8113_1,neuron,PAL,GABA,MC_5:Hypothalamic and pallidal MGE neurons,Inh_Lhx6_Gm8113,Inh_Lhx6_Gm8113_PAL,Inh_Lhx6_Gm8113_PAL
Inh_Lhx6_Gm8113_2,neuron,PAL,GABA,MC_5:Hypothalamic and pallidal MGE neurons,Inh_Lhx6_Gm8113,Inh_Lhx6_Gm8113_PAL,Inh_Lhx6_Gm8113_PAL
Inh_Lhx6_Th_Crh,neuron,HY,GABA,MC_10:Hypothalamic and pallidal MGE neurons,Inh_Lhx6_Th_Crh,Inh_Lhx6_Th_Crh_HY,Inh_Lhx6_Th_Crh_HY
Inh_Lhx6_Cav1_1,neuron,PAL,GABA,MC_10:Hypothalamic and pallidal MGE neurons,Inh_Lhx6_Cav1,Inh_Lhx6_Cav1_PAL,Inh_Lhx6_Cav1_PAL
Inh_Lhx6_Cav1_2,neuron,PAL,GABA,MC_10:Hypothalamic and pallidal MGE neurons,Inh_Lhx6_Cav1,Inh_Lhx6_Cav1_PAL,Inh_Lhx6_Cav1_PAL
Inh_Lhx6_Vmn1r209_1,neuron,PAL,GABA,MC_10:Hypothalamic and pallidal MGE neurons,Inh_Lhx6_Vmn1r209,Inh_Lhx6_Vmn1r209_PAL,Inh_Lhx6_Vmn1r209_PAL
Inh_Lhx6_Vmn1r209_2,neuron,PAL,GABA,MC_10:Hypothalamic and pallidal MGE neurons,Inh_Lhx6_Vmn1r209,Inh_Lhx6_Vmn1r209_PAL,Inh_Lhx6_Vmn1r209_PAL
Inh_Lhx6_Sctr_1,neuron,PAL,GABA,MC_10:Hypothalamic and pallidal MGE neurons,Inh_Lhx6_Sctr,Inh_Lhx6_Sctr_PAL,Inh_Lhx6_Sctr_PAL
Inh_Lhx6_Sctr_2,neuron,PAL,GABA,MC_10:Hypothalamic and pallidal MGE neurons,Inh_Lhx6_Sctr,Inh_Lhx6_Sctr_PAL,Inh_Lhx6_Sctr_PAL
Inh_Lhx6_Iqca_1,neuron,PAL,GABA,MC_10:Hypothalamic and pallidal MGE neurons,Inh_Lhx6_Iqca,Inh_Lhx6_Iqca_PAL,Inh_Lhx6_Iqca_PAL
Inh_Lhx6_Iqca_2,neuron,PAL,GABA,MC_10:Hypothalamic and pallidal MGE neurons,Inh_Lhx6_Iqca,Inh_Lhx6_Iqca_PAL,Inh_Lhx6_Iqca_PAL
Inh_Lhx6_Tnfsf8,neuron,PAL,GABA,MC_10:Hypothalamic and pallidal MGE neurons,Inh_Lhx6_Tnfsf8,Inh_Lhx6_Tnfsf8_PAL,Inh_Lhx6_Tnfsf8_PAL
Inh_Lhx6_Iqca_3,neuron,PAL,GABA,MC_10:Hypothalamic and pallidal MGE neurons,Inh_Lhx6_Iqca,Inh_Lhx6_Iqca_PAL,Inh_Lhx6_Iqca_PAL
Inh_Lhx6_Iqca_4,neuron,PAL,GABA,MC_10:Hypothalamic and pallidal MGE neurons,Inh_Lhx6_Iqca,Inh_Lhx6_Iqca_PAL,Inh_Lhx6_Iqca_PAL
Inh_Lhx6_Iqca_5,neuron,PAL,GABA,MC_10:Hypothalamic and pallidal MGE neurons,Inh_Lhx6_Iqca,Inh_Lhx6_Iqca_PAL,Inh_Lhx6_Iqca_PAL
Inh_Lhx6_Gpr174_1,neuron,PAL,GABA,MC_8:Globus pallidus MGE neurons,Inh_Lhx6_Gpr174,Inh_Lhx6_Gpr174_PAL,Inh_Lhx6_Gpr174_PAL
Inh_Lhx6_Gpr174_2,neuron,PAL,GABA,MC_8:Globus pallidus MGE neurons,Inh_Lhx6_Gpr174,Inh_Lhx6_Gpr174_PAL,Inh_Lhx6_Gpr174_PAL
Inh_Lhx6_Vip,neuron,PAL,GABA,MC_8:Globus pallidus MGE neurons,Inh_Lhx6_Vip,Inh_Lhx6_Vip_PAL,Inh_Lhx6_Vip_PAL
Inh_Lhx6_Ntrk1,neuron,PAL,GABA,MC_14:Anterior hypothalamic MGE neurons,Inh_Lhx6_Ntrk1,Inh_Lhx6_Ntrk1_PAL,Inh_Lhx6_Ntrk1_PAL
Inh_Lhx6_Ccdc172_1,neuron,HY,GABA,MC_14:Anterior hypothalamic MGE neurons,Inh_Lhx6_Ccdc172,Inh_Lhx6_Ccdc172_HY,Inh_Lhx6_Ccdc172_HY
Inh_Lhx6_Ccdc172_2,neuron,HY,GABA,MC_14:Anterior hypothalamic MGE neurons,Inh_Lhx6_Ccdc172,Inh_Lhx6_Ccdc172_HY,Inh_Lhx6_Ccdc172_HY
Inh_Lhx6_C1ql1,neuron,HY,GABA,MC_14:Anterior hypothalamic MGE neurons,Inh_Lhx6_C1ql1,Inh_Lhx6_C1ql1_HY,Inh_Lhx6_C1ql1_HY
Inh_Lhx6_Cyp19a1,neuron,PAL,GABA,"MC_3:Pallidal, hypothalamic and amygdalar MGE neurons, primarily BNST",Inh_Lhx6_Cyp19a1,Inh_Lhx6_Cyp19a1_PAL,Inh_Lhx6_Cyp19a1_PAL
Inh_Lhx6_Npy_1,neuron,HPF,GABA,"MC_3:Pallidal, hypothalamic and amygdalar MGE neurons, primarily BNST",Inh_Lhx6_Npy,Inh_Lhx6_Npy_HPF,Inh_Lhx6_Npy_HPF
Inh_Lhx6_Npy_2,neuron,PAL,GABA,"MC_2:Striatal, amygdalar, and pallidal MGE neurons, including TH and PV striatal interneurons",Inh_Lhx6_Npy,Inh_Lhx6_Npy_PAL,Inh_Lhx6_Npy_PAL
Inh_Lhx6_Npy_3,neuron,HY,GABA,"MC_2:Striatal, amygdalar, and pallidal MGE neurons, including TH and PV striatal interneurons",Inh_Lhx6_Npy,Inh_Lhx6_Npy_HY,Inh_Lhx6_Npy_HY
Inh_Lhx6_Npy_4,neuron,OLF,GABA,"MC_2:Striatal, amygdalar, and pallidal MGE neurons, including TH and PV striatal interneurons",Inh_Lhx6_Npy,Inh_Lhx6_Npy_OLF,Inh_Lhx6_Npy_OLF
Inh_Lhx6_Scara5,neuron,HY,GABA,"MC_3:Pallidal, hypothalamic and amygdalar MGE neurons, primarily BNST",Inh_Lhx6_Scara5,Inh_Lhx6_Scara5_HY,Inh_Lhx6_Scara5_HY
Inh_Lhx6_Myo1h_1,neuron,PAL,GABA,"MC_3:Pallidal, hypothalamic and amygdalar MGE neurons, primarily BNST",Inh_Lhx6_Myo1h,Inh_Lhx6_Myo1h_PAL,Inh_Lhx6_Myo1h_PAL
Inh_Lhx6_Myo1h_2,neuron,PAL,GABA,"MC_3:Pallidal, hypothalamic and amygdalar MGE neurons, primarily BNST",Inh_Lhx6_Myo1h,Inh_Lhx6_Myo1h_PAL,Inh_Lhx6_Myo1h_PAL
Inh_Lhx6_Gpr179,neuron,HY,GABA,"MC_3:Pallidal, hypothalamic and amygdalar MGE neurons, primarily BNST",Inh_Lhx6_Gpr179,Inh_Lhx6_Gpr179_HY,Inh_Lhx6_Gpr179_HY
Inh_Lhx6_Esr2_1,neuron,PAL,GABA,"MC_3:Pallidal, hypothalamic and amygdalar MGE neurons, primarily BNST",Inh_Lhx6_Esr2,Inh_Lhx6_Esr2_PAL,Inh_Lhx6_Esr2_PAL
Inh_Lhx6_Esr2_2,neuron,PAL,GABA,"MC_3:Pallidal, hypothalamic and amygdalar MGE neurons, primarily BNST",Inh_Lhx6_Esr2,Inh_Lhx6_Esr2_PAL,Inh_Lhx6_Esr2_PAL
Inh_Lhx6_Esr2_3,neuron,PAL,GABA,"MC_3:Pallidal, hypothalamic and amygdalar MGE neurons, primarily BNST",Inh_Lhx6_Esr2,Inh_Lhx6_Esr2_PAL,Inh_Lhx6_Esr2_PAL
Inh_Lhx6_Esr2_4,neuron,PAL,GABA,"MC_3:Pallidal, hypothalamic and amygdalar MGE neurons, primarily BNST",Inh_Lhx6_Esr2,Inh_Lhx6_Esr2_PAL,Inh_Lhx6_Esr2_PAL
Inh_Lhx6_Esr2_5,neuron,HY,GABA,"MC_3:Pallidal, hypothalamic and amygdalar MGE neurons, primarily BNST",Inh_Lhx6_Esr2,Inh_Lhx6_Esr2_HY,Inh_Lhx6_Esr2_HY
Inh_Lhx6_Esr2_6,neuron,HY,GABA,"MC_3:Pallidal, hypothalamic and amygdalar MGE neurons, primarily BNST",Inh_Lhx6_Esr2,Inh_Lhx6_Esr2_HY,Inh_Lhx6_Esr2_HY
Inh_Lhx6_Esr2_7,neuron,HY,GABA,"MC_3:Pallidal, hypothalamic and amygdalar MGE neurons, primarily BNST",Inh_Lhx6_Esr2,Inh_Lhx6_Esr2_HY,Inh_Lhx6_Esr2_HY
Inh_Lhx6_Esr2_8,neuron,,GABA,"MC_3:Pallidal, hypothalamic and amygdalar MGE neurons, primarily BNST",Inh_Lhx6_Esr2,Inh_Lhx6_Esr2,Inh_Lhx6_Esr2
Inh_Lhx6_Esr2_9,neuron,PAL,GABA,"MC_3:Pallidal, hypothalamic and amygdalar MGE neurons, primarily BNST",Inh_Lhx6_Esr2,Inh_Lhx6_Esr2_PAL,Inh_Lhx6_Esr2_PAL
Inh_Lhx6_Esr2_10,neuron,HY,GABA,"MC_3:Pallidal, hypothalamic and amygdalar MGE neurons, primarily BNST",Inh_Lhx6_Esr2_10,Inh_Lhx6_Esr2_10_HY,Inh_Lhx6_Esr2_10_HY
Inh_Lhx6_Esr2_11,neuron,PAL,GABA,"MC_3:Pallidal, hypothalamic and amygdalar MGE neurons, primarily BNST",Inh_Lhx6_Esr2_11,Inh_Lhx6_Esr2_11_PAL,Inh_Lhx6_Esr2_11_PAL
Inh_Lhx6_Esr2_12,neuron,PAL,GABA,"MC_3:Pallidal, hypothalamic and amygdalar MGE neurons, primarily BNST",Inh_Lhx6_Esr2_12,Inh_Lhx6_Esr2_12_PAL,Inh_Lhx6_Esr2_12_PAL
Inh_Lhx6_Esr2_13,neuron,PAL,GABA,"MC_3:Pallidal, hypothalamic and amygdalar MGE neurons, primarily BNST",Inh_Lhx6_Esr2_13,Inh_Lhx6_Esr2_13_PAL,Inh_Lhx6_Esr2_13_PAL
Inh_Lhx6_Esr2_14,neuron,PAL,GABA,"MC_3:Pallidal, hypothalamic and amygdalar MGE neurons, primarily BNST",Inh_Lhx6_Esr2_14,Inh_Lhx6_Esr2_14_PAL,Inh_Lhx6_Esr2_14_PAL
Inh_Lhx6_Esr2_15,neuron,PAL,GABA,"MC_3:Pallidal, hypothalamic and amygdalar MGE neurons, primarily BNST",Inh_Lhx6_Esr2_15,Inh_Lhx6_Esr2_15_PAL,Inh_Lhx6_Esr2_15_PAL
Inh_Lhx6_Esr2_16,neuron,PAL,GABA,"MC_3:Pallidal, hypothalamic and amygdalar MGE neurons, primarily BNST",Inh_Lhx6_Esr2_16,Inh_Lhx6_Esr2_16_PAL,Inh_Lhx6_Esr2_16_PAL
Inh_Lhx6_Kcnmb1_1,neuron,OLF,GABA,"MC_2:Striatal, amygdalar, and pallidal MGE neurons, including TH and PV striatal interneurons",Inh_Lhx6_Kcnmb1,Inh_Lhx6_Kcnmb1_OLF,Inh_Lhx6_Kcnmb1_OLF
Inh_Lhx6_Kcnmb1_2,neuron,HY,GABA,"MC_2:Striatal, amygdalar, and pallidal MGE neurons, including TH and PV striatal interneurons",Inh_Lhx6_Kcnmb1,Inh_Lhx6_Kcnmb1_HY,Inh_Lhx6_Kcnmb1_HY
Inh_Lhx6_Kcnmb1_3,neuron,HY,GABA,"MC_2:Striatal, amygdalar, and pallidal MGE neurons, including TH and PV striatal interneurons",Inh_Lhx6_Kcnmb1,Inh_Lhx6_Kcnmb1_HY,Inh_Lhx6_Kcnmb1_HY
Inh_Lhx6_Esr1_Chodl,neuron,PAL,GABA,"MC_3:Pallidal, hypothalamic and amygdalar MGE neurons, primarily BNST",Inh_Lhx6_Esr1_Chodl,Inh_Lhx6_Esr1_Chodl_PAL,Inh_Lhx6_Esr1_Chodl_PAL
Inh_Lhx6_Arhgap28_1,neuron,CTXsp,GABA,"MC_3:Pallidal, hypothalamic and amygdalar MGE neurons, primarily BNST",Inh_Lhx6_Arhgap28,Inh_Lhx6_Arhgap28_CTXsp,Inh_Lhx6_Arhgap28_CTXsp
Inh_Lhx6_Arhgap28_2,neuron,PAL,GABA,"MC_3:Pallidal, hypothalamic and amygdalar MGE neurons, primarily BNST",Inh_Lhx6_Arhgap28,Inh_Lhx6_Arhgap28_PAL,Inh_Lhx6_Arhgap28_PAL
Inh_Lhx6_Arhgap28_3,neuron,OLF,GABA,"MC_3:Pallidal, hypothalamic and amygdalar MGE neurons, primarily BNST",Inh_Lhx6_Arhgap28,Inh_Lhx6_Arhgap28_OLF,Inh_Lhx6_Arhgap28_OLF
Inh_Lhx6_Nr2e1_1,neuron,HY,GABA,"MC_3:Pallidal, hypothalamic and amygdalar MGE neurons, primarily BNST",Inh_Lhx6_Nr2e1,Inh_Lhx6_Nr2e1_HY,Inh_Lhx6_Nr2e1_HY
Inh_Lhx6_Itgad,neuron,PAL,GABA,"MC_3:Pallidal, hypothalamic and amygdalar MGE neurons, primarily BNST",Inh_Lhx6_Itgad,Inh_Lhx6_Itgad_PAL,Inh_Lhx6_Itgad_PAL
Inh_Lhx6_Nr2e1_2,neuron,PAL,GABA,"MC_3:Pallidal, hypothalamic and amygdalar MGE neurons, primarily BNST",Inh_Lhx6_Nr2e1,Inh_Lhx6_Nr2e1_PAL,Inh_Lhx6_Nr2e1_PAL
Inh_Lhx6_Pthlh,neuron,STR,GABA,"MC_2:Striatal, amygdalar, and pallidal MGE neurons, including TH and PV striatal interneurons",Inh_Lhx6_Pthlh,Inh_Lhx6_Pthlh_STR,Inh_Lhx6_Pthlh_STR
Inh_Lhx6_Crhbp_1,neuron,STR,GABA,"MC_2:Striatal, amygdalar, and pallidal MGE neurons, including TH and PV striatal interneurons",Inh_Lhx6_Crhbp,Inh_Lhx6_Crhbp_STR,Inh_Lhx6_Crhbp_STR
Inh_Lhx6_Crhbp_2,neuron,PAL,GABA,"MC_2:Striatal, amygdalar, and pallidal MGE neurons, including TH and PV striatal interneurons",Inh_Lhx6_Crhbp,Inh_Lhx6_Crhbp_PAL,Inh_Lhx6_Crhbp_PAL
Inh_Lhx6_Crhbp_3,neuron,,GABA,"MC_2:Striatal, amygdalar, and pallidal MGE neurons, including TH and PV striatal interneurons",Inh_Lhx6_Crhbp,Inh_Lhx6_Crhbp,Inh_Lhx6_Crhbp
Inh_Lhx6_Mc3r_1,neuron,PAL,GABA,"MC_2:Striatal, amygdalar, and pallidal MGE neurons, including TH and PV striatal interneurons",Inh_Lhx6_Mc3r,Inh_Lhx6_Mc3r_PAL,Inh_Lhx6_Mc3r_PAL
Inh_Lhx6_Mc3r_2,neuron,STR,GABA,"MC_2:Striatal, amygdalar, and pallidal MGE neurons, including TH and PV striatal interneurons",Inh_Lhx6_Mc3r,Inh_Lhx6_Mc3r_STR,Inh_Lhx6_Mc3r_STR
Inh_Lhx6_Sfrp1_1,neuron,STR,GABA,"MC_4:Long-range projecting interneurons of cortex, striatum, and pallidum",Inh_Lhx6_Sfrp1,Inh_Lhx6_Sfrp1_STR,Inh_Lhx6_Sfrp1_STR
Inh_Lhx6_Sfrp1_2,neuron,,GABA,"MC_4:Long-range projecting interneurons of cortex, striatum, and pallidum",Inh_Lhx6_Sfrp1,Inh_Lhx6_Sfrp1,Inh_Lhx6_Sfrp1
Inh_Lhx6_Sfrp1_3,neuron,PAL,GABA,"MC_4:Long-range projecting interneurons of cortex, striatum, and pallidum",Inh_Lhx6_Sfrp1,Inh_Lhx6_Sfrp1_PAL,Inh_Lhx6_Sfrp1_PAL
Inh_Lhx6_Sfrp1_4,neuron,,GABA,"MC_4:Long-range projecting interneurons of cortex, striatum, and pallidum",Inh_Lhx6_Sfrp1,Inh_Lhx6_Sfrp1,Inh_Lhx6_Sfrp1
Inh_Lhx6_Sfrp1_5,neuron,PAL,GABA,"MC_4:Long-range projecting interneurons of cortex, striatum, and pallidum",Inh_Lhx6_Sfrp1,Inh_Lhx6_Sfrp1_PAL,Inh_Lhx6_Sfrp1_PAL
Inh_Lhx6_Sfrp1_6,neuron,PAL,GABA,"MC_4:Long-range projecting interneurons of cortex, striatum, and pallidum",Inh_Lhx6_Sfrp1,Inh_Lhx6_Sfrp1_PAL,Inh_Lhx6_Sfrp1_PAL
Inh_Lhx6_Spag17,neuron,OLF,GABA,"MC_4:Long-range projecting interneurons of cortex, striatum, and pallidum",Inh_Lhx6_Spag17,Inh_Lhx6_Spag17_OLF,Inh_Lhx6_Spag17_OLF
Inh_Lhx6_Tent5a_Arhgap28,neuron,STR,GABA,"MC_4:Long-range projecting interneurons of cortex, striatum, and pallidum",Inh_Lhx6_Tent5a_Arhgap28,Inh_Lhx6_Tent5a_Arhgap28_STR,Inh_Lhx6_Tent5a_Arhgap28_STR
Inh_Sox6_Postn_1,neuron,P,GABA,MC_108:Pontine and medullary neurons,Inh_Sox6_Postn,Inh_Sox6_Postn_P,Inh_Sox6_Postn_P
Inh_Sox6_Postn_2,neuron,P,GABA,MC_108:Pontine and medullary neurons,Inh_Sox6_Postn,Inh_Sox6_Postn_P,Inh_Sox6_Postn_P
Inh_Sox6_Postn_3,neuron,P,GABA,MC_108:Pontine and medullary neurons,Inh_Sox6_Postn,Inh_Sox6_Postn_P,Inh_Sox6_Postn_P
Inh_Sox6_Chrna2,neuron,MB,GABA,MC_108:Pontine and medullary neurons,Inh_Sox6_Chrna2,Inh_Sox6_Chrna2_MB,Inh_Sox6_Chrna2_MB
Inh_Sox6_Chrna5_1,neuron,MB,GABA,MC_108:Pontine and medullary neurons,Inh_Sox6_Chrna5,Inh_Sox6_Chrna5_MB,Inh_Sox6_Chrna5_MB
Inh_Sox6_Chrna5_2,neuron,MY,GABA,MC_108:Pontine and medullary neurons,Inh_Sox6_Chrna5,Inh_Sox6_Chrna5_MY,Inh_Sox6_Chrna5_MY
Inh_Pax3_Chrna5_1,neuron,P,GABA,MC_108:Pontine and medullary neurons,Inh_Pax3_Chrna5,Inh_Pax3_Chrna5_P,Inh_Pax3_Chrna5_P
Inh_Pax3_Chrna5_2,neuron,P,GABA,MC_108:Pontine and medullary neurons,Inh_Pax3_Chrna5,Inh_Pax3_Chrna5_P,Inh_Pax3_Chrna5_P
Inh_Pax3_Vmn1r207_1,neuron,MB,GABA,MC_108:Pontine and medullary neurons,Inh_Pax3_Vmn1r207,Inh_Pax3_Vmn1r207_MB,Inh_Pax3_Vmn1r207_MB
Inh_Pax3_Vmn1r207_2,neuron,MB,GABA,MC_108:Pontine and medullary neurons,Inh_Pax3_Vmn1r207,Inh_Pax3_Vmn1r207_MB,Inh_Pax3_Vmn1r207_MB
Inh_Pax3_Vmn1r207_3,neuron,MB,GABA,MC_108:Pontine and medullary neurons,Inh_Pax3_Vmn1r207,Inh_Pax3_Vmn1r207_MB,Inh_Pax3_Vmn1r207_MB
Inh_Pax3_Vmn1r207_4,neuron,MB,GABA,MC_108:Pontine and medullary neurons,Inh_Pax3_Vmn1r207,Inh_Pax3_Vmn1r207_MB,Inh_Pax3_Vmn1r207_MB
Inh_Pax3_Vmn1r207_5,neuron,MB,GABA,MC_108:Pontine and medullary neurons,Inh_Pax3_Vmn1r207,Inh_Pax3_Vmn1r207_MB,Inh_Pax3_Vmn1r207_MB
Inh_Pax3_Vmn1r207_6,neuron,MB,GABA,MC_108:Pontine and medullary neurons,Inh_Pax3_Vmn1r207,Inh_Pax3_Vmn1r207_MB,Inh_Pax3_Vmn1r207_MB
Inh_Pax3_Vmn1r207_7,neuron,MB,GABA,MC_108:Pontine and medullary neurons,Inh_Pax3_Vmn1r207,Inh_Pax3_Vmn1r207_MB,Inh_Pax3_Vmn1r207_MB
Inh_Pax3_Vmn1r207_8,neuron,MB,GABA,MC_108:Pontine and medullary neurons,Inh_Pax3_Vmn1r207,Inh_Pax3_Vmn1r207_MB,Inh_Pax3_Vmn1r207_MB
Inh_Pax3_Vmn1r207_9,neuron,MB,GABA,MC_108:Pontine and medullary neurons,Inh_Pax3_Vmn1r207,Inh_Pax3_Vmn1r207_MB,Inh_Pax3_Vmn1r207_MB
Inh_Pax3_Vmn1r207_10,neuron,MB,GABA,MC_108:Pontine and medullary neurons,Inh_Pax3_Vmn1r207_10,Inh_Pax3_Vmn1r207_10_MB,Inh_Pax3_Vmn1r207_10_MB
Inh_Pax3_Vmn1r207_11,neuron,MB,GABA,MC_108:Pontine and medullary neurons,Inh_Pax3_Vmn1r207_11,Inh_Pax3_Vmn1r207_11_MB,Inh_Pax3_Vmn1r207_11_MB
Inh_Pax3_Vmn1r207_12,neuron,MB,GABA,MC_97:Midbrain and pontine neurons,Inh_Pax3_Vmn1r207_12,Inh_Pax3_Vmn1r207_12_MB,Inh_Pax3_Vmn1r207_12_MB
Inh_Pax7_Vmn1r207_1,neuron,P,GABA,MC_97:Midbrain and pontine neurons,Inh_Pax7_Vmn1r207,Inh_Pax7_Vmn1r207_P,Inh_Pax7_Vmn1r207_P
Inh_Pax7_Prss23,neuron,MB,GABA,MC_97:Midbrain and pontine neurons,Inh_Pax7_Prss23,Inh_Pax7_Prss23_MB,Inh_Pax7_Prss23_MB
Inh_Pax7_Vmn1r207_2,neuron,MB,GLY,MC_97:Midbrain and pontine neurons,Inh_Pax7_Vmn1r207,Inh_Pax7_Vmn1r207_MB,Inh_Pax7_Vmn1r207_MB
Inh_Pax3_Lgr6,neuron,P,GABA,MC_108:Pontine and medullary neurons,Inh_Pax3_Lgr6,Inh_Pax3_Lgr6_P,Inh_Pax3_Lgr6_P
Inh_Pax7_Vmn1r207_3,neuron,MB,GABA,MC_108:Pontine and medullary neurons,Inh_Pax7_Vmn1r207,Inh_Pax7_Vmn1r207_MB,Inh_Pax7_Vmn1r207_MB
Inh_Pax7_Vmn1r207_4,neuron,MB,GABA,MC_108:Pontine and medullary neurons,Inh_Pax7_Vmn1r207,Inh_Pax7_Vmn1r207_MB,Inh_Pax7_Vmn1r207_MB
Inh_Pax7_Vmn1r207_5,neuron,MB,GABA,MC_108:Pontine and medullary neurons,Inh_Pax7_Vmn1r207,Inh_Pax7_Vmn1r207_MB,Inh_Pax7_Vmn1r207_MB
Inh_Pax7_Vmn1r207_6,neuron,MB,GABA,MC_108:Pontine and medullary neurons,Inh_Pax7_Vmn1r207,Inh_Pax7_Vmn1r207_MB,Inh_Pax7_Vmn1r207_MB
Inh_Pax7_Vmn1r207_7,neuron,MB,GABA,MC_108:Pontine and medullary neurons,Inh_Pax7_Vmn1r207,Inh_Pax7_Vmn1r207_MB,Inh_Pax7_Vmn1r207_MB
Inh_Pax7_Nhlh1,neuron,MB,VGLUT3_GABA,MC_108:Pontine and medullary neurons,Inh_Pax7_Nhlh1,Inh_Pax7_Nhlh1_MB,Inh_Pax7_Nhlh1_MB
Inh_Pax7_P2ry10b_1,neuron,P,VGLUT3_GABA,MC_108:Pontine and medullary neurons,Inh_Pax7_P2ry10b,Inh_Pax7_P2ry10b_P,Inh_Pax7_P2ry10b_P
Inh_Pax7_P2ry10b_2,neuron,P,VGLUT3_GABA,MC_108:Pontine and medullary neurons,Inh_Pax7_P2ry10b,Inh_Pax7_P2ry10b_P,Inh_Pax7_P2ry10b_P
Inh_Pax7_P2ry10b_3,neuron,MY,VGLUT3_GABA,MC_108:Pontine and medullary neurons,Inh_Pax7_P2ry10b,Inh_Pax7_P2ry10b_MY,Inh_Pax7_P2ry10b_MY
Inh_Pax7_P2ry10b_4,neuron,P,VGLUT3_GABA,MC_108:Pontine and medullary neurons,Inh_Pax7_P2ry10b,Inh_Pax7_P2ry10b_P,Inh_Pax7_P2ry10b_P
Inh_Pax7_P2ry10b_5,neuron,MY,GABA,MC_108:Pontine and medullary neurons,Inh_Pax7_P2ry10b,Inh_Pax7_P2ry10b_MY,Inh_Pax7_P2ry10b_MY
Inh_Pax7_Chrna2,neuron,P,GABA,MC_108:Pontine and medullary neurons,Inh_Pax7_Chrna2,Inh_Pax7_Chrna2_P,Inh_Pax7_Chrna2_P
SerEx_Fev_Crhr2_1,neuron,MB,VGLUT3_SER,MC_109:Raphe serotoneregic and excitatory neurons,SerEx_Fev_Crhr2,SerEx_Fev_Crhr2_MB,SerEx_Fev_Crhr2_MB
SerEx_Fev_Crhr2_2,neuron,P,SER,MC_109:Raphe serotoneregic and excitatory neurons,SerEx_Fev_Crhr2,SerEx_Fev_Crhr2_P,SerEx_Fev_Crhr2_P
SerEx_Fev_Crhr2_3,neuron,P,VGLUT3_SER,MC_109:Raphe serotoneregic and excitatory neurons,SerEx_Fev_Crhr2,SerEx_Fev_Crhr2_P,SerEx_Fev_Crhr2_P
SerEx_Fev_Crhr2_4,neuron,MB,VGLUT3_SER,MC_109:Raphe serotoneregic and excitatory neurons,SerEx_Fev_Crhr2,SerEx_Fev_Crhr2_MB,SerEx_Fev_Crhr2_MB
Ser_Fev_Pth2r,neuron,MB,SER,MC_109:Raphe serotoneregic and excitatory neurons,Ser_Fev_Pth2r,Ser_Fev_Pth2r_MB,Ser_Fev_Pth2r_MB
Ser_Fev_Wfdc12,neuron,MB,SER,MC_109:Raphe serotoneregic and excitatory neurons,Ser_Fev_Wfdc12,Ser_Fev_Wfdc12_MB,Ser_Fev_Wfdc12_MB
Ser_Fev_Siglec15,neuron,MB,SER,MC_109:Raphe serotoneregic and excitatory neurons,Ser_Fev_Siglec15,Ser_Fev_Siglec15_MB,Ser_Fev_Siglec15_MB
Ser_Fev_Oas1e,neuron,MB,SER,MC_109:Raphe serotoneregic and excitatory neurons,Ser_Fev_Oas1e,Ser_Fev_Oas1e_MB,Ser_Fev_Oas1e_MB
SerInh_Fev_Fbxw28,neuron,P,SER,MC_109:Raphe serotoneregic and excitatory neurons,SerInh_Fev_Fbxw28,SerInh_Fev_Fbxw28_P,SerInh_Fev_Fbxw28_P
Ser_Fev_Samd9l,neuron,P,SER,MC_109:Raphe serotoneregic and excitatory neurons,Ser_Fev_Samd9l,Ser_Fev_Samd9l_P,Ser_Fev_Samd9l_P
SerEx_Fev_Tecrl,neuron,MB,VGLUT3_SER,MC_109:Raphe serotoneregic and excitatory neurons,SerEx_Fev_Tecrl,SerEx_Fev_Tecrl_MB,SerEx_Fev_Tecrl_MB
SerEx_Fev_Cwh43,neuron,MB,VGLUT3_SER,MC_109:Raphe serotoneregic and excitatory neurons,SerEx_Fev_Cwh43,SerEx_Fev_Cwh43_MB,SerEx_Fev_Cwh43_MB
Ser_Nkx6-1_Trh,neuron,MY,SER,MC_110:Raphe serotonergic and inhibitory neurons,Ser_Nkx6-1_Trh,Ser_Nkx6-1_Trh_MY,Ser_Nkx6-1_Trh_MY
SerEx_Nkx6-1_Trh_1,neuron,MY,VGLUT3_SER,MC_110:Raphe serotonergic and inhibitory neurons,SerEx_Nkx6-1_Trh,SerEx_Nkx6-1_Trh_MY,SerEx_Nkx6-1_Trh_MY
SerEx_Nkx6-1_Trh_2,neuron,P,VGLUT3_SER,MC_110:Raphe serotonergic and inhibitory neurons,SerEx_Nkx6-1_Trh,SerEx_Nkx6-1_Trh_P,SerEx_Nkx6-1_Trh_P
SerEx_Nkx6-1_Trh_3,neuron,P,VGLUT3_SER,MC_110:Raphe serotonergic and inhibitory neurons,SerEx_Nkx6-1_Trh,SerEx_Nkx6-1_Trh_P,SerEx_Nkx6-1_Trh_P
SerEx_Nkx6-1_Trh_4,neuron,MY,VGLUT3_SER,MC_110:Raphe serotonergic and inhibitory neurons,SerEx_Nkx6-1_Trh,SerEx_Nkx6-1_Trh_MY,SerEx_Nkx6-1_Trh_MY
Ser_Fev_Chodl,neuron,MY,SER,MC_110:Raphe serotonergic and inhibitory neurons,Ser_Fev_Chodl,Ser_Fev_Chodl_MY,Ser_Fev_Chodl_MY
SerEx_Fev_A2m,neuron,P,VGLUT3_SER,MC_109:Raphe serotoneregic and excitatory neurons,SerEx_Fev_A2m,SerEx_Fev_A2m_P,SerEx_Fev_A2m_P
Ex_Fev_Sln,neuron,MB,VGLUT3_GLY,MC_109:Raphe serotoneregic and excitatory neurons,Ex_Fev_Sln,Ex_Fev_Sln_MB,Ex_Fev_Sln_MB
Ex_Fev_Kif18b,neuron,P,VGLUT3,MC_109:Raphe serotoneregic and excitatory neurons,Ex_Fev_Kif18b,Ex_Fev_Kif18b_P,Ex_Fev_Kif18b_P
Ex_Fev_9130008F23Rik,neuron,P,VGLUT3,MC_109:Raphe serotoneregic and excitatory neurons,Ex_Fev_9130008F23Rik,Ex_Fev_9130008F23Rik_P,Ex_Fev_9130008F23Rik_P
SerEx_Fev_9130008F23Rik,neuron,P,VGLUT3_SER,MC_109:Raphe serotoneregic and excitatory neurons,SerEx_Fev_9130008F23Rik,SerEx_Fev_9130008F23Rik_P,SerEx_Fev_9130008F23Rik_P
Inh_Gata3_Nkx2-2_1,neuron,MY,GLY,MC_110:Raphe serotonergic and inhibitory neurons,Inh_Gata3_Nkx2-2,Inh_Gata3_Nkx2-2_MY,Inh_Gata3_Nkx2-2_MY
Inh_Gata3_Nkx2-2_2,neuron,MY,VGLUT3_GABA,MC_110:Raphe serotonergic and inhibitory neurons,Inh_Gata3_Nkx2-2,Inh_Gata3_Nkx2-2_MY,Inh_Gata3_Nkx2-2_MY
SerInh_Fev_Itgb6_1,neuron,P,GABA_SER,MC_110:Raphe serotonergic and inhibitory neurons,SerInh_Fev_Itgb6,SerInh_Fev_Itgb6_P,SerInh_Fev_Itgb6_P
SerInh_Fev_Itgb6_2,neuron,P,GABA_SER,MC_110:Raphe serotonergic and inhibitory neurons,SerInh_Fev_Itgb6,SerInh_Fev_Itgb6_P,SerInh_Fev_Itgb6_P
SerInh_Fev_Nkx2-2,neuron,,VGLUT3_GABA_SER,MC_110:Raphe serotonergic and inhibitory neurons,SerInh_Fev_Nkx2-2,SerInh_Fev_Nkx2-2,SerInh_Fev_Nkx2-2
Ex_Gata3_Drd3,neuron,,VGLUT3,MC_110:Raphe serotonergic and inhibitory neurons,Ex_Gata3_Drd3,Ex_Gata3_Drd3,Ex_Gata3_Drd3
Ex_Gata3_Cwh43,neuron,MY,VGLUT3,MC_110:Raphe serotonergic and inhibitory neurons,Ex_Gata3_Cwh43,Ex_Gata3_Cwh43_MY,Ex_Gata3_Cwh43_MY
Inh_Nkx6-1_Ikzf1,neuron,P,GLY,MC_121:Pontine and medullary neurons,Inh_Nkx6-1_Ikzf1,Inh_Nkx6-1_Ikzf1_P,Inh_Nkx6-1_Ikzf1_P
Ex_Phox2b_Olfr560_1,neuron,CB,VGLUT2,"MC_167:Pontine and medullary neurons, primarily nucleus solitarius",Ex_Phox2b_Olfr560,Ex_Phox2b_Olfr560_CB,Ex_Phox2b_Olfr560_CB
Ex_Phox2b_Olfr560_2,neuron,CB,VGLUT2,"MC_167:Pontine and medullary neurons, primarily nucleus solitarius",Ex_Phox2b_Olfr560,Ex_Phox2b_Olfr560_CB,Ex_Phox2b_Olfr560_CB
NorEx_Phox2b_Ppara_1,neuron,CB,VGLUT2_NOR,MC_166:Noradrenergic neurons of the nucleus solitarius,NorEx_Phox2b_Ppara,NorEx_Phox2b_Ppara_CB,NorEx_Phox2b_Ppara_CB
NorEx_Phox2b_Ppara_2,neuron,MY,VGLUT2_NOR,MC_166:Noradrenergic neurons of the nucleus solitarius,NorEx_Phox2b_Ppara,NorEx_Phox2b_Ppara_MY,NorEx_Phox2b_Ppara_MY
Ex_Pou4f2_Olfr560_1,neuron,CB,VGLUT2_VGLUT3,"MC_167:Pontine and medullary neurons, primarily nucleus solitarius",Ex_Pou4f2_Olfr560,Ex_Pou4f2_Olfr560_CB,Ex_Pou4f2_Olfr560_CB
Ex_Phox2b_Dpy19l2,neuron,CB,VGLUT2,"MC_167:Pontine and medullary neurons, primarily nucleus solitarius",Ex_Phox2b_Dpy19l2,Ex_Phox2b_Dpy19l2_CB,Ex_Phox2b_Dpy19l2_CB
Ex_Pou4f2_Olfr560_2,neuron,CB,VGLUT2,"MC_167:Pontine and medullary neurons, primarily nucleus solitarius",Ex_Pou4f2_Olfr560,Ex_Pou4f2_Olfr560_CB,Ex_Pou4f2_Olfr560_CB
Ex_Phox2b_Slc39a12_1,neuron,MY,VGLUT2,"MC_167:Pontine and medullary neurons, primarily nucleus solitarius",Ex_Phox2b_Slc39a12,Ex_Phox2b_Slc39a12_MY,Ex_Phox2b_Slc39a12_MY
Ex_Phox2b_Slc39a12_2,neuron,MY,VGLUT2,"MC_167:Pontine and medullary neurons, primarily nucleus solitarius",Ex_Phox2b_Slc39a12,Ex_Phox2b_Slc39a12_MY,Ex_Phox2b_Slc39a12_MY
Ex_Phox2b_Slc39a12_3,neuron,,VGLUT2,"MC_167:Pontine and medullary neurons, primarily nucleus solitarius",Ex_Phox2b_Slc39a12,Ex_Phox2b_Slc39a12,Ex_Phox2b_Slc39a12
Ex_Phox2b_Slc39a12_4,neuron,CB,VGLUT2,"MC_167:Pontine and medullary neurons, primarily nucleus solitarius",Ex_Phox2b_Slc39a12,Ex_Phox2b_Slc39a12_CB,Ex_Phox2b_Slc39a12_CB
Ex_Phox2b_Slc39a12_5,neuron,MY,VGLUT2,"MC_167:Pontine and medullary neurons, primarily nucleus solitarius",Ex_Phox2b_Slc39a12,Ex_Phox2b_Slc39a12_MY,Ex_Phox2b_Slc39a12_MY
Ex_Phox2b_Slc39a12_6,neuron,MY,VGLUT2,"MC_167:Pontine and medullary neurons, primarily nucleus solitarius",Ex_Phox2b_Slc39a12,Ex_Phox2b_Slc39a12_MY,Ex_Phox2b_Slc39a12_MY
Ex_Phox2b_Gch1,neuron,CB,VGLUT2,MC_166:Noradrenergic neurons of the nucleus solitarius,Ex_Phox2b_Gch1,Ex_Phox2b_Gch1_CB,Ex_Phox2b_Gch1_CB
NorEx_Phox2b_Gch1,neuron,CB,VGLUT2_NOR,MC_166:Noradrenergic neurons of the nucleus solitarius,NorEx_Phox2b_Gch1,NorEx_Phox2b_Gch1_CB,NorEx_Phox2b_Gch1_CB
NorEx_Phox2b_Tmem45a2_1,neuron,CB,VGLUT2_VGLUT3_NOR,MC_166:Noradrenergic neurons of the nucleus solitarius,NorEx_Phox2b_Tmem45a2,NorEx_Phox2b_Tmem45a2_CB,NorEx_Phox2b_Tmem45a2_CB
NorEx_Phox2b_Tmem45a2_2,neuron,CB,VGLUT2_VGLUT3_NOR,MC_166:Noradrenergic neurons of the nucleus solitarius,NorEx_Phox2b_Tmem45a2,NorEx_Phox2b_Tmem45a2_CB,NorEx_Phox2b_Tmem45a2_CB
NorEx_Phox2b_Gfral_1,neuron,CB,VGLUT2_NOR,MC_166:Noradrenergic neurons of the nucleus solitarius,NorEx_Phox2b_Gfral,NorEx_Phox2b_Gfral_CB,NorEx_Phox2b_Gfral_CB
NorEx_Phox2b_Gfral_2,neuron,CB,VGLUT2_VGLUT3_NOR,MC_166:Noradrenergic neurons of the nucleus solitarius,NorEx_Phox2b_Gfral,NorEx_Phox2b_Gfral_CB,NorEx_Phox2b_Gfral_CB
NorEx_Phox2b_Gfral_3,neuron,CB,VGLUT2_VGLUT3_NOR,MC_166:Noradrenergic neurons of the nucleus solitarius,NorEx_Phox2b_Gfral,NorEx_Phox2b_Gfral_CB,NorEx_Phox2b_Gfral_CB
NorEx_Phox2b_Gfral_4,neuron,CB,VGLUT2_VGLUT3_NOR,MC_166:Noradrenergic neurons of the nucleus solitarius,NorEx_Phox2b_Gfral,NorEx_Phox2b_Gfral_CB,NorEx_Phox2b_Gfral_CB
Ex_Phox2b_Adora2a,neuron,CB,VGLUT2,MC_166:Noradrenergic neurons of the nucleus solitarius,Ex_Phox2b_Adora2a,Ex_Phox2b_Adora2a_CB,Ex_Phox2b_Adora2a_CB
Chol_Tbx20_S100a11_1,neuron,MY,CHOL,MC_165:Cholinergic neurons of the nucleus solitarius,Chol_Tbx20_S100a11,Chol_Tbx20_S100a11_MY,Chol_Tbx20_S100a11_MY
Chol_Tbx20_S100a11_2,neuron,MY,CHOL,MC_165:Cholinergic neurons of the nucleus solitarius,Chol_Tbx20_S100a11,Chol_Tbx20_S100a11_MY,Chol_Tbx20_S100a11_MY
Chol_Tbx20_S100a11_3,neuron,MY,CHOL,MC_165:Cholinergic neurons of the nucleus solitarius,Chol_Tbx20_S100a11,Chol_Tbx20_S100a11_MY,Chol_Tbx20_S100a11_MY
Chol_Tbx20_S100a11_4,neuron,CB,CHOL,MC_165:Cholinergic neurons of the nucleus solitarius,Chol_Tbx20_S100a11,Chol_Tbx20_S100a11_CB,Chol_Tbx20_S100a11_CB
Chol_Tbx20_S100a11_5,neuron,MY,CHOL,MC_165:Cholinergic neurons of the nucleus solitarius,Chol_Tbx20_S100a11,Chol_Tbx20_S100a11_MY,Chol_Tbx20_S100a11_MY
Chol_Tbx20_S100a11_6,neuron,MY,CHOL,MC_165:Cholinergic neurons of the nucleus solitarius,Chol_Tbx20_S100a11,Chol_Tbx20_S100a11_MY,Chol_Tbx20_S100a11_MY
Chol_Tbx20_S100a11_7,neuron,MY,CHOL,MC_165:Cholinergic neurons of the nucleus solitarius,Chol_Tbx20_S100a11,Chol_Tbx20_S100a11_MY,Chol_Tbx20_S100a11_MY
Chol_Tbx20_S100a11_8,neuron,MY,CHOL,MC_165:Cholinergic neurons of the nucleus solitarius,Chol_Tbx20_S100a11,Chol_Tbx20_S100a11_MY,Chol_Tbx20_S100a11_MY
Chol_Tbx20_S100a11_9,neuron,MY,CHOL,MC_165:Cholinergic neurons of the nucleus solitarius,Chol_Tbx20_S100a11,Chol_Tbx20_S100a11_MY,Chol_Tbx20_S100a11_MY
Chol_Tbx3_Ptgr1,neuron,,CHOL,MC_165:Cholinergic neurons of the nucleus solitarius,Chol_Tbx3_Ptgr1,Chol_Tbx3_Ptgr1,Chol_Tbx3_Ptgr1
Chol_Tbx20_Fst_1,neuron,MY,CHOL,MC_165:Cholinergic neurons of the nucleus solitarius,Chol_Tbx20_Fst,Chol_Tbx20_Fst_MY,Chol_Tbx20_Fst_MY
Chol_Tbx20_Fst_2,neuron,MY,CHOL,MC_165:Cholinergic neurons of the nucleus solitarius,Chol_Tbx20_Fst,Chol_Tbx20_Fst_MY,Chol_Tbx20_Fst_MY
Chol_Tbx20_Fst_3,neuron,MY,CHOL,MC_165:Cholinergic neurons of the nucleus solitarius,Chol_Tbx20_Fst,Chol_Tbx20_Fst_MY,Chol_Tbx20_Fst_MY
Chol_Tbx20_Has2,neuron,MY,CHOL,MC_165:Cholinergic neurons of the nucleus solitarius,Chol_Tbx20_Has2,Chol_Tbx20_Has2_MY,Chol_Tbx20_Has2_MY
NorEx_Phox2b_Pmnt_1,neuron,MY,VGLUT2_NOR,MC_163:Pontine and medullary noradrenergic neurons,NorEx_Phox2b_Pmnt,NorEx_Phox2b_Pmnt_MY,NorEx_Phox2b_Pmnt_MY
NorEx_Phox2b_Pmnt_2,neuron,MY,VGLUT2_NOR,MC_163:Pontine and medullary noradrenergic neurons,NorEx_Phox2b_Pmnt,NorEx_Phox2b_Pmnt_MY,NorEx_Phox2b_Pmnt_MY
NorEx_Phox2b_Pmnt_3,neuron,MY,VGLUT2_NOR,MC_163:Pontine and medullary noradrenergic neurons,NorEx_Phox2b_Pmnt,NorEx_Phox2b_Pmnt_MY,NorEx_Phox2b_Pmnt_MY
NorEx_Phox2b_Ndufa4l2_1,neuron,MY,VGLUT2_NOR,MC_163:Pontine and medullary noradrenergic neurons,NorEx_Phox2b_Ndufa4l2,NorEx_Phox2b_Ndufa4l2_MY,NorEx_Phox2b_Ndufa4l2_MY
NorEx_Phox2b_Ndufa4l2_2,neuron,MY,VGLUT2_NOR,MC_163:Pontine and medullary noradrenergic neurons,NorEx_Phox2b_Ndufa4l2,NorEx_Phox2b_Ndufa4l2_MY,NorEx_Phox2b_Ndufa4l2_MY
Nor_Phox2b_Prlh,neuron,MY,NOR,MC_163:Pontine and medullary noradrenergic neurons,Nor_Phox2b_Prlh,Nor_Phox2b_Prlh_MY,Nor_Phox2b_Prlh_MY
NorEx_Phox2b_Prlh,neuron,MY,VGLUT2_NOR,MC_163:Pontine and medullary noradrenergic neurons,NorEx_Phox2b_Prlh,NorEx_Phox2b_Prlh_MY,NorEx_Phox2b_Prlh_MY
NorEx_Phox2b_Rrad,neuron,MY,VGLUT2_NOR,MC_163:Pontine and medullary noradrenergic neurons,NorEx_Phox2b_Rrad,NorEx_Phox2b_Rrad_MY,NorEx_Phox2b_Rrad_MY
Nor_Phox2b_Pla2g4d_1,neuron,P,NOR,MC_163:Pontine and medullary noradrenergic neurons,Nor_Phox2b_Pla2g4d,Nor_Phox2b_Pla2g4d_P,Nor_Phox2b_Pla2g4d_P
Nor_Phox2b_Pla2g4d_2,neuron,P,NOR,MC_163:Pontine and medullary noradrenergic neurons,Nor_Phox2b_Pla2g4d,Nor_Phox2b_Pla2g4d_P,Nor_Phox2b_Pla2g4d_P
NorEx_Phox2b_Mtnr1a,neuron,MY,VGLUT2_NOR,MC_163:Pontine and medullary noradrenergic neurons,NorEx_Phox2b_Mtnr1a,NorEx_Phox2b_Mtnr1a_MY,NorEx_Phox2b_Mtnr1a_MY
NorEx_Phox2b_Myom3,neuron,MY,VGLUT2_NOR,MC_163:Pontine and medullary noradrenergic neurons,NorEx_Phox2b_Myom3,NorEx_Phox2b_Myom3_MY,NorEx_Phox2b_Myom3_MY
Ex_Phox2b_Dbh_1,neuron,CB,VGLUT2_NOR,MC_163:Pontine and medullary noradrenergic neurons,Ex_Phox2b_Dbh,Ex_Phox2b_Dbh_CB,Ex_Phox2b_Dbh_CB
Ex_Phox2b_Dbh_2,neuron,CB,VGLUT2_NOR,MC_163:Pontine and medullary noradrenergic neurons,Ex_Phox2b_Dbh,Ex_Phox2b_Dbh_CB,Ex_Phox2b_Dbh_CB
Ex_Phox2b_Dbh_3,neuron,CB,VGLUT2_NOR,MC_163:Pontine and medullary noradrenergic neurons,Ex_Phox2b_Dbh,Ex_Phox2b_Dbh_CB,Ex_Phox2b_Dbh_CB
Ex_Phox2b_Dbh_4,neuron,CB,VGLUT2_NOR,"MC_164:Pontine and medullary neurons, primarily nucleus solitarius",Ex_Phox2b_Dbh,Ex_Phox2b_Dbh_CB,Ex_Phox2b_Dbh_CB
Ex_Phox2b_Dbh_5,neuron,CB,VGLUT2_VGLUT3_NOR,"MC_164:Pontine and medullary neurons, primarily nucleus solitarius",Ex_Phox2b_Dbh,Ex_Phox2b_Dbh_CB,Ex_Phox2b_Dbh_CB
Inh_Arhgap28_Slc26a7,neuron,MB,GLY,MC_137:Pontine and medullary neurons,Inh_Arhgap28_Slc26a7,Inh_Arhgap28_Slc26a7_MB,Inh_Arhgap28_Slc26a7_MB
Inh_Arhgap28_Slc17a8_1,neuron,MB,VGLUT3_GLY,MC_137:Pontine and medullary neurons,Inh_Arhgap28_Slc17a8,Inh_Arhgap28_Slc17a8_MB,Inh_Arhgap28_Slc17a8_MB
Inh_Arhgap28_Slc17a8_2,neuron,MB,GLY,MC_137:Pontine and medullary neurons,Inh_Arhgap28_Slc17a8,Inh_Arhgap28_Slc17a8_MB,Inh_Arhgap28_Slc17a8_MB
Inh_Arhgap28_Slc17a8_3,neuron,MB,VGLUT3_GLY,MC_137:Pontine and medullary neurons,Inh_Arhgap28_Slc17a8,Inh_Arhgap28_Slc17a8_MB,Inh_Arhgap28_Slc17a8_MB
Inh_Arhgap28_Slc17a8_4,neuron,MB,VGLUT3_GLY,MC_137:Pontine and medullary neurons,Inh_Arhgap28_Slc17a8,Inh_Arhgap28_Slc17a8_MB,Inh_Arhgap28_Slc17a8_MB
Inh_Gata3_Ccdc180_1,neuron,P,VGLUT3_GLY,MC_137:Pontine and medullary neurons,Inh_Gata3_Ccdc180,Inh_Gata3_Ccdc180_P,Inh_Gata3_Ccdc180_P
Inh_Gata3_Dkk2,neuron,P,VGLUT3_GLY,MC_137:Pontine and medullary neurons,Inh_Gata3_Dkk2,Inh_Gata3_Dkk2_P,Inh_Gata3_Dkk2_P
Inh_Gata3_Ccdc180_2,neuron,P,GLY,MC_137:Pontine and medullary neurons,Inh_Gata3_Ccdc180,Inh_Gata3_Ccdc180_P,Inh_Gata3_Ccdc180_P
Inh_Gata3_Tafa3,neuron,P,GLY,MC_137:Pontine and medullary neurons,Inh_Gata3_Tafa3,Inh_Gata3_Tafa3_P,Inh_Gata3_Tafa3_P
Inh_Gata3_Slc26a7,neuron,MY,GLY,MC_137:Pontine and medullary neurons,Inh_Gata3_Slc26a7,Inh_Gata3_Slc26a7_MY,Inh_Gata3_Slc26a7_MY
Inh_Gata3_Crybb1,neuron,P,GLY,MC_137:Pontine and medullary neurons,Inh_Gata3_Crybb1,Inh_Gata3_Crybb1_P,Inh_Gata3_Crybb1_P
Inh_Gata3_Padi1,neuron,P,GLY,MC_137:Pontine and medullary neurons,Inh_Gata3_Padi1,Inh_Gata3_Padi1_P,Inh_Gata3_Padi1_P
Inh_Gata3_Cryba2_1,neuron,P,GLY,MC_137:Pontine and medullary neurons,Inh_Gata3_Cryba2,Inh_Gata3_Cryba2_P,Inh_Gata3_Cryba2_P
Inh_Gata3_Cryba2_2,neuron,P,GLY,MC_137:Pontine and medullary neurons,Inh_Gata3_Cryba2,Inh_Gata3_Cryba2_P,Inh_Gata3_Cryba2_P
Inh_Gata3_Cryba2_3,neuron,P,GLY,MC_137:Pontine and medullary neurons,Inh_Gata3_Cryba2,Inh_Gata3_Cryba2_P,Inh_Gata3_Cryba2_P
Inh_Gata3_Cryba2_4,neuron,P,GLY,MC_137:Pontine and medullary neurons,Inh_Gata3_Cryba2,Inh_Gata3_Cryba2_P,Inh_Gata3_Cryba2_P
Inh_Arhgap31_Cryba2,neuron,MB,GLY,MC_137:Pontine and medullary neurons,Inh_Arhgap31_Cryba2,Inh_Arhgap31_Cryba2_MB,Inh_Arhgap31_Cryba2_MB
Inh_Gata3_Ppm1j,neuron,P,GLY,MC_137:Pontine and medullary neurons,Inh_Gata3_Ppm1j,Inh_Gata3_Ppm1j_P,Inh_Gata3_Ppm1j_P
Inh_Gata3_Tnni3_1,neuron,P,GLY,MC_137:Pontine and medullary neurons,Inh_Gata3_Tnni3,Inh_Gata3_Tnni3_P,Inh_Gata3_Tnni3_P
Inh_Gata3_Tnni3_2,neuron,P,GLY,MC_96:Midbrain neurons,Inh_Gata3_Tnni3,Inh_Gata3_Tnni3_P,Inh_Gata3_Tnni3_P
Inh_Gata3_Tnni3_3,neuron,MY,VGLUT3_GLY,MC_96:Midbrain neurons,Inh_Gata3_Tnni3,Inh_Gata3_Tnni3_MY,Inh_Gata3_Tnni3_MY
Inh_Gata3_Tnni3_4,neuron,P,GLY,MC_96:Midbrain neurons,Inh_Gata3_Tnni3,Inh_Gata3_Tnni3_P,Inh_Gata3_Tnni3_P
Inh_Gata3_Tcim,neuron,MY,GLY,MC_137:Pontine and medullary neurons,Inh_Gata3_Tcim,Inh_Gata3_Tcim_MY,Inh_Gata3_Tcim_MY
Inh_Gata3_Scara5,neuron,MY,GLY,MC_137:Pontine and medullary neurons,Inh_Gata3_Scara5,Inh_Gata3_Scara5_MY,Inh_Gata3_Scara5_MY
Inh_Gata3_C1qtnf7_Olfr48,neuron,MY,GLY,MC_137:Pontine and medullary neurons,Inh_Gata3_C1qtnf7_Olfr48,Inh_Gata3_C1qtnf7_Olfr48_MY,Inh_Gata3_C1qtnf7_Olfr48_MY
Inh_Gata3_Col16a1_1,neuron,MY,GLY,MC_137:Pontine and medullary neurons,Inh_Gata3_Col16a1,Inh_Gata3_Col16a1_MY,Inh_Gata3_Col16a1_MY
Inh_Gata3_Col16a1_2,neuron,MY,GLY,MC_137:Pontine and medullary neurons,Inh_Gata3_Col16a1,Inh_Gata3_Col16a1_MY,Inh_Gata3_Col16a1_MY
Inh_Gata3_Frk_1,neuron,P,GLY,MC_137:Pontine and medullary neurons,Inh_Gata3_Frk,Inh_Gata3_Frk_P,Inh_Gata3_Frk_P
Inh_Gata3_Frk_2,neuron,MY,GLY,MC_137:Pontine and medullary neurons,Inh_Gata3_Frk,Inh_Gata3_Frk_MY,Inh_Gata3_Frk_MY
Inh_Gata3_Frk_3,neuron,MY,GLY,MC_137:Pontine and medullary neurons,Inh_Gata3_Frk,Inh_Gata3_Frk_MY,Inh_Gata3_Frk_MY
Inh_Gata3_Dhrs3_Sox14_1,neuron,P,GLY,MC_137:Pontine and medullary neurons,Inh_Gata3_Dhrs3_Sox14,Inh_Gata3_Dhrs3_Sox14_P,Inh_Gata3_Dhrs3_Sox14_P
Inh_Gata3_Dhrs3_Sox14_2,neuron,MY,GLY,MC_137:Pontine and medullary neurons,Inh_Gata3_Dhrs3_Sox14,Inh_Gata3_Dhrs3_Sox14_MY,Inh_Gata3_Dhrs3_Sox14_MY
Inh_Gata3_Dhrs3_Sox14_3,neuron,P,GLY,MC_137:Pontine and medullary neurons,Inh_Gata3_Dhrs3_Sox14,Inh_Gata3_Dhrs3_Sox14_P,Inh_Gata3_Dhrs3_Sox14_P
Inh_Gata3_Dhrs3_Sox14_4,neuron,P,GLY,MC_137:Pontine and medullary neurons,Inh_Gata3_Dhrs3_Sox14,Inh_Gata3_Dhrs3_Sox14_P,Inh_Gata3_Dhrs3_Sox14_P
Inh_Gata3_Dhrs3_Sox14_5,neuron,MY,GLY,MC_137:Pontine and medullary neurons,Inh_Gata3_Dhrs3_Sox14,Inh_Gata3_Dhrs3_Sox14_MY,Inh_Gata3_Dhrs3_Sox14_MY
Inh_Gata3_Fam90a1b,neuron,MY,GLY,MC_137:Pontine and medullary neurons,Inh_Gata3_Fam90a1b,Inh_Gata3_Fam90a1b_MY,Inh_Gata3_Fam90a1b_MY
Inh_Gata3_Dkk1_1,neuron,P,GLY,MC_137:Pontine and medullary neurons,Inh_Gata3_Dkk1,Inh_Gata3_Dkk1_P,Inh_Gata3_Dkk1_P
Inh_Gata3_Dkk1_2,neuron,P,GLY,MC_137:Pontine and medullary neurons,Inh_Gata3_Dkk1,Inh_Gata3_Dkk1_P,Inh_Gata3_Dkk1_P
Inh_Gata3_Prkd1_Nptx2_1,neuron,MY,GLY,MC_137:Pontine and medullary neurons,Inh_Gata3_Prkd1_Nptx2,Inh_Gata3_Prkd1_Nptx2_MY,Inh_Gata3_Prkd1_Nptx2_MY
Inh_Gata3_Prkd1_Nptx2_2,neuron,MY,GLY,MC_137:Pontine and medullary neurons,Inh_Gata3_Prkd1_Nptx2,Inh_Gata3_Prkd1_Nptx2_MY,Inh_Gata3_Prkd1_Nptx2_MY
CholInh_Gata3_Nptx2,neuron,MY,GLY_CHOL,MC_137:Pontine and medullary neurons,CholInh_Gata3_Nptx2,CholInh_Gata3_Nptx2_MY,CholInh_Gata3_Nptx2_MY
Inh_Gata3_Antxrl,neuron,MY,GLY,MC_137:Pontine and medullary neurons,Inh_Gata3_Antxrl,Inh_Gata3_Antxrl_MY,Inh_Gata3_Antxrl_MY
Inh_Gata3_Cd200r1_1,neuron,P,GLY,MC_123:Pontine and medullary neurons,Inh_Gata3_Cd200r1,Inh_Gata3_Cd200r1_P,Inh_Gata3_Cd200r1_P
Inh_Gata3_Cd200r1_2,neuron,MY,GLY,MC_123:Pontine and medullary neurons,Inh_Gata3_Cd200r1,Inh_Gata3_Cd200r1_MY,Inh_Gata3_Cd200r1_MY
Inh_Gata3_Il23r,neuron,P,GLY,MC_123:Pontine and medullary neurons,Inh_Gata3_Il23r,Inh_Gata3_Il23r_P,Inh_Gata3_Il23r_P
Inh_Gata3_Cd200r1_3,neuron,P,GLY,MC_123:Pontine and medullary neurons,Inh_Gata3_Cd200r1,Inh_Gata3_Cd200r1_P,Inh_Gata3_Cd200r1_P
Inh_Gata3_Cd200r1_4,neuron,P,GLY,MC_123:Pontine and medullary neurons,Inh_Gata3_Cd200r1,Inh_Gata3_Cd200r1_P,Inh_Gata3_Cd200r1_P
Inh_Gata3_Mmrn1_1,neuron,MY,GLY,MC_123:Pontine and medullary neurons,Inh_Gata3_Mmrn1,Inh_Gata3_Mmrn1_MY,Inh_Gata3_Mmrn1_MY
Inh_Gata3_Mmrn1_2,neuron,MY,GLY,MC_123:Pontine and medullary neurons,Inh_Gata3_Mmrn1,Inh_Gata3_Mmrn1_MY,Inh_Gata3_Mmrn1_MY
Ex_Nkx6-1_Nccrp1_1,neuron,MB,VGLUT2,MC_196:Tegmental neurons,Ex_Nkx6-1_Nccrp1,Ex_Nkx6-1_Nccrp1_MB,Ex_Nkx6-1_Nccrp1_MB
Ex_Nkx6-1_Nccrp1_2,neuron,MB,VGLUT2,MC_196:Tegmental neurons,Ex_Nkx6-1_Nccrp1,Ex_Nkx6-1_Nccrp1_MB,Ex_Nkx6-1_Nccrp1_MB
Ex_Tlr4_Foxd2,neuron,,VGLUT2,MC_196:Tegmental neurons,Ex_Tlr4_Foxd2,Ex_Tlr4_Foxd2,Ex_Tlr4_Foxd2
Ex_Nkx6-1_Gucy2c_1,neuron,MB,VGLUT2,MC_196:Tegmental neurons,Ex_Nkx6-1_Gucy2c,Ex_Nkx6-1_Gucy2c_MB,Ex_Nkx6-1_Gucy2c_MB
Ex_Nkx6-1_Gucy2c_2,neuron,MB,VGLUT2_VGLUT3,MC_196:Tegmental neurons,Ex_Nkx6-1_Gucy2c,Ex_Nkx6-1_Gucy2c_MB,Ex_Nkx6-1_Gucy2c_MB
Ex_Nkx6-1_Gucy2c_3,neuron,MB,VGLUT2_VGLUT3,MC_196:Tegmental neurons,Ex_Nkx6-1_Gucy2c,Ex_Nkx6-1_Gucy2c_MB,Ex_Nkx6-1_Gucy2c_MB
Ex_Nkx6-1_Gucy2c_4,neuron,MB,VGLUT2,MC_196:Tegmental neurons,Ex_Nkx6-1_Gucy2c,Ex_Nkx6-1_Gucy2c_MB,Ex_Nkx6-1_Gucy2c_MB
Ex_Foxd2_C1ql4,neuron,MB,VGLUT2,MC_196:Tegmental neurons,Ex_Foxd2_C1ql4,Ex_Foxd2_C1ql4_MB,Ex_Foxd2_C1ql4_MB
Ex_Onecut3_Bnc2,neuron,PAL,VGLUT2,"MC_181:Septal neurons, primarily septofimbrial nucleus",Ex_Onecut3_Bnc2,Ex_Onecut3_Bnc2_PAL,Ex_Onecut3_Bnc2_PAL
Ex_Onecut3_Slco1c1,neuron,PAL,VGLUT2,"MC_181:Septal neurons, primarily septofimbrial nucleus",Ex_Onecut3_Slco1c1,Ex_Onecut3_Slco1c1_PAL,Ex_Onecut3_Slco1c1_PAL
Ex_Onecut3_Spag16_1,neuron,HY,VGLUT2,"MC_181:Septal neurons, primarily septofimbrial nucleus",Ex_Onecut3_Spag16,Ex_Onecut3_Spag16_HY,Ex_Onecut3_Spag16_HY
Ex_Onecut3_Spag16_2,neuron,HY,VGLUT2,"MC_181:Septal neurons, primarily septofimbrial nucleus",Ex_Onecut3_Spag16,Ex_Onecut3_Spag16_HY,Ex_Onecut3_Spag16_HY
Ex_Onecut3_Spag16_3,neuron,OLF,VGLUT2,"MC_181:Septal neurons, primarily septofimbrial nucleus",Ex_Onecut3_Spag16,Ex_Onecut3_Spag16_OLF,Ex_Onecut3_Spag16_OLF
Ex_Onecut3_Pirt_1,neuron,OLF,VGLUT2,"MC_181:Septal neurons, primarily septofimbrial nucleus",Ex_Onecut3_Pirt,Ex_Onecut3_Pirt_OLF,Ex_Onecut3_Pirt_OLF
Ex_Onecut3_Pirt_2,neuron,STR,VGLUT2,"MC_181:Septal neurons, primarily septofimbrial nucleus",Ex_Onecut3_Pirt,Ex_Onecut3_Pirt_STR,Ex_Onecut3_Pirt_STR
Ex_Onecut3_Pirt_3,neuron,STR,VGLUT2,"MC_181:Septal neurons, primarily septofimbrial nucleus",Ex_Onecut3_Pirt,Ex_Onecut3_Pirt_STR,Ex_Onecut3_Pirt_STR
Ex_Otx2_Six6_1,neuron,PAL,VGLUT2,MC_182:Lateral septal neurons,Ex_Otx2_Six6,Ex_Otx2_Six6_PAL,Ex_Otx2_Six6_PAL
Ex_Otx2_Six6_2,neuron,HY,VGLUT2,MC_182:Lateral septal neurons,Ex_Otx2_Six6,Ex_Otx2_Six6_HY,Ex_Otx2_Six6_HY
Ex_Otx2_Six6_3,neuron,HY,VGLUT2,MC_182:Lateral septal neurons,Ex_Otx2_Six6,Ex_Otx2_Six6_HY,Ex_Otx2_Six6_HY
Ex_Slc12a7_Sp110,neuron,HY,VGLUT2,MC_183:Anterior hypothalamic neurons,Ex_Slc12a7_Sp110,Ex_Slc12a7_Sp110_HY,Ex_Slc12a7_Sp110_HY
Ex_Slc12a7_Krt19,neuron,HY,VGLUT2,MC_183:Anterior hypothalamic neurons,Ex_Slc12a7_Krt19,Ex_Slc12a7_Krt19_HY,Ex_Slc12a7_Krt19_HY
Ex_Slc12a7_Odad1_1,neuron,HY,GLY,MC_183:Anterior hypothalamic neurons,Ex_Slc12a7_Odad1,Ex_Slc12a7_Odad1_HY,Ex_Slc12a7_Odad1_HY
Ex_Slc12a7_Odad1_2,neuron,HY,VGLUT2,MC_183:Anterior hypothalamic neurons,Ex_Slc12a7_Odad1,Ex_Slc12a7_Odad1_HY,Ex_Slc12a7_Odad1_HY
Ex_Otx2_Sapcd1,neuron,HY,VGLUT2,MC_183:Anterior hypothalamic neurons,Ex_Otx2_Sapcd1,Ex_Otx2_Sapcd1_HY,Ex_Otx2_Sapcd1_HY
Ex_Otx2_Dynlrb2,neuron,HY,VGLUT2,MC_183:Anterior hypothalamic neurons,Ex_Otx2_Dynlrb2,Ex_Otx2_Dynlrb2_HY,Ex_Otx2_Dynlrb2_HY
Ex_Sim1_Pla2r1,neuron,HY,VGLUT2,"MC_197:Hypothalamic neurons, primarily periventricular and mammilary nuclei",Ex_Sim1_Pla2r1,Ex_Sim1_Pla2r1_HY,Ex_Sim1_Pla2r1_HY
Ex_Sim1_Dnah8_Oxt,neuron,HY,VGLUT2,"MC_197:Hypothalamic neurons, primarily periventricular and mammilary nuclei",Ex_Sim1_Dnah8_Oxt,Ex_Sim1_Dnah8_Oxt_HY,Ex_Sim1_Dnah8_Oxt_HY
Ex_Sim1_Cxcl1,neuron,HY,VGLUT2,"MC_197:Hypothalamic neurons, primarily periventricular and mammilary nuclei",Ex_Sim1_Cxcl1,Ex_Sim1_Cxcl1_HY,Ex_Sim1_Cxcl1_HY
Ex_Sim1_Slc10a6_1,neuron,HY,VGLUT2,"MC_197:Hypothalamic neurons, primarily periventricular and mammilary nuclei",Ex_Sim1_Slc10a6,Ex_Sim1_Slc10a6_HY,Ex_Sim1_Slc10a6_HY
Ex_Sim1_Slc10a6_2,neuron,HY,VGLUT2,"MC_197:Hypothalamic neurons, primarily periventricular and mammilary nuclei",Ex_Sim1_Slc10a6,Ex_Sim1_Slc10a6_HY,Ex_Sim1_Slc10a6_HY
Ex_Sim1_Serpina3i,neuron,HY,VGLUT2,"MC_197:Hypothalamic neurons, primarily periventricular and mammilary nuclei",Ex_Sim1_Serpina3i,Ex_Sim1_Serpina3i_HY,Ex_Sim1_Serpina3i_HY
Ex_Sim1_Naa11,neuron,HY,VGLUT2,"MC_197:Hypothalamic neurons, primarily periventricular and mammilary nuclei",Ex_Sim1_Naa11,Ex_Sim1_Naa11_HY,Ex_Sim1_Naa11_HY
Ex_Sim1_Cartpt,neuron,HY,VGLUT2,"MC_197:Hypothalamic neurons, primarily periventricular and mammilary nuclei",Ex_Sim1_Cartpt,Ex_Sim1_Cartpt_HY,Ex_Sim1_Cartpt_HY
Ex_Sim1_Ucn3_1,neuron,HY,VGLUT2,"MC_197:Hypothalamic neurons, primarily periventricular and mammilary nuclei",Ex_Sim1_Ucn3,Ex_Sim1_Ucn3_HY,Ex_Sim1_Ucn3_HY
Ex_Sim1_Ucn3_2,neuron,HY,VGLUT2,"MC_197:Hypothalamic neurons, primarily periventricular and mammilary nuclei",Ex_Sim1_Ucn3,Ex_Sim1_Ucn3_HY,Ex_Sim1_Ucn3_HY
Ex_Sim1_Ucn3_3,neuron,HY,GLY,"MC_197:Hypothalamic neurons, primarily periventricular and mammilary nuclei",Ex_Sim1_Ucn3,Ex_Sim1_Ucn3_HY,Ex_Sim1_Ucn3_HY
Inh_Pde11a_Pgm5_1,neuron,PAL,GABA,MC_87:Bed nucleus neurons,Inh_Pde11a_Pgm5,Inh_Pde11a_Pgm5_PAL,Inh_Pde11a_Pgm5_PAL
Inh_Pde11a_Pgm5_2,neuron,PAL,GABA,MC_87:Bed nucleus neurons,Inh_Pde11a_Pgm5,Inh_Pde11a_Pgm5_PAL,Inh_Pde11a_Pgm5_PAL
Inh_Pde11a_Pgm5_3,neuron,PAL,GABA,MC_87:Bed nucleus neurons,Inh_Pde11a_Pgm5,Inh_Pde11a_Pgm5_PAL,Inh_Pde11a_Pgm5_PAL
Inh_Pde11a_Pgm5_4,neuron,STR,GABA,MC_87:Bed nucleus neurons,Inh_Pde11a_Pgm5,Inh_Pde11a_Pgm5_STR,Inh_Pde11a_Pgm5_STR
Inh_Pde11a_Pgm5_5,neuron,PAL,GABA,MC_87:Bed nucleus neurons,Inh_Pde11a_Pgm5,Inh_Pde11a_Pgm5_PAL,Inh_Pde11a_Pgm5_PAL
Inh_Pde11a_Pgm5_6,neuron,PAL,GABA,MC_87:Bed nucleus neurons,Inh_Pde11a_Pgm5,Inh_Pde11a_Pgm5_PAL,Inh_Pde11a_Pgm5_PAL
Inh_Pde11a_Pgm5_7,neuron,PAL,GABA,MC_87:Bed nucleus neurons,Inh_Pde11a_Pgm5,Inh_Pde11a_Pgm5_PAL,Inh_Pde11a_Pgm5_PAL
Inh_Pde11a_Atp2c2_1,neuron,PAL,GABA,MC_87:Bed nucleus neurons,Inh_Pde11a_Atp2c2,Inh_Pde11a_Atp2c2_PAL,Inh_Pde11a_Atp2c2_PAL
Inh_Pde11a_Atp2c2_2,neuron,PAL,GABA,MC_87:Bed nucleus neurons,Inh_Pde11a_Atp2c2,Inh_Pde11a_Atp2c2_PAL,Inh_Pde11a_Atp2c2_PAL
Ex_Pitx2_Odad2_1,neuron,HY,VGLUT2,MC_190:Hypothalamic neurons,Ex_Pitx2_Odad2,Ex_Pitx2_Odad2_HY,Ex_Pitx2_Odad2_HY
Ex_Pitx2_Odad2_2,neuron,HY,VGLUT2,MC_190:Hypothalamic neurons,Ex_Pitx2_Odad2,Ex_Pitx2_Odad2_HY,Ex_Pitx2_Odad2_HY
Ex_Pitx2_Odad2_3,neuron,HY,VGLUT2,MC_190:Hypothalamic neurons,Ex_Pitx2_Odad2,Ex_Pitx2_Odad2_HY,Ex_Pitx2_Odad2_HY
Ex_Sim1_Hkdc1_1,neuron,OLF,VGLUT1_VGLUT2,MC_54:Lateral olfactory tract and amygdalar neurons,Ex_Sim1_Hkdc1,Ex_Sim1_Hkdc1_OLF,Ex_Sim1_Hkdc1_OLF
Ex_Sim1_Hkdc1_2,neuron,CTXsp,VGLUT1,MC_54:Lateral olfactory tract and amygdalar neurons,Ex_Sim1_Hkdc1,Ex_Sim1_Hkdc1_CTXsp,Ex_Sim1_Hkdc1_CTXsp
Ex_Sim1_A730009L09Rik,neuron,OLF,VGLUT1_VGLUT2,MC_54:Lateral olfactory tract and amygdalar neurons,Ex_Sim1_A730009L09Rik,Ex_Sim1_A730009L09Rik_OLF,Ex_Sim1_A730009L09Rik_OLF
Ex_Neurod6_Bfsp2,neuron,OLF,VGLUT1_VGLUT2,MC_54:Lateral olfactory tract and amygdalar neurons,Ex_Neurod6_Bfsp2,Ex_Neurod6_Bfsp2_OLF,Ex_Neurod6_Bfsp2_OLF
Ex_Neurod6_Creb3l1,neuron,OLF,VGLUT1_VGLUT2,MC_54:Lateral olfactory tract and amygdalar neurons,Ex_Neurod6_Creb3l1,Ex_Neurod6_Creb3l1_OLF,Ex_Neurod6_Creb3l1_OLF
Ex_Neurod6_E130114P18Rik,neuron,CTXsp,VGLUT1_VGLUT2,MC_54:Lateral olfactory tract and amygdalar neurons,Ex_Neurod6_E130114P18Rik,Ex_Neurod6_E130114P18Rik_CTXsp,Ex_Neurod6_E130114P18Rik_CTXsp
Ex_Neurod6_Tgfbr2,neuron,OLF,VGLUT1_VGLUT2,MC_54:Lateral olfactory tract and amygdalar neurons,Ex_Neurod6_Tgfbr2,Ex_Neurod6_Tgfbr2_OLF,Ex_Neurod6_Tgfbr2_OLF
Ex_Neurod6_Hgf,neuron,PAL,VGLUT1_VGLUT2,MC_54:Lateral olfactory tract and amygdalar neurons,Ex_Neurod6_Hgf,Ex_Neurod6_Hgf_PAL,Ex_Neurod6_Hgf_PAL
Ex_Neurod6_Wnt5a,neuron,OLF,VGLUT1_VGLUT2,MC_54:Lateral olfactory tract and amygdalar neurons,Ex_Neurod6_Wnt5a,Ex_Neurod6_Wnt5a_OLF,Ex_Neurod6_Wnt5a_OLF
Ex_Sim1_Ccdc3,neuron,OLF,VGLUT2,MC_54:Lateral olfactory tract and amygdalar neurons,Ex_Sim1_Ccdc3,Ex_Sim1_Ccdc3_OLF,Ex_Sim1_Ccdc3_OLF
Ex_Pax6_Them7,neuron,PAL,VGLUT2,MC_54:Lateral olfactory tract and amygdalar neurons,Ex_Pax6_Them7,Ex_Pax6_Them7_PAL,Ex_Pax6_Them7_PAL
Ex_Sim1_C1ql1,neuron,OLF,VGLUT1_VGLUT2,MC_54:Lateral olfactory tract and amygdalar neurons,Ex_Sim1_C1ql1,Ex_Sim1_C1ql1_OLF,Ex_Sim1_C1ql1_OLF
Inh_Dmbx1_Tnnt1_1,neuron,MB,GABA,MC_89:Tectal neurons,Inh_Dmbx1_Tnnt1,Inh_Dmbx1_Tnnt1_MB,Inh_Dmbx1_Tnnt1_MB
Inh_Dmbx1_Tnnt1_2,neuron,MB,GABA,MC_89:Tectal neurons,Inh_Dmbx1_Tnnt1,Inh_Dmbx1_Tnnt1_MB,Inh_Dmbx1_Tnnt1_MB
Inh_Dmbx1_Hpse2_1,neuron,MB,GABA,MC_89:Tectal neurons,Inh_Dmbx1_Hpse2,Inh_Dmbx1_Hpse2_MB,Inh_Dmbx1_Hpse2_MB
Inh_Dmbx1_Hpse2_2,neuron,MB,GABA,MC_89:Tectal neurons,Inh_Dmbx1_Hpse2,Inh_Dmbx1_Hpse2_MB,Inh_Dmbx1_Hpse2_MB
Inh_Dmbx1_Hpse2_3,neuron,MB,GABA,MC_89:Tectal neurons,Inh_Dmbx1_Hpse2,Inh_Dmbx1_Hpse2_MB,Inh_Dmbx1_Hpse2_MB
Inh_Dmbx1_Tacr3_1,neuron,MB,GABA,MC_89:Tectal neurons,Inh_Dmbx1_Tacr3,Inh_Dmbx1_Tacr3_MB,Inh_Dmbx1_Tacr3_MB
Inh_Dmbx1_Tacr3_2,neuron,MB,GABA,MC_89:Tectal neurons,Inh_Dmbx1_Tacr3,Inh_Dmbx1_Tacr3_MB,Inh_Dmbx1_Tacr3_MB
Inh_Dmbx1_Tacr3_3,neuron,MB,GABA,MC_89:Tectal neurons,Inh_Dmbx1_Tacr3,Inh_Dmbx1_Tacr3_MB,Inh_Dmbx1_Tacr3_MB
Inh_Dmbx1_Car8,neuron,MB,GABA,MC_89:Tectal neurons,Inh_Dmbx1_Car8,Inh_Dmbx1_Car8_MB,Inh_Dmbx1_Car8_MB
Inh_Otx2_Gabrr2_1,neuron,MB,GABA,MC_101:Midbrain neurons,Inh_Otx2_Gabrr2,Inh_Otx2_Gabrr2_MB,Inh_Otx2_Gabrr2_MB
Inh_Otx2_Gabrr2_2,neuron,MB,GABA,MC_101:Midbrain neurons,Inh_Otx2_Gabrr2,Inh_Otx2_Gabrr2_MB,Inh_Otx2_Gabrr2_MB
Inh_Otx2_Cav1,neuron,MB,GABA,MC_101:Midbrain neurons,Inh_Otx2_Cav1,Inh_Otx2_Cav1_MB,Inh_Otx2_Cav1_MB
Inh_Otx2_Scgn,neuron,MB,GABA,MC_101:Midbrain neurons,Inh_Otx2_Scgn,Inh_Otx2_Scgn_MB,Inh_Otx2_Scgn_MB
Inh_Otx2_Tnnt1_1,neuron,MB,GABA,MC_101:Midbrain neurons,Inh_Otx2_Tnnt1,Inh_Otx2_Tnnt1_MB,Inh_Otx2_Tnnt1_MB
Inh_Otx2_Tnnt1_2,neuron,MB,GABA,MC_101:Midbrain neurons,Inh_Otx2_Tnnt1,Inh_Otx2_Tnnt1_MB,Inh_Otx2_Tnnt1_MB
Inh_Otx2_Vgll3,neuron,MB,GABA,MC_101:Midbrain neurons,Inh_Otx2_Vgll3,Inh_Otx2_Vgll3_MB,Inh_Otx2_Vgll3_MB
Inh_Tfap2b_Kcnmb1_1,neuron,MB,GABA,MC_96:Midbrain neurons,Inh_Tfap2b_Kcnmb1,Inh_Tfap2b_Kcnmb1_MB,Inh_Tfap2b_Kcnmb1_MB
Inh_Tfap2b_Kcnmb1_2,neuron,MB,GABA,MC_96:Midbrain neurons,Inh_Tfap2b_Kcnmb1,Inh_Tfap2b_Kcnmb1_MB,Inh_Tfap2b_Kcnmb1_MB
Inh_Tfap2b_Cyp39a1,neuron,MB,GABA,MC_96:Midbrain neurons,Inh_Tfap2b_Cyp39a1,Inh_Tfap2b_Cyp39a1_MB,Inh_Tfap2b_Cyp39a1_MB
Inh_Tfap2b_Rxfp2,neuron,MB,GABA,MC_96:Midbrain neurons,Inh_Tfap2b_Rxfp2,Inh_Tfap2b_Rxfp2_MB,Inh_Tfap2b_Rxfp2_MB
Inh_Tfap2b_Shisal2b_1,neuron,MB,GABA,MC_96:Midbrain neurons,Inh_Tfap2b_Shisal2b,Inh_Tfap2b_Shisal2b_MB,Inh_Tfap2b_Shisal2b_MB
Inh_Tfap2b_Shisal2b_2,neuron,MB,GABA,MC_96:Midbrain neurons,Inh_Tfap2b_Shisal2b,Inh_Tfap2b_Shisal2b_MB,Inh_Tfap2b_Shisal2b_MB
Inh_Tfap2b_Adam33,neuron,MB,GABA,MC_96:Midbrain neurons,Inh_Tfap2b_Adam33,Inh_Tfap2b_Adam33_MB,Inh_Tfap2b_Adam33_MB
Inh_Pax7_Qrfpr_2,neuron,MB,GABA,MC_96:Midbrain neurons,Inh_Pax7_Qrfpr,Inh_Pax7_Qrfpr_MB,Inh_Pax7_Qrfpr_MB
Inh_Pax7_Qrfpr_3,neuron,MB,GABA,MC_96:Midbrain neurons,Inh_Pax7_Qrfpr,Inh_Pax7_Qrfpr_MB,Inh_Pax7_Qrfpr_MB
Inh_Pax7_Qrfpr_4,neuron,MB,GABA,MC_96:Midbrain neurons,Inh_Pax7_Qrfpr,Inh_Pax7_Qrfpr_MB,Inh_Pax7_Qrfpr_MB
Inh_Pax7_Bmp5_1,neuron,MB,GABA,MC_95:Tectal neurons,Inh_Pax7_Bmp5,Inh_Pax7_Bmp5_MB,Inh_Pax7_Bmp5_MB
Inh_Pax7_Bmp5_2,neuron,MB,GABA,MC_95:Tectal neurons,Inh_Pax7_Bmp5,Inh_Pax7_Bmp5_MB,Inh_Pax7_Bmp5_MB
Inh_Pax7_Slc9a3,neuron,MB,GABA,MC_95:Tectal neurons,Inh_Pax7_Slc9a3,Inh_Pax7_Slc9a3_MB,Inh_Pax7_Slc9a3_MB
Inh_Otx2_Pcp2,neuron,MB,GABA,MC_101:Midbrain neurons,Inh_Otx2_Pcp2,Inh_Otx2_Pcp2_MB,Inh_Otx2_Pcp2_MB
Inh_Otx2_Bmp4_1,neuron,MB,GABA,MC_101:Midbrain neurons,Inh_Otx2_Bmp4,Inh_Otx2_Bmp4_MB,Inh_Otx2_Bmp4_MB
Inh_Otx2_Bmp4_2,neuron,MB,GABA,MC_101:Midbrain neurons,Inh_Otx2_Bmp4,Inh_Otx2_Bmp4_MB,Inh_Otx2_Bmp4_MB
Inh_Otx2_Bmp4_3,neuron,MB,GABA,MC_101:Midbrain neurons,Inh_Otx2_Bmp4,Inh_Otx2_Bmp4_MB,Inh_Otx2_Bmp4_MB
Inh_Otx2_Bmp4_4,neuron,MB,GABA,MC_101:Midbrain neurons,Inh_Otx2_Bmp4,Inh_Otx2_Bmp4_MB,Inh_Otx2_Bmp4_MB
Inh_Otx2_Ntrk1_1,neuron,MB,GABA,MC_101:Midbrain neurons,Inh_Otx2_Ntrk1,Inh_Otx2_Ntrk1_MB,Inh_Otx2_Ntrk1_MB
Inh_Otx2_Ntrk1_2,neuron,CB,GABA,MC_101:Midbrain neurons,Inh_Otx2_Ntrk1,Inh_Otx2_Ntrk1_CB,Inh_Otx2_Ntrk1_CB
Inh_Otx2_Tnni3_1,neuron,MB,GABA,MC_101:Midbrain neurons,Inh_Otx2_Tnni3,Inh_Otx2_Tnni3_MB,Inh_Otx2_Tnni3_MB
Inh_Otx2_Tnni3_2,neuron,MB,GABA,MC_101:Midbrain neurons,Inh_Otx2_Tnni3,Inh_Otx2_Tnni3_MB,Inh_Otx2_Tnni3_MB
Inh_Otx2_Samsn1_1,neuron,MB,GABA,MC_89:Tectal neurons,Inh_Otx2_Samsn1,Inh_Otx2_Samsn1_MB,Inh_Otx2_Samsn1_MB
Inh_Otx2_Samsn1_2,neuron,MB,GABA,MC_89:Tectal neurons,Inh_Otx2_Samsn1,Inh_Otx2_Samsn1_MB,Inh_Otx2_Samsn1_MB
Inh_Otx2_Mbnl3,neuron,MB,GABA,MC_89:Tectal neurons,Inh_Otx2_Mbnl3,Inh_Otx2_Mbnl3_MB,Inh_Otx2_Mbnl3_MB
Inh_Otx2_Pla2g5,neuron,MB,GABA,MC_89:Tectal neurons,Inh_Otx2_Pla2g5,Inh_Otx2_Pla2g5_MB,Inh_Otx2_Pla2g5_MB
Inh_Pax7_Bmp3_1,neuron,MB,GABA,MC_95:Tectal neurons,Inh_Pax7_Bmp3,Inh_Pax7_Bmp3_MB,Inh_Pax7_Bmp3_MB
Inh_Pax7_Bmp3_2,neuron,MB,GABA,MC_95:Tectal neurons,Inh_Pax7_Bmp3,Inh_Pax7_Bmp3_MB,Inh_Pax7_Bmp3_MB
Inh_Pax7_Egflam_1,neuron,MB,GABA,MC_95:Tectal neurons,Inh_Pax7_Egflam,Inh_Pax7_Egflam_MB,Inh_Pax7_Egflam_MB
Inh_Pax7_Egflam_2,neuron,MB,GABA,MC_95:Tectal neurons,Inh_Pax7_Egflam,Inh_Pax7_Egflam_MB,Inh_Pax7_Egflam_MB
Inh_Pax7_Egflam_3,neuron,MB,GABA,MC_95:Tectal neurons,Inh_Pax7_Egflam,Inh_Pax7_Egflam_MB,Inh_Pax7_Egflam_MB
Inh_Pax7_Egflam_4,neuron,MB,GABA,MC_95:Tectal neurons,Inh_Pax7_Egflam,Inh_Pax7_Egflam_MB,Inh_Pax7_Egflam_MB
Inh_Pax7_Egflam_5,neuron,MB,GABA,MC_95:Tectal neurons,Inh_Pax7_Egflam,Inh_Pax7_Egflam_MB,Inh_Pax7_Egflam_MB
Inh_Pax7_Egflam_6,neuron,MB,GABA,MC_95:Tectal neurons,Inh_Pax7_Egflam,Inh_Pax7_Egflam_MB,Inh_Pax7_Egflam_MB
Inh_Pax7_Egflam_7,neuron,MB,GABA,MC_95:Tectal neurons,Inh_Pax7_Egflam,Inh_Pax7_Egflam_MB,Inh_Pax7_Egflam_MB
Inh_Pax7_Ecel1_1,neuron,MB,GABA,MC_95:Tectal neurons,Inh_Pax7_Ecel1,Inh_Pax7_Ecel1_MB,Inh_Pax7_Ecel1_MB
Inh_Pax7_Ecel1_2,neuron,MB,GABA,MC_95:Tectal neurons,Inh_Pax7_Ecel1,Inh_Pax7_Ecel1_MB,Inh_Pax7_Ecel1_MB
Inh_Six3_Colq_1,neuron,MB,GABA,"MC_106:Midbrain neurons, primarily reticulata",Inh_Six3_Colq,Inh_Six3_Colq_MB,Inh_Six3_Colq_MB
Inh_Six3_Colq_2,neuron,MB,GABA,"MC_106:Midbrain neurons, primarily reticulata",Inh_Six3_Colq,Inh_Six3_Colq_MB,Inh_Six3_Colq_MB
Inh_Six3_Colq_3,neuron,MB,GABA,"MC_106:Midbrain neurons, primarily reticulata",Inh_Six3_Colq,Inh_Six3_Colq_MB,Inh_Six3_Colq_MB
Inh_Six3_9130008F23Rik,neuron,MB,GABA,"MC_106:Midbrain neurons, primarily reticulata",Inh_Six3_9130008F23Rik,Inh_Six3_9130008F23Rik_MB,Inh_Six3_9130008F23Rik_MB
Inh_Dmbx1_Mab21l3_1,neuron,MY,GLY,MC_126:Pontine and medullary neurons,Inh_Dmbx1_Mab21l3,Inh_Dmbx1_Mab21l3_MY,Inh_Dmbx1_Mab21l3_MY
Inh_Dmbx1_Mab21l3_2,neuron,MY,GLY,MC_126:Pontine and medullary neurons,Inh_Dmbx1_Mab21l3,Inh_Dmbx1_Mab21l3_MY,Inh_Dmbx1_Mab21l3_MY
Inh_Dmbx1_Gpx6,neuron,MY,GLY,MC_126:Pontine and medullary neurons,Inh_Dmbx1_Gpx6,Inh_Dmbx1_Gpx6_MY,Inh_Dmbx1_Gpx6_MY
Inh_Dmbx1_Wnt7b_2,neuron,,GLY,MC_126:Pontine and medullary neurons,Inh_Dmbx1_Wnt7b,Inh_Dmbx1_Wnt7b,Inh_Dmbx1_Wnt7b
Inh_Six6_Vipr2_1,neuron,HY,GABA,"MC_75:Hypothalamic neurons, primarily superchiasmatic nucleus",Inh_Six6_Vipr2,Inh_Six6_Vipr2_HY,Inh_Six6_Vipr2_HY
Inh_Six6_Vipr2_2,neuron,HY,GABA,"MC_75:Hypothalamic neurons, primarily superchiasmatic nucleus",Inh_Six6_Vipr2,Inh_Six6_Vipr2_HY,Inh_Six6_Vipr2_HY
Inh_Six6_Vipr2_3,neuron,HY,GABA,"MC_75:Hypothalamic neurons, primarily superchiasmatic nucleus",Inh_Six6_Vipr2,Inh_Six6_Vipr2_HY,Inh_Six6_Vipr2_HY
Inh_Six6_Vipr2_4,neuron,HY,GABA,"MC_75:Hypothalamic neurons, primarily superchiasmatic nucleus",Inh_Six6_Vipr2,Inh_Six6_Vipr2_HY,Inh_Six6_Vipr2_HY
Inh_Six6_Vipr2_5,neuron,HY,GABA,"MC_75:Hypothalamic neurons, primarily superchiasmatic nucleus",Inh_Six6_Vipr2,Inh_Six6_Vipr2_HY,Inh_Six6_Vipr2_HY
Inh_Six6_Vipr2_6,neuron,HY,GABA,"MC_75:Hypothalamic neurons, primarily superchiasmatic nucleus",Inh_Six6_Vipr2,Inh_Six6_Vipr2_HY,Inh_Six6_Vipr2_HY
Inh_Six6_Vipr2_7,neuron,HY,GABA,"MC_75:Hypothalamic neurons, primarily superchiasmatic nucleus",Inh_Six6_Vipr2,Inh_Six6_Vipr2_HY,Inh_Six6_Vipr2_HY
Inh_Six6_Vipr2_8,neuron,HY,GABA,"MC_75:Hypothalamic neurons, primarily superchiasmatic nucleus",Inh_Six6_Vipr2,Inh_Six6_Vipr2_HY,Inh_Six6_Vipr2_HY
Inh_Six6_Vipr2_9,neuron,HY,GABA,"MC_75:Hypothalamic neurons, primarily superchiasmatic nucleus",Inh_Six6_Vipr2,Inh_Six6_Vipr2_HY,Inh_Six6_Vipr2_HY
Inh_Six6_Vipr2_10,neuron,HY,GABA,"MC_75:Hypothalamic neurons, primarily superchiasmatic nucleus",Inh_Six6_Vipr2_10,Inh_Six6_Vipr2_10_HY,Inh_Six6_Vipr2_10_HY
Inh_Six6_Vipr2_11,neuron,HY,GABA,"MC_75:Hypothalamic neurons, primarily superchiasmatic nucleus",Inh_Six6_Vipr2_11,Inh_Six6_Vipr2_11_HY,Inh_Six6_Vipr2_11_HY
Ex_Vsx2_Nps_1,neuron,P,VGLUT2,MC_198:Brainstem neurons,Ex_Vsx2_Nps,Ex_Vsx2_Nps_P,Ex_Vsx2_Nps_P
Ex_Vsx2_Nps_2,neuron,P,VGLUT2,MC_198:Brainstem neurons,Ex_Vsx2_Nps,Ex_Vsx2_Nps_P,Ex_Vsx2_Nps_P
Ex_Vsx2_Ghrh_1,neuron,MY,VGLUT2,MC_198:Brainstem neurons,Ex_Vsx2_Ghrh,Ex_Vsx2_Ghrh_MY,Ex_Vsx2_Ghrh_MY
Ex_Vsx2_Frem3,neuron,MY,VGLUT2,MC_198:Brainstem neurons,Ex_Vsx2_Frem3,Ex_Vsx2_Frem3_MY,Ex_Vsx2_Frem3_MY
Ex_Vsx2_Ghrh_2,neuron,P,VGLUT2,MC_198:Brainstem neurons,Ex_Vsx2_Ghrh,Ex_Vsx2_Ghrh_P,Ex_Vsx2_Ghrh_P
Ex_Vsx2_Ghrh_3,neuron,MY,VGLUT2,MC_198:Brainstem neurons,Ex_Vsx2_Ghrh,Ex_Vsx2_Ghrh_MY,Ex_Vsx2_Ghrh_MY
Ex_Vsx2_Tspo2_1,neuron,P,VGLUT2,MC_198:Brainstem neurons,Ex_Vsx2_Tspo2,Ex_Vsx2_Tspo2_P,Ex_Vsx2_Tspo2_P
Ex_Vsx2_Tspo2_2,neuron,P,VGLUT2,MC_198:Brainstem neurons,Ex_Vsx2_Tspo2,Ex_Vsx2_Tspo2_P,Ex_Vsx2_Tspo2_P
Inh_Foxp2_Sox2_1,neuron,P,GABA,MC_112:Midbrain and pontine neurons,Inh_Foxp2_Sox2,Inh_Foxp2_Sox2_P,Inh_Foxp2_Sox2_P
Inh_Foxp2_Sox2_2,neuron,P,GABA,MC_112:Midbrain and pontine neurons,Inh_Foxp2_Sox2,Inh_Foxp2_Sox2_P,Inh_Foxp2_Sox2_P
Inh_Foxp2_Sox2_3,neuron,P,VGLUT3_GABA,MC_112:Midbrain and pontine neurons,Inh_Foxp2_Sox2,Inh_Foxp2_Sox2_P,Inh_Foxp2_Sox2_P
Inh_Foxp2_Sox2_4,neuron,P,GABA,MC_94:Tegmental neurons,Inh_Foxp2_Sox2,Inh_Foxp2_Sox2_P,Inh_Foxp2_Sox2_P
Ex_Tfap2d_Edaradd,neuron,MB,VGLUT2,MC_209:Tectal neurons,Ex_Tfap2d_Edaradd,Ex_Tfap2d_Edaradd_MB,Ex_Tfap2d_Edaradd_MB
Chol_Irx4_Matn1_1,neuron,MB,CHOL,MC_161:Pedunculopontine cholinergic neurons,Chol_Irx4_Matn1,Chol_Irx4_Matn1_MB,Chol_Irx4_Matn1_MB
Chol_Irx4_Matn1_2,neuron,MB,CHOL,MC_161:Pedunculopontine cholinergic neurons,Chol_Irx4_Matn1,Chol_Irx4_Matn1_MB,Chol_Irx4_Matn1_MB
Chol_Irx4_Crispld2,neuron,MB,CHOL,MC_161:Pedunculopontine cholinergic neurons,Chol_Irx4_Crispld2,Chol_Irx4_Crispld2_MB,Chol_Irx4_Crispld2_MB
Chol_Irx4_Matn1_3,neuron,MY,CHOL,MC_161:Pedunculopontine cholinergic neurons,Chol_Irx4_Matn1,Chol_Irx4_Matn1_MY,Chol_Irx4_Matn1_MY
Chol_Irx4_Matn1_4,neuron,P,CHOL,MC_161:Pedunculopontine cholinergic neurons,Chol_Irx4_Matn1,Chol_Irx4_Matn1_P,Chol_Irx4_Matn1_P
Chol_Irx4_Matn1_5,neuron,P,CHOL,MC_161:Pedunculopontine cholinergic neurons,Chol_Irx4_Matn1,Chol_Irx4_Matn1_P,Chol_Irx4_Matn1_P
Ex_Irx4_Tafa3,neuron,MB,VGLUT2,MC_161:Pedunculopontine cholinergic neurons,Ex_Irx4_Tafa3,Ex_Irx4_Tafa3_MB,Ex_Irx4_Tafa3_MB
CholEx_Irx4_Matn1,neuron,P,VGLUT2_CHOL,MC_161:Pedunculopontine cholinergic neurons,CholEx_Irx4_Matn1,CholEx_Irx4_Matn1_P,CholEx_Irx4_Matn1_P
Chol_C1ql4_Olfr1033,neuron,MB,CHOL,MC_162:Pontine and medullary neurons,Chol_C1ql4_Olfr1033,Chol_C1ql4_Olfr1033_MB,Chol_C1ql4_Olfr1033_MB
Inh_Tbx3_Atf7ip2,neuron,HY,GLY,"MC_197:Hypothalamic neurons, primarily periventricular and mammilary nuclei",Inh_Tbx3_Atf7ip2,Inh_Tbx3_Atf7ip2_HY,Inh_Tbx3_Atf7ip2_HY
Ex_Lmx1a_Olfm4_1,neuron,CB,VGLUT2,MC_150:Deep cerebellar nuclei neurons,Ex_Lmx1a_Olfm4,Ex_Lmx1a_Olfm4_CB,Ex_Lmx1a_Olfm4_CB
Ex_Lmx1a_Olfm4_2,neuron,CB,VGLUT2,MC_150:Deep cerebellar nuclei neurons,Ex_Lmx1a_Olfm4,Ex_Lmx1a_Olfm4_CB,Ex_Lmx1a_Olfm4_CB
Ex_Lmx1a_Olfm4_3,neuron,,VGLUT2,MC_150:Deep cerebellar nuclei neurons,Ex_Lmx1a_Olfm4,Ex_Lmx1a_Olfm4,Ex_Lmx1a_Olfm4
Ex_Lmx1a_Serpina9,neuron,,VGLUT2,MC_150:Deep cerebellar nuclei neurons,Ex_Lmx1a_Serpina9,Ex_Lmx1a_Serpina9,Ex_Lmx1a_Serpina9
Ex_Lmx1a_Samd3,neuron,MB,VGLUT2,MC_150:Deep cerebellar nuclei neurons,Ex_Lmx1a_Samd3,Ex_Lmx1a_Samd3_MB,Ex_Lmx1a_Samd3_MB
Ex_Lhx9_Hsd17b14_1,neuron,CB,VGLUT2,MC_150:Deep cerebellar nuclei neurons,Ex_Lhx9_Hsd17b14,Ex_Lhx9_Hsd17b14_CB,Ex_Lhx9_Hsd17b14_CB
Ex_Lhx9_Hsd17b14_2,neuron,,VGLUT2,MC_150:Deep cerebellar nuclei neurons,Ex_Lhx9_Hsd17b14,Ex_Lhx9_Hsd17b14,Ex_Lhx9_Hsd17b14
Ex_Lhx9_Hsd17b14_3,neuron,,VGLUT2,MC_150:Deep cerebellar nuclei neurons,Ex_Lhx9_Hsd17b14,Ex_Lhx9_Hsd17b14,Ex_Lhx9_Hsd17b14
Ex_Lhx9_Slitrk6,neuron,,VGLUT2,MC_150:Deep cerebellar nuclei neurons,Ex_Lhx9_Slitrk6,Ex_Lhx9_Slitrk6,Ex_Lhx9_Slitrk6
Ex_Lhx2_Thbs2,neuron,MY,VGLUT2,MC_138:Pontine and medullary neurons,Ex_Lhx2_Thbs2,Ex_Lhx2_Thbs2_MY,Ex_Lhx2_Thbs2_MY
Ex_Lhx2_Tlx1_1,neuron,MY,VGLUT2,MC_138:Pontine and medullary neurons,Ex_Lhx2_Tlx1,Ex_Lhx2_Tlx1_MY,Ex_Lhx2_Tlx1_MY
Ex_Lhx2_Tlx1_2,neuron,MY,VGLUT2,MC_138:Pontine and medullary neurons,Ex_Lhx2_Tlx1,Ex_Lhx2_Tlx1_MY,Ex_Lhx2_Tlx1_MY
Ex_Lhx2_Tlx1_3,neuron,MY,VGLUT2,MC_138:Pontine and medullary neurons,Ex_Lhx2_Tlx1,Ex_Lhx2_Tlx1_MY,Ex_Lhx2_Tlx1_MY
Ex_Lhx2_Tlx1_4,neuron,MY,VGLUT2,MC_138:Pontine and medullary neurons,Ex_Lhx2_Tlx1,Ex_Lhx2_Tlx1_MY,Ex_Lhx2_Tlx1_MY
Ex_Lhx2_Tlx1_5,neuron,MY,VGLUT2,MC_138:Pontine and medullary neurons,Ex_Lhx2_Tlx1,Ex_Lhx2_Tlx1_MY,Ex_Lhx2_Tlx1_MY
Inh_Otx1_Sox14,neuron,P,GABA,MC_107:Pontine and medullary neurons,Inh_Otx1_Sox14,Inh_Otx1_Sox14_P,Inh_Otx1_Sox14_P
Inh_Otx2_Gsc2_1,neuron,MB,GABA,MC_107:Pontine and medullary neurons,Inh_Otx2_Gsc2,Inh_Otx2_Gsc2_MB,Inh_Otx2_Gsc2_MB
Inh_Otx2_Gsc2_2,neuron,HY,GABA,MC_107:Pontine and medullary neurons,Inh_Otx2_Gsc2,Inh_Otx2_Gsc2_HY,Inh_Otx2_Gsc2_HY
Ex_Pax5_Lnp1_1,neuron,MB,VGLUT2,MC_199:Tegmental and pontine neurons,Ex_Pax5_Lnp1,Ex_Pax5_Lnp1_MB,Ex_Pax5_Lnp1_MB
Ex_Pax5_Lnp1_2,neuron,MB,VGLUT2,MC_199:Tegmental and pontine neurons,Ex_Pax5_Lnp1,Ex_Pax5_Lnp1_MB,Ex_Pax5_Lnp1_MB
Ex_Pax5_Rgs13_1,neuron,MB,VGLUT2,MC_199:Tegmental and pontine neurons,Ex_Pax5_Rgs13,Ex_Pax5_Rgs13_MB,Ex_Pax5_Rgs13_MB
Ex_Pax5_Rgs13_2,neuron,MB,VGLUT2,MC_199:Tegmental and pontine neurons,Ex_Pax5_Rgs13,Ex_Pax5_Rgs13_MB,Ex_Pax5_Rgs13_MB
Ex_Pax5_Ucn3_1,neuron,P,VGLUT2,MC_199:Tegmental and pontine neurons,Ex_Pax5_Ucn3,Ex_Pax5_Ucn3_P,Ex_Pax5_Ucn3_P
Ex_Pax5_Ucn3_2,neuron,MY,VGLUT2,MC_199:Tegmental and pontine neurons,Ex_Pax5_Ucn3,Ex_Pax5_Ucn3_MY,Ex_Pax5_Ucn3_MY
Ex_Pax5_Gng8,neuron,MB,VGLUT2,MC_199:Tegmental and pontine neurons,Ex_Pax5_Gng8,Ex_Pax5_Gng8_MB,Ex_Pax5_Gng8_MB
Ex_Pax5_Npbwr1,neuron,MB,VGLUT2,MC_199:Tegmental and pontine neurons,Ex_Pax5_Npbwr1,Ex_Pax5_Npbwr1_MB,Ex_Pax5_Npbwr1_MB
Ex_Pax5_Ggta1_1,neuron,MB,VGLUT2,MC_199:Tegmental and pontine neurons,Ex_Pax5_Ggta1,Ex_Pax5_Ggta1_MB,Ex_Pax5_Ggta1_MB
Ex_Pax5_Ggta1_2,neuron,MB,VGLUT2,MC_199:Tegmental and pontine neurons,Ex_Pax5_Ggta1,Ex_Pax5_Ggta1_MB,Ex_Pax5_Ggta1_MB
Ex_Lypd6b_Dipk1c_1,neuron,TH,VGLUT2,MC_219:Thalamic projection neurons,Ex_Lypd6b_Dipk1c,Ex_Lypd6b_Dipk1c_TH,Ex_Lypd6b_Dipk1c_TH
Ex_Lypd6b_Dipk1c_2,neuron,TH,VGLUT1_VGLUT2,MC_219:Thalamic projection neurons,Ex_Lypd6b_Dipk1c,Ex_Lypd6b_Dipk1c_TH,Ex_Lypd6b_Dipk1c_TH
Ex_Etv1_Gbx2,neuron,TH,VGLUT2,MC_207:Tegmental neurons,Ex_Etv1_Gbx2,Ex_Etv1_Gbx2_TH,Ex_Etv1_Gbx2_TH
Ex_Lhx2_Pth2_1,neuron,TH,VGLUT2,MC_207:Tegmental neurons,Ex_Lhx2_Pth2,Ex_Lhx2_Pth2_TH,Ex_Lhx2_Pth2_TH
Ex_Lhx2_Pth2_2,neuron,MB,VGLUT2,MC_207:Tegmental neurons,Ex_Lhx2_Pth2,Ex_Lhx2_Pth2_MB,Ex_Lhx2_Pth2_MB
Ex_Lhx2_Pth2_3,neuron,HY,VGLUT2,MC_207:Tegmental neurons,Ex_Lhx2_Pth2,Ex_Lhx2_Pth2_HY,Ex_Lhx2_Pth2_HY
Inh_Pax2_Plscr5,neuron,MY,GLY,MC_142:Pontine and medullary neurons,Inh_Pax2_Plscr5,Inh_Pax2_Plscr5_MY,Inh_Pax2_Plscr5_MY
Inh_Pax2_Mboat1_1,neuron,MY,GLY,MC_142:Pontine and medullary neurons,Inh_Pax2_Mboat1,Inh_Pax2_Mboat1_MY,Inh_Pax2_Mboat1_MY
Inh_Pax2_Mboat1_2,neuron,MY,GLY,MC_142:Pontine and medullary neurons,Inh_Pax2_Mboat1,Inh_Pax2_Mboat1_MY,Inh_Pax2_Mboat1_MY
Inh_Pax2_Slitrk6,neuron,MY,GLY,MC_142:Pontine and medullary neurons,Inh_Pax2_Slitrk6,Inh_Pax2_Slitrk6_MY,Inh_Pax2_Slitrk6_MY
Inh_Pax2_Vmn1r209,neuron,MY,GLY,MC_142:Pontine and medullary neurons,Inh_Pax2_Vmn1r209,Inh_Pax2_Vmn1r209_MY,Inh_Pax2_Vmn1r209_MY
Inh_Pax2_Tfap2b_Tcim_1,neuron,MY,GLY,MC_142:Pontine and medullary neurons,Inh_Pax2_Tfap2b_Tcim,Inh_Pax2_Tfap2b_Tcim_MY,Inh_Pax2_Tfap2b_Tcim_MY
Inh_Pax2_Tfap2b_Tcim_2,neuron,MY,GLY,MC_142:Pontine and medullary neurons,Inh_Pax2_Tfap2b_Tcim,Inh_Pax2_Tfap2b_Tcim_MY,Inh_Pax2_Tfap2b_Tcim_MY
Inh_Pax2_Tfap2b_Tcim_3,neuron,MY,GLY,MC_142:Pontine and medullary neurons,Inh_Pax2_Tfap2b_Tcim,Inh_Pax2_Tfap2b_Tcim_MY,Inh_Pax2_Tfap2b_Tcim_MY
Inh_Pax2_Ano1,neuron,MY,GLY,MC_142:Pontine and medullary neurons,Inh_Pax2_Ano1,Inh_Pax2_Ano1_MY,Inh_Pax2_Ano1_MY
Inh_Pax2_Irag1,neuron,MY,GLY,MC_142:Pontine and medullary neurons,Inh_Pax2_Irag1,Inh_Pax2_Irag1_MY,Inh_Pax2_Irag1_MY
Inh_Pax2_Fmod_1,neuron,MY,GLY,MC_142:Pontine and medullary neurons,Inh_Pax2_Fmod,Inh_Pax2_Fmod_MY,Inh_Pax2_Fmod_MY
Inh_Pax2_Fmod_2,neuron,MY,GLY,MC_142:Pontine and medullary neurons,Inh_Pax2_Fmod,Inh_Pax2_Fmod_MY,Inh_Pax2_Fmod_MY
Inh_Pax2_Slc26a7,neuron,MY,GLY,MC_142:Pontine and medullary neurons,Inh_Pax2_Slc26a7,Inh_Pax2_Slc26a7_MY,Inh_Pax2_Slc26a7_MY
Inh_Pax2_Cd44_1,neuron,MY,GLY,MC_142:Pontine and medullary neurons,Inh_Pax2_Cd44,Inh_Pax2_Cd44_MY,Inh_Pax2_Cd44_MY
Inh_Pax2_Cd44_2,neuron,MY,GLY,MC_142:Pontine and medullary neurons,Inh_Pax2_Cd44,Inh_Pax2_Cd44_MY,Inh_Pax2_Cd44_MY
Inh_Pax2_Cd44_3,neuron,MY,GLY,MC_142:Pontine and medullary neurons,Inh_Pax2_Cd44,Inh_Pax2_Cd44_MY,Inh_Pax2_Cd44_MY
Inh_Pax2_Cdh3_1,neuron,MY,GLY,MC_142:Pontine and medullary neurons,Inh_Pax2_Cdh3,Inh_Pax2_Cdh3_MY,Inh_Pax2_Cdh3_MY
Inh_Pax2_Cdh3_2,neuron,CB,GLY,MC_142:Pontine and medullary neurons,Inh_Pax2_Cdh3,Inh_Pax2_Cdh3_CB,Inh_Pax2_Cdh3_CB
Inh_Pax2_Cdh3_3,neuron,MY,GLY,MC_142:Pontine and medullary neurons,Inh_Pax2_Cdh3,Inh_Pax2_Cdh3_MY,Inh_Pax2_Cdh3_MY
Inh_Pax2_Cdh3_4,neuron,MY,GLY,MC_142:Pontine and medullary neurons,Inh_Pax2_Cdh3,Inh_Pax2_Cdh3_MY,Inh_Pax2_Cdh3_MY
Inh_Pax2_Pgr15l,neuron,MY,GLY,MC_142:Pontine and medullary neurons,Inh_Pax2_Pgr15l,Inh_Pax2_Pgr15l_MY,Inh_Pax2_Pgr15l_MY
Inh_Pax2_Cdh3_5,neuron,MY,GLY,MC_142:Pontine and medullary neurons,Inh_Pax2_Cdh3,Inh_Pax2_Cdh3_MY,Inh_Pax2_Cdh3_MY
Inh_Pax2_Olfr78,neuron,MY,GLY,MC_142:Pontine and medullary neurons,Inh_Pax2_Olfr78,Inh_Pax2_Olfr78_MY,Inh_Pax2_Olfr78_MY
Inh_Pax2_Met_1,neuron,MY,GLY,MC_142:Pontine and medullary neurons,Inh_Pax2_Met,Inh_Pax2_Met_MY,Inh_Pax2_Met_MY
Inh_Pax2_Met_2,neuron,MY,GLY,MC_142:Pontine and medullary neurons,Inh_Pax2_Met,Inh_Pax2_Met_MY,Inh_Pax2_Met_MY
Inh_Pax2_Met_3,neuron,MY,GLY,MC_142:Pontine and medullary neurons,Inh_Pax2_Met,Inh_Pax2_Met_MY,Inh_Pax2_Met_MY
Inh_Pax2_Gbx1_Mboat1_1,neuron,MY,GLY,MC_142:Pontine and medullary neurons,Inh_Pax2_Gbx1_Mboat1,Inh_Pax2_Gbx1_Mboat1_MY,Inh_Pax2_Gbx1_Mboat1_MY
Inh_Pax2_Gbx1_Mboat1_2,neuron,MY,GLY,MC_142:Pontine and medullary neurons,Inh_Pax2_Gbx1_Mboat1,Inh_Pax2_Gbx1_Mboat1_MY,Inh_Pax2_Gbx1_Mboat1_MY
Inh_Pax2_Glp1r_1,neuron,P,GLY,MC_142:Pontine and medullary neurons,Inh_Pax2_Glp1r,Inh_Pax2_Glp1r_P,Inh_Pax2_Glp1r_P
Inh_Pax2_Glp1r_2,neuron,MY,GLY,MC_142:Pontine and medullary neurons,Inh_Pax2_Glp1r,Inh_Pax2_Glp1r_MY,Inh_Pax2_Glp1r_MY
Inh_Pax2_Glp1r_3,neuron,MY,GABA,MC_142:Pontine and medullary neurons,Inh_Pax2_Glp1r,Inh_Pax2_Glp1r_MY,Inh_Pax2_Glp1r_MY
Inh_Pax2_Glp1r_4,neuron,MY,GABA,MC_142:Pontine and medullary neurons,Inh_Pax2_Glp1r,Inh_Pax2_Glp1r_MY,Inh_Pax2_Glp1r_MY
Inh_Pax2_Glp1r_5,neuron,MY,GLY,MC_142:Pontine and medullary neurons,Inh_Pax2_Glp1r,Inh_Pax2_Glp1r_MY,Inh_Pax2_Glp1r_MY
Inh_Pax2_Glp1r_6,neuron,MY,GLY,MC_142:Pontine and medullary neurons,Inh_Pax2_Glp1r,Inh_Pax2_Glp1r_MY,Inh_Pax2_Glp1r_MY
Inh_Pax2_Htr3a,neuron,MY,GLY,MC_142:Pontine and medullary neurons,Inh_Pax2_Htr3a,Inh_Pax2_Htr3a_MY,Inh_Pax2_Htr3a_MY
Inh_Pax2_Olfr372_1,neuron,MY,GABA,MC_143:Pontine and medullary neurons,Inh_Pax2_Olfr372,Inh_Pax2_Olfr372_MY,Inh_Pax2_Olfr372_MY
Inh_Pax2_Olfr372_2,neuron,MY,GLY,MC_143:Pontine and medullary neurons,Inh_Pax2_Olfr372,Inh_Pax2_Olfr372_MY,Inh_Pax2_Olfr372_MY
Inh_Pax2_Krt17_1,neuron,MY,GABA,MC_143:Pontine and medullary neurons,Inh_Pax2_Krt17,Inh_Pax2_Krt17_MY,Inh_Pax2_Krt17_MY
Inh_Pax2_Krt17_2,neuron,MY,GABA,MC_143:Pontine and medullary neurons,Inh_Pax2_Krt17,Inh_Pax2_Krt17_MY,Inh_Pax2_Krt17_MY
Inh_Pax2_Smpdl3b_1,neuron,MY,GLY,MC_143:Pontine and medullary neurons,Inh_Pax2_Smpdl3b,Inh_Pax2_Smpdl3b_MY,Inh_Pax2_Smpdl3b_MY
Inh_Pax2_Smpdl3b_2,neuron,MY,GLY,MC_142:Pontine and medullary neurons,Inh_Pax2_Smpdl3b,Inh_Pax2_Smpdl3b_MY,Inh_Pax2_Smpdl3b_MY
Inh_Pax2_Smpdl3b_3,neuron,MY,GLY,MC_142:Pontine and medullary neurons,Inh_Pax2_Smpdl3b,Inh_Pax2_Smpdl3b_MY,Inh_Pax2_Smpdl3b_MY
Inh_Pax2_Smpdl3b_4,neuron,MY,GLY,MC_142:Pontine and medullary neurons,Inh_Pax2_Smpdl3b,Inh_Pax2_Smpdl3b_MY,Inh_Pax2_Smpdl3b_MY
Inh_Pax2_Smpdl3b_5,neuron,MY,GLY,MC_142:Pontine and medullary neurons,Inh_Pax2_Smpdl3b,Inh_Pax2_Smpdl3b_MY,Inh_Pax2_Smpdl3b_MY
Inh_Pax2_Ctsc,neuron,MY,GLY,MC_142:Pontine and medullary neurons,Inh_Pax2_Ctsc,Inh_Pax2_Ctsc_MY,Inh_Pax2_Ctsc_MY
Inh_Pax2_Fbln2,neuron,MY,GLY,MC_142:Pontine and medullary neurons,Inh_Pax2_Fbln2,Inh_Pax2_Fbln2_MY,Inh_Pax2_Fbln2_MY
Inh_Pax2_Kirrel2_1,neuron,MY,GLY,MC_143:Pontine and medullary neurons,Inh_Pax2_Kirrel2,Inh_Pax2_Kirrel2_MY,Inh_Pax2_Kirrel2_MY
Inh_Pax2_Kirrel2_2,neuron,MY,GLY,MC_143:Pontine and medullary neurons,Inh_Pax2_Kirrel2,Inh_Pax2_Kirrel2_MY,Inh_Pax2_Kirrel2_MY
Inh_Pax2_Lama4_1,neuron,MY,GLY,MC_142:Pontine and medullary neurons,Inh_Pax2_Lama4,Inh_Pax2_Lama4_MY,Inh_Pax2_Lama4_MY
Inh_Pax2_Lama4_2,neuron,MY,GLY,MC_143:Pontine and medullary neurons,Inh_Pax2_Lama4,Inh_Pax2_Lama4_MY,Inh_Pax2_Lama4_MY
Inh_Pax2_Lama4_3,neuron,MY,GLY,MC_143:Pontine and medullary neurons,Inh_Pax2_Lama4,Inh_Pax2_Lama4_MY,Inh_Pax2_Lama4_MY
Inh_Pax2_Plscr2_1,neuron,MY,GLY,MC_143:Pontine and medullary neurons,Inh_Pax2_Plscr2,Inh_Pax2_Plscr2_MY,Inh_Pax2_Plscr2_MY
Inh_Pax2_Plscr2_2,neuron,MY,GLY,MC_143:Pontine and medullary neurons,Inh_Pax2_Plscr2,Inh_Pax2_Plscr2_MY,Inh_Pax2_Plscr2_MY
Inh_Pax2_Hrob_3,neuron,MY,GLY,MC_143:Pontine and medullary neurons,Inh_Pax2_Hrob,Inh_Pax2_Hrob_MY,Inh_Pax2_Hrob_MY
Inh_Pax2_Hrob_4,neuron,MY,GLY,MC_143:Pontine and medullary neurons,Inh_Pax2_Hrob,Inh_Pax2_Hrob_MY,Inh_Pax2_Hrob_MY
Inh_Pax2_Hrob_5,neuron,MY,GLY,MC_142:Pontine and medullary neurons,Inh_Pax2_Hrob,Inh_Pax2_Hrob_MY,Inh_Pax2_Hrob_MY
Inh_Pax2_Hrob_6,neuron,MY,GLY,MC_143:Pontine and medullary neurons,Inh_Pax2_Hrob,Inh_Pax2_Hrob_MY,Inh_Pax2_Hrob_MY
Inh_Pax2_Col5a2_1,neuron,MY,GLY,MC_143:Pontine and medullary neurons,Inh_Pax2_Col5a2,Inh_Pax2_Col5a2_MY,Inh_Pax2_Col5a2_MY
Inh_Pax2_Col5a2_2,neuron,MY,GLY,MC_143:Pontine and medullary neurons,Inh_Pax2_Col5a2,Inh_Pax2_Col5a2_MY,Inh_Pax2_Col5a2_MY
Inh_Pax2_Abcg8,neuron,MY,GLY,MC_143:Pontine and medullary neurons,Inh_Pax2_Abcg8,Inh_Pax2_Abcg8_MY,Inh_Pax2_Abcg8_MY
Inh_Pax2_Glipr2,neuron,MY,GLY,MC_143:Pontine and medullary neurons,Inh_Pax2_Glipr2,Inh_Pax2_Glipr2_MY,Inh_Pax2_Glipr2_MY
Inh_Pax2_Has2_1,neuron,MY,GLY,MC_142:Pontine and medullary neurons,Inh_Pax2_Has2,Inh_Pax2_Has2_MY,Inh_Pax2_Has2_MY
Inh_Pax2_Has2_2,neuron,MY,GLY,MC_142:Pontine and medullary neurons,Inh_Pax2_Has2,Inh_Pax2_Has2_MY,Inh_Pax2_Has2_MY
Inh_Pax2_Has2_3,neuron,MY,GLY,MC_142:Pontine and medullary neurons,Inh_Pax2_Has2,Inh_Pax2_Has2_MY,Inh_Pax2_Has2_MY
Inh_Pax2_Sptlc3,neuron,MY,GLY,MC_143:Pontine and medullary neurons,Inh_Pax2_Sptlc3,Inh_Pax2_Sptlc3_MY,Inh_Pax2_Sptlc3_MY
Inh_Pax2_Tmem215_1,neuron,MY,GLY,MC_143:Pontine and medullary neurons,Inh_Pax2_Tmem215,Inh_Pax2_Tmem215_MY,Inh_Pax2_Tmem215_MY
Inh_Pax2_Tmem215_2,neuron,MY,GLY,MC_143:Pontine and medullary neurons,Inh_Pax2_Tmem215,Inh_Pax2_Tmem215_MY,Inh_Pax2_Tmem215_MY
Inh_Pax2_Tmem215_3,neuron,MY,GLY,MC_143:Pontine and medullary neurons,Inh_Pax2_Tmem215,Inh_Pax2_Tmem215_MY,Inh_Pax2_Tmem215_MY
Inh_Pax2_Dpt,neuron,MY,GLY,MC_143:Pontine and medullary neurons,Inh_Pax2_Dpt,Inh_Pax2_Dpt_MY,Inh_Pax2_Dpt_MY
Inh_Pax2_Tnfaip8l3,neuron,MY,GLY,MC_143:Pontine and medullary neurons,Inh_Pax2_Tnfaip8l3,Inh_Pax2_Tnfaip8l3_MY,Inh_Pax2_Tnfaip8l3_MY
Inh_Pax2_Olfr920_1,neuron,MY,GLY,MC_143:Pontine and medullary neurons,Inh_Pax2_Olfr920,Inh_Pax2_Olfr920_MY,Inh_Pax2_Olfr920_MY
Inh_Pax2_Olfr920_2,neuron,MY,GABA,MC_143:Pontine and medullary neurons,Inh_Pax2_Olfr920,Inh_Pax2_Olfr920_MY,Inh_Pax2_Olfr920_MY
Inh_Pax2_Olfr920_3,neuron,MY,GLY,MC_143:Pontine and medullary neurons,Inh_Pax2_Olfr920,Inh_Pax2_Olfr920_MY,Inh_Pax2_Olfr920_MY
Inh_Pax2_Adam18,neuron,MY,GLY,MC_143:Pontine and medullary neurons,Inh_Pax2_Adam18,Inh_Pax2_Adam18_MY,Inh_Pax2_Adam18_MY
Inh_Pax2_Olfr920_4,neuron,MY,GLY,MC_143:Pontine and medullary neurons,Inh_Pax2_Olfr920,Inh_Pax2_Olfr920_MY,Inh_Pax2_Olfr920_MY
Inh_Pax2_Olfr920_5,neuron,MY,GLY,MC_143:Pontine and medullary neurons,Inh_Pax2_Olfr920,Inh_Pax2_Olfr920_MY,Inh_Pax2_Olfr920_MY
Inh_Pax2_Pdyn,neuron,MY,GLY,MC_143:Pontine and medullary neurons,Inh_Pax2_Pdyn,Inh_Pax2_Pdyn_MY,Inh_Pax2_Pdyn_MY
Inh_Pax2_Olfr920_6,neuron,MY,GLY,MC_143:Pontine and medullary neurons,Inh_Pax2_Olfr920,Inh_Pax2_Olfr920_MY,Inh_Pax2_Olfr920_MY
Inh_Pax2_Mmp2,neuron,MY,GLY,MC_117:Pontine and medullary neurons,Inh_Pax2_Mmp2,Inh_Pax2_Mmp2_MY,Inh_Pax2_Mmp2_MY
Inh_Pax2_Ceacam10,neuron,MY,GLY,MC_117:Pontine and medullary neurons,Inh_Pax2_Ceacam10,Inh_Pax2_Ceacam10_MY,Inh_Pax2_Ceacam10_MY
Inh_Pax2_6430628N08Rik_1,neuron,MY,GLY,MC_143:Pontine and medullary neurons,Inh_Pax2_6430628N08Rik,Inh_Pax2_6430628N08Rik_MY,Inh_Pax2_6430628N08Rik_MY
Inh_Pax2_6430628N08Rik_2,neuron,P,GLY,MC_143:Pontine and medullary neurons,Inh_Pax2_6430628N08Rik,Inh_Pax2_6430628N08Rik_P,Inh_Pax2_6430628N08Rik_P
Inh_Pax2_6430628N08Rik_3,neuron,MY,GABA,MC_143:Pontine and medullary neurons,Inh_Pax2_6430628N08Rik,Inh_Pax2_6430628N08Rik_MY,Inh_Pax2_6430628N08Rik_MY
Inh_Pax2_6430628N08Rik_4,neuron,MY,GABA,MC_143:Pontine and medullary neurons,Inh_Pax2_6430628N08Rik,Inh_Pax2_6430628N08Rik_MY,Inh_Pax2_6430628N08Rik_MY
Inh_Pax2_6430628N08Rik_5,neuron,MY,GABA,MC_143:Pontine and medullary neurons,Inh_Pax2_6430628N08Rik,Inh_Pax2_6430628N08Rik_MY,Inh_Pax2_6430628N08Rik_MY
Inh_Pax2_Sgo2b_1,neuron,MY,GLY,MC_143:Pontine and medullary neurons,Inh_Pax2_Sgo2b,Inh_Pax2_Sgo2b_MY,Inh_Pax2_Sgo2b_MY
Inh_Pax2_Sgo2b_2,neuron,MY,GLY,MC_143:Pontine and medullary neurons,Inh_Pax2_Sgo2b,Inh_Pax2_Sgo2b_MY,Inh_Pax2_Sgo2b_MY
Inh_Pax2_Sgo2b_3,neuron,CB,GLY,MC_143:Pontine and medullary neurons,Inh_Pax2_Sgo2b,Inh_Pax2_Sgo2b_CB,Inh_Pax2_Sgo2b_CB
Inh_Pax2_Sgo2b_4,neuron,MY,GLY,MC_143:Pontine and medullary neurons,Inh_Pax2_Sgo2b,Inh_Pax2_Sgo2b_MY,Inh_Pax2_Sgo2b_MY
Inh_Pax2_Sgo2b_5,neuron,MY,GLY,MC_143:Pontine and medullary neurons,Inh_Pax2_Sgo2b,Inh_Pax2_Sgo2b_MY,Inh_Pax2_Sgo2b_MY
Inh_Pax2_Sgo2b_6,neuron,MY,GLY,MC_143:Pontine and medullary neurons,Inh_Pax2_Sgo2b,Inh_Pax2_Sgo2b_MY,Inh_Pax2_Sgo2b_MY
Inh_Pax2_Tnc,neuron,MY,GLY,MC_143:Pontine and medullary neurons,Inh_Pax2_Tnc,Inh_Pax2_Tnc_MY,Inh_Pax2_Tnc_MY
Inh_Pax2_Erg,neuron,MY,GLY,MC_117:Pontine and medullary neurons,Inh_Pax2_Erg,Inh_Pax2_Erg_MY,Inh_Pax2_Erg_MY
Ex_Ebf2_Mafa_1,neuron,MY,VGLUT2,MC_174:Pontine and medullary reticular neurons,Ex_Ebf2_Mafa,Ex_Ebf2_Mafa_MY,Ex_Ebf2_Mafa_MY
Ex_Ebf2_Mafa_2,neuron,,VGLUT2,MC_174:Pontine and medullary reticular neurons,Ex_Ebf2_Mafa,Ex_Ebf2_Mafa,Ex_Ebf2_Mafa
Ex_Ebf2_Nmu_1,neuron,,VGLUT2,MC_174:Pontine and medullary reticular neurons,Ex_Ebf2_Nmu,Ex_Ebf2_Nmu,Ex_Ebf2_Nmu
Ex_Ebf2_Nmu_2,neuron,,VGLUT2,MC_174:Pontine and medullary reticular neurons,Ex_Ebf2_Nmu,Ex_Ebf2_Nmu,Ex_Ebf2_Nmu
Ex_Ebf2_Nmu_3,neuron,,VGLUT2,MC_174:Pontine and medullary reticular neurons,Ex_Ebf2_Nmu,Ex_Ebf2_Nmu,Ex_Ebf2_Nmu
Ex_Ebf2_Ucn3_1,neuron,MY,VGLUT2,MC_174:Pontine and medullary reticular neurons,Ex_Ebf2_Ucn3,Ex_Ebf2_Ucn3_MY,Ex_Ebf2_Ucn3_MY
Ex_Ebf2_Ucn3_2,neuron,MY,VGLUT2,MC_174:Pontine and medullary reticular neurons,Ex_Ebf2_Ucn3,Ex_Ebf2_Ucn3_MY,Ex_Ebf2_Ucn3_MY
Ex_Ebf2_Nat8f6_1,neuron,MY,VGLUT2,MC_174:Pontine and medullary reticular neurons,Ex_Ebf2_Nat8f6,Ex_Ebf2_Nat8f6_MY,Ex_Ebf2_Nat8f6_MY
Ex_Ebf2_Nat8f6_2,neuron,,VGLUT2,MC_174:Pontine and medullary reticular neurons,Ex_Ebf2_Nat8f6,Ex_Ebf2_Nat8f6,Ex_Ebf2_Nat8f6
Ex_Ebf2_Rxfp1,neuron,,VGLUT2,MC_174:Pontine and medullary reticular neurons,Ex_Ebf2_Rxfp1,Ex_Ebf2_Rxfp1,Ex_Ebf2_Rxfp1
Ex_Ebf2_Gask1b_1,neuron,,VGLUT2,MC_174:Pontine and medullary reticular neurons,Ex_Ebf2_Gask1b,Ex_Ebf2_Gask1b,Ex_Ebf2_Gask1b
Ex_Ebf2_Slco1a5,neuron,,VGLUT2,MC_174:Pontine and medullary reticular neurons,Ex_Ebf2_Slco1a5,Ex_Ebf2_Slco1a5,Ex_Ebf2_Slco1a5
Ex_Ebf2_Gask1b_2,neuron,P,VGLUT2,MC_174:Pontine and medullary reticular neurons,Ex_Ebf2_Gask1b,Ex_Ebf2_Gask1b_P,Ex_Ebf2_Gask1b_P
Ex_Ebf2_Gask1b_3,neuron,,VGLUT2,MC_174:Pontine and medullary reticular neurons,Ex_Ebf2_Gask1b,Ex_Ebf2_Gask1b,Ex_Ebf2_Gask1b
Ex_Ebf2_Dmrt2,neuron,CB,VGLUT2,MC_174:Pontine and medullary reticular neurons,Ex_Ebf2_Dmrt2,Ex_Ebf2_Dmrt2_CB,Ex_Ebf2_Dmrt2_CB
Ex_Ebf2_Pla2g5_1,neuron,MY,VGLUT2,MC_171:Pontine and medullary reticular neurons,Ex_Ebf2_Pla2g5,Ex_Ebf2_Pla2g5_MY,Ex_Ebf2_Pla2g5_MY
Ex_Ebf2_Pla2g5_2,neuron,MY,VGLUT2,MC_171:Pontine and medullary reticular neurons,Ex_Ebf2_Pla2g5,Ex_Ebf2_Pla2g5_MY,Ex_Ebf2_Pla2g5_MY
Ex_Ebf2_Pla2g5_3,neuron,MY,VGLUT2,MC_171:Pontine and medullary reticular neurons,Ex_Ebf2_Pla2g5,Ex_Ebf2_Pla2g5_MY,Ex_Ebf2_Pla2g5_MY
Ex_Ebf2_Pla2g5_4,neuron,MY,VGLUT2,MC_171:Pontine and medullary reticular neurons,Ex_Ebf2_Pla2g5,Ex_Ebf2_Pla2g5_MY,Ex_Ebf2_Pla2g5_MY
Ex_Ebf2_Pla2g5_5,neuron,MY,VGLUT2,MC_171:Pontine and medullary reticular neurons,Ex_Ebf2_Pla2g5,Ex_Ebf2_Pla2g5_MY,Ex_Ebf2_Pla2g5_MY
Ex_Ebf2_Pla2g5_6,neuron,MY,VGLUT2,MC_171:Pontine and medullary reticular neurons,Ex_Ebf2_Pla2g5,Ex_Ebf2_Pla2g5_MY,Ex_Ebf2_Pla2g5_MY
Ex_Ebf2_Pla2g5_7,neuron,MY,VGLUT2,MC_173:Pontine and medullary reticular neurons,Ex_Ebf2_Pla2g5,Ex_Ebf2_Pla2g5_MY,Ex_Ebf2_Pla2g5_MY
Ex_Ebf2_Pla2g5_9,neuron,MY,VGLUT2_VGLUT3,MC_173:Pontine and medullary reticular neurons,Ex_Ebf2_Pla2g5,Ex_Ebf2_Pla2g5_MY,Ex_Ebf2_Pla2g5_MY
Ex_Ebf2_Pla2g5_10,neuron,MY,VGLUT2_VGLUT3,MC_173:Pontine and medullary reticular neurons,Ex_Ebf2_Pla2g5_10,Ex_Ebf2_Pla2g5_10_MY,Ex_Ebf2_Pla2g5_10_MY
Ex_Ebf2_Pla2g5_11,neuron,MY,VGLUT2,MC_173:Pontine and medullary reticular neurons,Ex_Ebf2_Pla2g5_11,Ex_Ebf2_Pla2g5_11_MY,Ex_Ebf2_Pla2g5_11_MY
Ex_Ebf2_Pla2g5_12,neuron,MY,VGLUT2,MC_173:Pontine and medullary reticular neurons,Ex_Ebf2_Pla2g5_12,Ex_Ebf2_Pla2g5_12_MY,Ex_Ebf2_Pla2g5_12_MY
Ex_Ebf2_Ddit4l_1,neuron,P,VGLUT2,MC_174:Pontine and medullary reticular neurons,Ex_Ebf2_Ddit4l,Ex_Ebf2_Ddit4l_P,Ex_Ebf2_Ddit4l_P
Ex_Ebf2_Ddit4l_2,neuron,,VGLUT2,MC_174:Pontine and medullary reticular neurons,Ex_Ebf2_Ddit4l,Ex_Ebf2_Ddit4l,Ex_Ebf2_Ddit4l
Ex_Ebf2_Ddit4l_3,neuron,MY,VGLUT2,MC_174:Pontine and medullary reticular neurons,Ex_Ebf2_Ddit4l,Ex_Ebf2_Ddit4l_MY,Ex_Ebf2_Ddit4l_MY
Ex_Ebf2_Ddit4l_4,neuron,MY,VGLUT2,MC_174:Pontine and medullary reticular neurons,Ex_Ebf2_Ddit4l,Ex_Ebf2_Ddit4l_MY,Ex_Ebf2_Ddit4l_MY
Ex_Ebf2_Adgrd1_1,neuron,MY,VGLUT2,MC_174:Pontine and medullary reticular neurons,Ex_Ebf2_Adgrd1,Ex_Ebf2_Adgrd1_MY,Ex_Ebf2_Adgrd1_MY
Ex_Ebf2_Adgrd1_2,neuron,,VGLUT2,MC_174:Pontine and medullary reticular neurons,Ex_Ebf2_Adgrd1,Ex_Ebf2_Adgrd1,Ex_Ebf2_Adgrd1
Ex_Ebf2_Adgrd1_3,neuron,MY,VGLUT2,MC_174:Pontine and medullary reticular neurons,Ex_Ebf2_Adgrd1,Ex_Ebf2_Adgrd1_MY,Ex_Ebf2_Adgrd1_MY
Ex_Ebf2_Mgp,neuron,MY,VGLUT2,MC_174:Pontine and medullary reticular neurons,Ex_Ebf2_Mgp,Ex_Ebf2_Mgp_MY,Ex_Ebf2_Mgp_MY
Ex_Ebf2_Fer1l6_1,neuron,MY,VGLUT2,MC_173:Pontine and medullary reticular neurons,Ex_Ebf2_Fer1l6,Ex_Ebf2_Fer1l6_MY,Ex_Ebf2_Fer1l6_MY
Ex_Ebf2_Fer1l6_2,neuron,,VGLUT2,MC_173:Pontine and medullary reticular neurons,Ex_Ebf2_Fer1l6,Ex_Ebf2_Fer1l6,Ex_Ebf2_Fer1l6
Ex_Ebf2_Fer1l6_3,neuron,MY,VGLUT2,MC_173:Pontine and medullary reticular neurons,Ex_Ebf2_Fer1l6,Ex_Ebf2_Fer1l6_MY,Ex_Ebf2_Fer1l6_MY
Ex_Ebf2_Fer1l6_4,neuron,MY,VGLUT2,MC_173:Pontine and medullary reticular neurons,Ex_Ebf2_Fer1l6,Ex_Ebf2_Fer1l6_MY,Ex_Ebf2_Fer1l6_MY
Ex_Ebf2_Fer1l6_5,neuron,MY,VGLUT2,MC_173:Pontine and medullary reticular neurons,Ex_Ebf2_Fer1l6,Ex_Ebf2_Fer1l6_MY,Ex_Ebf2_Fer1l6_MY
Ex_Ebf2_Npff_1,neuron,P,VGLUT2,MC_173:Pontine and medullary reticular neurons,Ex_Ebf2_Npff,Ex_Ebf2_Npff_P,Ex_Ebf2_Npff_P
Ex_Ebf2_F2rl2,neuron,MY,VGLUT2,MC_173:Pontine and medullary reticular neurons,Ex_Ebf2_F2rl2,Ex_Ebf2_F2rl2_MY,Ex_Ebf2_F2rl2_MY
Ex_Ebf2_Npff_2,neuron,MY,VGLUT2,MC_173:Pontine and medullary reticular neurons,Ex_Ebf2_Npff,Ex_Ebf2_Npff_MY,Ex_Ebf2_Npff_MY
Ex_Ebf2_Crhr2_1,neuron,,VGLUT2,MC_173:Pontine and medullary reticular neurons,Ex_Ebf2_Crhr2,Ex_Ebf2_Crhr2,Ex_Ebf2_Crhr2
Ex_Ebf2_Crhr2_2,neuron,,VGLUT2,MC_173:Pontine and medullary reticular neurons,Ex_Ebf2_Crhr2,Ex_Ebf2_Crhr2,Ex_Ebf2_Crhr2
Ex_Ebf2_Crhr2_3,neuron,MY,VGLUT2,MC_173:Pontine and medullary reticular neurons,Ex_Ebf2_Crhr2,Ex_Ebf2_Crhr2_MY,Ex_Ebf2_Crhr2_MY
Ex_Ebf2_C1qtnf7_1,neuron,,VGLUT2,MC_173:Pontine and medullary reticular neurons,Ex_Ebf2_C1qtnf7,Ex_Ebf2_C1qtnf7,Ex_Ebf2_C1qtnf7
Ex_Ebf2_C1qtnf7_2,neuron,,VGLUT2,MC_173:Pontine and medullary reticular neurons,Ex_Ebf2_C1qtnf7,Ex_Ebf2_C1qtnf7,Ex_Ebf2_C1qtnf7
Ex_Ebf2_4930469K13Rik_1,neuron,MY,VGLUT2,MC_173:Pontine and medullary reticular neurons,Ex_Ebf2_4930469K13Rik,Ex_Ebf2_4930469K13Rik_MY,Ex_Ebf2_4930469K13Rik_MY
Ex_Ebf2_4930469K13Rik_2,neuron,MY,VGLUT2,MC_173:Pontine and medullary reticular neurons,Ex_Ebf2_4930469K13Rik,Ex_Ebf2_4930469K13Rik_MY,Ex_Ebf2_4930469K13Rik_MY
Ex_Ebf2_4930469K13Rik_3,neuron,MY,VGLUT2,MC_173:Pontine and medullary reticular neurons,Ex_Ebf2_4930469K13Rik,Ex_Ebf2_4930469K13Rik_MY,Ex_Ebf2_4930469K13Rik_MY
Ex_Ebf2_Galnt3,neuron,,VGLUT2,MC_173:Pontine and medullary reticular neurons,Ex_Ebf2_Galnt3,Ex_Ebf2_Galnt3,Ex_Ebf2_Galnt3
Ex_Ebf2_Abcc9_1,neuron,MY,VGLUT2,MC_173:Pontine and medullary reticular neurons,Ex_Ebf2_Abcc9,Ex_Ebf2_Abcc9_MY,Ex_Ebf2_Abcc9_MY
Ex_Ebf2_Abcc9_2,neuron,MY,VGLUT2,MC_173:Pontine and medullary reticular neurons,Ex_Ebf2_Abcc9,Ex_Ebf2_Abcc9_MY,Ex_Ebf2_Abcc9_MY
Ex_Ebf2_Abcc9_3,neuron,P,VGLUT2,MC_173:Pontine and medullary reticular neurons,Ex_Ebf2_Abcc9,Ex_Ebf2_Abcc9_P,Ex_Ebf2_Abcc9_P
Ex_Ebf2_Abcc9_4,neuron,MY,VGLUT2,MC_173:Pontine and medullary reticular neurons,Ex_Ebf2_Abcc9,Ex_Ebf2_Abcc9_MY,Ex_Ebf2_Abcc9_MY
Ex_Ebf2_6430628N08Rik_1,neuron,MY,VGLUT2,MC_173:Pontine and medullary reticular neurons,Ex_Ebf2_6430628N08Rik,Ex_Ebf2_6430628N08Rik_MY,Ex_Ebf2_6430628N08Rik_MY
Ex_Ebf2_6430628N08Rik_2,neuron,MY,VGLUT2,MC_173:Pontine and medullary reticular neurons,Ex_Ebf2_6430628N08Rik,Ex_Ebf2_6430628N08Rik_MY,Ex_Ebf2_6430628N08Rik_MY
Ex_Ebf2_6430628N08Rik_3,neuron,MY,VGLUT2,MC_173:Pontine and medullary reticular neurons,Ex_Ebf2_6430628N08Rik,Ex_Ebf2_6430628N08Rik_MY,Ex_Ebf2_6430628N08Rik_MY
Ex_Ebf2_6430628N08Rik_5,neuron,MY,VGLUT2,MC_173:Pontine and medullary reticular neurons,Ex_Ebf2_6430628N08Rik,Ex_Ebf2_6430628N08Rik_MY,Ex_Ebf2_6430628N08Rik_MY
Ex_Ebf2_6430628N08Rik_6,neuron,,VGLUT2,MC_173:Pontine and medullary reticular neurons,Ex_Ebf2_6430628N08Rik,Ex_Ebf2_6430628N08Rik,Ex_Ebf2_6430628N08Rik
Ex_Ebf2_Wdr86,neuron,MY,VGLUT2,MC_173:Pontine and medullary reticular neurons,Ex_Ebf2_Wdr86,Ex_Ebf2_Wdr86_MY,Ex_Ebf2_Wdr86_MY
Ex_Ebf2_Olfr275,neuron,MY,VGLUT2,MC_173:Pontine and medullary reticular neurons,Ex_Ebf2_Olfr275,Ex_Ebf2_Olfr275_MY,Ex_Ebf2_Olfr275_MY
Ex_Ebf2_Emilin2,neuron,MY,VGLUT2,MC_173:Pontine and medullary reticular neurons,Ex_Ebf2_Emilin2,Ex_Ebf2_Emilin2_MY,Ex_Ebf2_Emilin2_MY
Ex_Ebf2_Vip,neuron,MY,VGLUT2,MC_173:Pontine and medullary reticular neurons,Ex_Ebf2_Vip,Ex_Ebf2_Vip_MY,Ex_Ebf2_Vip_MY
Ex_Ebf2_Sec1_1,neuron,CB,VGLUT2,MC_173:Pontine and medullary reticular neurons,Ex_Ebf2_Sec1,Ex_Ebf2_Sec1_CB,Ex_Ebf2_Sec1_CB
Ex_Ebf2_Sec1_2,neuron,MY,VGLUT2,MC_173:Pontine and medullary reticular neurons,Ex_Ebf2_Sec1,Ex_Ebf2_Sec1_MY,Ex_Ebf2_Sec1_MY
Ex_Ebf2_Sec1_3,neuron,MY,VGLUT2,MC_173:Pontine and medullary reticular neurons,Ex_Ebf2_Sec1,Ex_Ebf2_Sec1_MY,Ex_Ebf2_Sec1_MY
Ex_Ebf2_Sec1_4,neuron,P,VGLUT2,MC_173:Pontine and medullary reticular neurons,Ex_Ebf2_Sec1,Ex_Ebf2_Sec1_P,Ex_Ebf2_Sec1_P
Ex_Ebf2_Olfr273_1,neuron,MY,VGLUT2,MC_173:Pontine and medullary reticular neurons,Ex_Ebf2_Olfr273,Ex_Ebf2_Olfr273_MY,Ex_Ebf2_Olfr273_MY
Ex_Ebf2_Olfr273_2,neuron,MY,VGLUT2,MC_173:Pontine and medullary reticular neurons,Ex_Ebf2_Olfr273,Ex_Ebf2_Olfr273_MY,Ex_Ebf2_Olfr273_MY
Ex_Ebf2_Tac2_1,neuron,MY,VGLUT2,MC_173:Pontine and medullary reticular neurons,Ex_Ebf2_Tac2,Ex_Ebf2_Tac2_MY,Ex_Ebf2_Tac2_MY
Ex_Ebf2_Tac2_2,neuron,MY,VGLUT2,MC_173:Pontine and medullary reticular neurons,Ex_Ebf2_Tac2,Ex_Ebf2_Tac2_MY,Ex_Ebf2_Tac2_MY
Ex_Ebf2_Tac2_3,neuron,MY,VGLUT2,MC_173:Pontine and medullary reticular neurons,Ex_Ebf2_Tac2,Ex_Ebf2_Tac2_MY,Ex_Ebf2_Tac2_MY
Ex_Ebf2_Upp1_1,neuron,MY,VGLUT2,MC_173:Pontine and medullary reticular neurons,Ex_Ebf2_Upp1,Ex_Ebf2_Upp1_MY,Ex_Ebf2_Upp1_MY
Ex_Ebf2_Upp1_2,neuron,P,VGLUT2,MC_173:Pontine and medullary reticular neurons,Ex_Ebf2_Upp1,Ex_Ebf2_Upp1_P,Ex_Ebf2_Upp1_P
Ex_Ebf2_Upp1_3,neuron,MY,VGLUT2,MC_173:Pontine and medullary reticular neurons,Ex_Ebf2_Upp1,Ex_Ebf2_Upp1_MY,Ex_Ebf2_Upp1_MY
Ex_Ebf2_Vwce,neuron,MY,VGLUT2,MC_173:Pontine and medullary reticular neurons,Ex_Ebf2_Vwce,Ex_Ebf2_Vwce_MY,Ex_Ebf2_Vwce_MY
Ex_Ebf2_Prokr1_1,neuron,MY,VGLUT2,MC_173:Pontine and medullary reticular neurons,Ex_Ebf2_Prokr1,Ex_Ebf2_Prokr1_MY,Ex_Ebf2_Prokr1_MY
Ex_Ebf2_Prokr1_2,neuron,MY,VGLUT2,MC_173:Pontine and medullary reticular neurons,Ex_Ebf2_Prokr1,Ex_Ebf2_Prokr1_MY,Ex_Ebf2_Prokr1_MY
Ex_Ebf2_Prokr1_3,neuron,MY,VGLUT2,MC_173:Pontine and medullary reticular neurons,Ex_Ebf2_Prokr1,Ex_Ebf2_Prokr1_MY,Ex_Ebf2_Prokr1_MY
Ex_Ebf2_Unc5cl,neuron,MY,VGLUT2,MC_173:Pontine and medullary reticular neurons,Ex_Ebf2_Unc5cl,Ex_Ebf2_Unc5cl_MY,Ex_Ebf2_Unc5cl_MY
Ex_Ebf2_Grp_1,neuron,P,VGLUT2,MC_173:Pontine and medullary reticular neurons,Ex_Ebf2_Grp,Ex_Ebf2_Grp_P,Ex_Ebf2_Grp_P
Ex_Ebf2_Grp_2,neuron,MY,VGLUT2,MC_173:Pontine and medullary reticular neurons,Ex_Ebf2_Grp,Ex_Ebf2_Grp_MY,Ex_Ebf2_Grp_MY
Ex_Ebf2_Olfr25,neuron,MB,VGLUT2,"MC_211:Superior collicular, sensory area neurons",Ex_Ebf2_Olfr25,Ex_Ebf2_Olfr25_MB,Ex_Ebf2_Olfr25_MB
Ex_Ebf2_Vmn1r214,neuron,MB,VGLUT2,"MC_211:Superior collicular, sensory area neurons",Ex_Ebf2_Vmn1r214,Ex_Ebf2_Vmn1r214_MB,Ex_Ebf2_Vmn1r214_MB
Ex_Ebf2_Fam83f,neuron,MB,VGLUT2,"MC_211:Superior collicular, sensory area neurons",Ex_Ebf2_Fam83f,Ex_Ebf2_Fam83f_MB,Ex_Ebf2_Fam83f_MB
Ex_Ebf2_Nek11_1,neuron,MB,VGLUT2,"MC_211:Superior collicular, sensory area neurons",Ex_Ebf2_Nek11,Ex_Ebf2_Nek11_MB,Ex_Ebf2_Nek11_MB
Ex_Ebf2_Nek11_2,neuron,MB,VGLUT2,"MC_211:Superior collicular, sensory area neurons",Ex_Ebf2_Nek11,Ex_Ebf2_Nek11_MB,Ex_Ebf2_Nek11_MB
Ex_Pou4f1_Scml2,neuron,MB,VGLUT2,"MC_215:Superior collicular, motor area neurons",Ex_Pou4f1_Scml2,Ex_Pou4f1_Scml2_MB,Ex_Pou4f1_Scml2_MB
Ex_Irx2_Rspo3_1,neuron,TH,VGLUT2,MC_214:Lateral habenular neurons,Ex_Irx2_Rspo3,Ex_Irx2_Rspo3_TH,Ex_Irx2_Rspo3_TH
Ex_Irx2_Rspo3_2,neuron,TH,VGLUT2,MC_214:Lateral habenular neurons,Ex_Irx2_Rspo3,Ex_Irx2_Rspo3_TH,Ex_Irx2_Rspo3_TH
Ex_Irx2_Rspo3_3,neuron,TH,VGLUT2,MC_214:Lateral habenular neurons,Ex_Irx2_Rspo3,Ex_Irx2_Rspo3_TH,Ex_Irx2_Rspo3_TH
Ex_Irx2_Col2a1_1,neuron,TH,VGLUT2,MC_214:Lateral habenular neurons,Ex_Irx2_Col2a1,Ex_Irx2_Col2a1_TH,Ex_Irx2_Col2a1_TH
Ex_Irx2_Col2a1_2,neuron,TH,VGLUT2,MC_214:Lateral habenular neurons,Ex_Irx2_Col2a1,Ex_Irx2_Col2a1_TH,Ex_Irx2_Col2a1_TH
Ex_Irx2_Col2a1_3,neuron,TH,VGLUT2,MC_214:Lateral habenular neurons,Ex_Irx2_Col2a1,Ex_Irx2_Col2a1_TH,Ex_Irx2_Col2a1_TH
Ex_Irx2_Galr1_1,neuron,TH,VGLUT2,MC_214:Lateral habenular neurons,Ex_Irx2_Galr1,Ex_Irx2_Galr1_TH,Ex_Irx2_Galr1_TH
Ex_Irx2_Galr1_2,neuron,HY,VGLUT2,MC_214:Lateral habenular neurons,Ex_Irx2_Galr1,Ex_Irx2_Galr1_HY,Ex_Irx2_Galr1_HY
Ex_Irx2_Prokr2_Sox13,neuron,TH,VGLUT2,MC_214:Lateral habenular neurons,Ex_Irx2_Prokr2_Sox13,Ex_Irx2_Prokr2_Sox13_TH,Ex_Irx2_Prokr2_Sox13_TH
Ex_Irx2_Slc25a21_1,neuron,HY,VGLUT2,MC_214:Lateral habenular neurons,Ex_Irx2_Slc25a21,Ex_Irx2_Slc25a21_HY,Ex_Irx2_Slc25a21_HY
Ex_Irx2_Otx1,neuron,HY,VGLUT2,MC_214:Lateral habenular neurons,Ex_Irx2_Otx1,Ex_Irx2_Otx1_HY,Ex_Irx2_Otx1_HY
Ex_Irtx_Ednra,neuron,TH,VGLUT2,MC_214:Lateral habenular neurons,Ex_Irtx_Ednra,Ex_Irtx_Ednra_TH,Ex_Irtx_Ednra_TH
Ex_Irx2_Slc25a21_2,neuron,TH,VGLUT2,MC_214:Lateral habenular neurons,Ex_Irx2_Slc25a21,Ex_Irx2_Slc25a21_TH,Ex_Irx2_Slc25a21_TH
Ex_Irx2_Lpar1,neuron,TH,VGLUT2,MC_214:Lateral habenular neurons,Ex_Irx2_Lpar1,Ex_Irx2_Lpar1_TH,Ex_Irx2_Lpar1_TH
Ex_Irx2_Popdc3_1,neuron,TH,VGLUT2,MC_214:Lateral habenular neurons,Ex_Irx2_Popdc3,Ex_Irx2_Popdc3_TH,Ex_Irx2_Popdc3_TH
Ex_Irx2_Popdc3_2,neuron,TH,VGLUT2,MC_214:Lateral habenular neurons,Ex_Irx2_Popdc3,Ex_Irx2_Popdc3_TH,Ex_Irx2_Popdc3_TH
Ex_Irx2_Nppc_1,neuron,TH,VGLUT2,MC_214:Lateral habenular neurons,Ex_Irx2_Nppc,Ex_Irx2_Nppc_TH,Ex_Irx2_Nppc_TH
Ex_Irx2_Nppc_2,neuron,TH,VGLUT2,MC_214:Lateral habenular neurons,Ex_Irx2_Nppc,Ex_Irx2_Nppc_TH,Ex_Irx2_Nppc_TH
Ex_Irx2_Nppc_3,neuron,TH,VGLUT2,MC_214:Lateral habenular neurons,Ex_Irx2_Nppc,Ex_Irx2_Nppc_TH,Ex_Irx2_Nppc_TH
Ex_Irx2_Twist1_1,neuron,TH,VGLUT2,MC_214:Lateral habenular neurons,Ex_Irx2_Twist1,Ex_Irx2_Twist1_TH,Ex_Irx2_Twist1_TH
Ex_Irx2_Twist1_2,neuron,,VGLUT2,MC_214:Lateral habenular neurons,Ex_Irx2_Twist1,Ex_Irx2_Twist1,Ex_Irx2_Twist1
Ex_Irx2_Twist1_3,neuron,TH,VGLUT2,MC_214:Lateral habenular neurons,Ex_Irx2_Twist1,Ex_Irx2_Twist1_TH,Ex_Irx2_Twist1_TH
Ex_Irx2_Twist1_4,neuron,HY,VGLUT2,MC_214:Lateral habenular neurons,Ex_Irx2_Twist1,Ex_Irx2_Twist1_HY,Ex_Irx2_Twist1_HY
Ex_Irx2_Twist1_5,neuron,HY,VGLUT2,MC_214:Lateral habenular neurons,Ex_Irx2_Twist1,Ex_Irx2_Twist1_HY,Ex_Irx2_Twist1_HY
Ex_Irx2_Twist1_6,neuron,TH,VGLUT2,MC_214:Lateral habenular neurons,Ex_Irx2_Twist1,Ex_Irx2_Twist1_TH,Ex_Irx2_Twist1_TH
Ex_Irx2_Twist1_7,neuron,,VGLUT2,MC_214:Lateral habenular neurons,Ex_Irx2_Twist1,Ex_Irx2_Twist1,Ex_Irx2_Twist1
Ex_Irx2_Col4a3,neuron,TH,VGLUT2,MC_214:Lateral habenular neurons,Ex_Irx2_Col4a3,Ex_Irx2_Col4a3_TH,Ex_Irx2_Col4a3_TH
Ex_Irx2_Tpbg,neuron,TH,VGLUT2,MC_214:Lateral habenular neurons,Ex_Irx2_Tpbg,Ex_Irx2_Tpbg_TH,Ex_Irx2_Tpbg_TH
Ex_Irx2_Slc6a3,neuron,TH,VGLUT2,MC_214:Lateral habenular neurons,Ex_Irx2_Slc6a3,Ex_Irx2_Slc6a3_TH,Ex_Irx2_Slc6a3_TH
Ex_Irx2_Rai14,neuron,TH,VGLUT2,MC_214:Lateral habenular neurons,Ex_Irx2_Rai14,Ex_Irx2_Rai14_TH,Ex_Irx2_Rai14_TH
Ex_Irx2_Cldn23,neuron,MB,VGLUT2,MC_214:Lateral habenular neurons,Ex_Irx2_Cldn23,Ex_Irx2_Cldn23_MB,Ex_Irx2_Cldn23_MB
Ex_Irx2_Gpr151,neuron,TH,VGLUT2,MC_214:Lateral habenular neurons,Ex_Irx2_Gpr151,Ex_Irx2_Gpr151_TH,Ex_Irx2_Gpr151_TH
Ex_Pou4f1_Insrr,neuron,TH,VGLUT2,MC_220:Interpeduncular projecting habenular neurons (PMID 19906978),Ex_Pou4f1_Insrr,Ex_Pou4f1_Insrr_TH,Ex_Pou4f1_Insrr_TH
Ex_Pou4f1_Gpr151_Col5a3,neuron,TH,VGLUT2,MC_220:Interpeduncular projecting habenular neurons (PMID 19906978),Ex_Pou4f1_Gpr151_Col5a3,Ex_Pou4f1_Gpr151_Col5a3_TH,Ex_Pou4f1_Gpr151_Col5a3_TH
Ex_Pou4f1_Fads2b_1,neuron,TH,VGLUT1_VGLUT2,MC_220:Interpeduncular projecting habenular neurons (PMID 19906978),Ex_Pou4f1_Fads2b,Ex_Pou4f1_Fads2b_TH,Ex_Pou4f1_Fads2b_TH
Ex_Pou4f1_Fads2b_2,neuron,TH,VGLUT1_VGLUT2,MC_220:Interpeduncular projecting habenular neurons (PMID 19906978),Ex_Pou4f1_Fads2b,Ex_Pou4f1_Fads2b_TH,Ex_Pou4f1_Fads2b_TH
Ex_Pou4f1_Fads2b_3,neuron,TH,VGLUT1_VGLUT2,MC_220:Interpeduncular projecting habenular neurons (PMID 19906978),Ex_Pou4f1_Fads2b,Ex_Pou4f1_Fads2b_TH,Ex_Pou4f1_Fads2b_TH
Ex_Pou4f1_Cdh3_Lpar1,neuron,TH,VGLUT2,MC_220:Interpeduncular projecting habenular neurons (PMID 19906978),Ex_Pou4f1_Cdh3_Lpar1,Ex_Pou4f1_Cdh3_Lpar1_TH,Ex_Pou4f1_Cdh3_Lpar1_TH
DopEx_Sox6_Aldh1a1,neuron,MB,DOP,MC_185:Midbrain dopaminergic neurons,DopEx_Sox6_Aldh1a1,DopEx_Sox6_Aldh1a1_MB,DopEx_Sox6_Aldh1a1_MB
DopEx_Calb1_Mc3r,neuron,MB,VGLUT2_DOP,MC_185:Midbrain dopaminergic neurons,DopEx_Calb1_Mc3r,DopEx_Calb1_Mc3r_MB,DopEx_Calb1_Mc3r_MB
DopEx_Calb1_Ggta1,neuron,MB,VGLUT2_DOP,MC_185:Midbrain dopaminergic neurons,DopEx_Calb1_Ggta1,DopEx_Calb1_Ggta1_MB,DopEx_Calb1_Ggta1_MB
DopEx_Calb1_Ngf,neuron,MB,VGLUT2_DOP,MC_185:Midbrain dopaminergic neurons,DopEx_Calb1_Ngf,DopEx_Calb1_Ngf_MB,DopEx_Calb1_Ngf_MB
DopEx_Calb1_Aqp1,neuron,MB,VGLUT2_DOP,MC_185:Midbrain dopaminergic neurons,DopEx_Calb1_Aqp1,DopEx_Calb1_Aqp1_MB,DopEx_Calb1_Aqp1_MB
DopEx_Calb1_Trpv1,neuron,MB,VGLUT2_DOP,MC_185:Midbrain dopaminergic neurons,DopEx_Calb1_Trpv1,DopEx_Calb1_Trpv1_MB,DopEx_Calb1_Trpv1_MB
DopEx_Calb1_Col14a1,neuron,MB,VGLUT2_DOP,MC_185:Midbrain dopaminergic neurons,DopEx_Calb1_Col14a1,DopEx_Calb1_Col14a1_MB,DopEx_Calb1_Col14a1_MB
DopEx_Calb1_Tdh,neuron,MB,VGLUT2_DOP,MC_185:Midbrain dopaminergic neurons,DopEx_Calb1_Tdh,DopEx_Calb1_Tdh_MB,DopEx_Calb1_Tdh_MB
DopEx_Calb1_Lpl_1,neuron,MB,VGLUT2_DOP,MC_185:Midbrain dopaminergic neurons,DopEx_Calb1_Lpl,DopEx_Calb1_Lpl_MB,DopEx_Calb1_Lpl_MB
DopEx_Calb1_Lpl_2,neuron,MB,VGLUT2_DOP,MC_185:Midbrain dopaminergic neurons,DopEx_Calb1_Lpl,DopEx_Calb1_Lpl_MB,DopEx_Calb1_Lpl_MB
DopEx_Calb1_Col6a5,neuron,MB,DOP,MC_185:Midbrain dopaminergic neurons,DopEx_Calb1_Col6a5,DopEx_Calb1_Col6a5_MB,DopEx_Calb1_Col6a5_MB
DopEx_Calb1_Npw_1,neuron,MB,VGLUT2_DOP,MC_185:Midbrain dopaminergic neurons,DopEx_Calb1_Npw,DopEx_Calb1_Npw_MB,DopEx_Calb1_Npw_MB
DopEx_Calb1_Npw_2,neuron,MB,VGLUT2_DOP,MC_185:Midbrain dopaminergic neurons,DopEx_Calb1_Npw,DopEx_Calb1_Npw_MB,DopEx_Calb1_Npw_MB
ExInh_Lmx1b_Slc26a7_1,neuron,MB,VGLUT2_GABA,"MC_186:Tegmental neurons, primarily co-releasing (PMIDs 2797622 33619763)",ExInh_Lmx1b_Slc26a7,ExInh_Lmx1b_Slc26a7_MB,ExInh_Lmx1b_Slc26a7_MB
ExInh_Lmx1b_Slc26a7_2,neuron,MB,VGLUT2_GABA,"MC_186:Tegmental neurons, primarily co-releasing (PMIDs 2797622 33619763)",ExInh_Lmx1b_Slc26a7,ExInh_Lmx1b_Slc26a7_MB,ExInh_Lmx1b_Slc26a7_MB
ExInh_Lmx1b_Ngf,neuron,,VGLUT2_GABA,"MC_186:Tegmental neurons, primarily co-releasing (PMIDs 2797622 33619763)",ExInh_Lmx1b_Ngf,ExInh_Lmx1b_Ngf,ExInh_Lmx1b_Ngf
ExInh_Lmx1b_Met,neuron,MB,VGLUT2_GABA,"MC_186:Tegmental neurons, primarily co-releasing (PMIDs 2797622 33619763)",ExInh_Lmx1b_Met,ExInh_Lmx1b_Met_MB,ExInh_Lmx1b_Met_MB
ExInh_Lmx1b_Card14,neuron,MB,VGLUT2_GABA,"MC_186:Tegmental neurons, primarily co-releasing (PMIDs 2797622 33619763)",ExInh_Lmx1b_Card14,ExInh_Lmx1b_Card14_MB,ExInh_Lmx1b_Card14_MB
ExInh_Lmx1b_Nmu_1,neuron,MB,VGLUT2_GABA,"MC_186:Tegmental neurons, primarily co-releasing (PMIDs 2797622 33619763)",ExInh_Lmx1b_Nmu,ExInh_Lmx1b_Nmu_MB,ExInh_Lmx1b_Nmu_MB
ExInh_Lmx1b_Nmu_2,neuron,HY,VGLUT2_GABA,"MC_186:Tegmental neurons, primarily co-releasing (PMIDs 2797622 33619763)",ExInh_Lmx1b_Nmu,ExInh_Lmx1b_Nmu_HY,ExInh_Lmx1b_Nmu_HY
Ex_Sall3_Cd44_1,neuron,HY,VGLUT2,"MC_197:Hypothalamic neurons, primarily periventricular and mammilary nuclei",Ex_Sall3_Cd44,Ex_Sall3_Cd44_HY,Ex_Sall3_Cd44_HY
Ex_Sall3_Cd44_2,neuron,HY,VGLUT2,"MC_197:Hypothalamic neurons, primarily periventricular and mammilary nuclei",Ex_Sall3_Cd44,Ex_Sall3_Cd44_HY,Ex_Sall3_Cd44_HY
Ex_Foxb1_Vipr2,neuron,MB,VGLUT2,"MC_197:Hypothalamic neurons, primarily periventricular and mammilary nuclei",Ex_Foxb1_Vipr2,Ex_Foxb1_Vipr2_MB,Ex_Foxb1_Vipr2_MB
Inh_Ppp1r1b_Drd1_Pde1a,neuron,STR,GABA,"MC_61:Medium spiny neurons of striatum, pallidum, and amygdala",Inh_Ppp1r1b_Drd1_Pde1a,Inh_Ppp1r1b_Drd1_Pde1a_STR,Inh_Ppp1r1b_Drd1_Pde1a_STR
Inh_Ppp1r1b_Drd2_Pde1a_1,neuron,STR,GABA,"MC_61:Medium spiny neurons of striatum, pallidum, and amygdala",Inh_Ppp1r1b_Drd2_Pde1a,Inh_Ppp1r1b_Drd2_Pde1a_STR,Inh_Ppp1r1b_Drd2_Pde1a_STR
Inh_Ppp1r1b_Drd2_Pde1a_2,neuron,STR,GABA,"MC_61:Medium spiny neurons of striatum, pallidum, and amygdala",Inh_Ppp1r1b_Drd2_Pde1a,Inh_Ppp1r1b_Drd2_Pde1a_STR,Inh_Ppp1r1b_Drd2_Pde1a_STR
Inh_Ppp1r1b_Drd2_Fst,neuron,STR,GABA,"MC_61:Medium spiny neurons of striatum, pallidum, and amygdala",Inh_Ppp1r1b_Drd2_Fst,Inh_Ppp1r1b_Drd2_Fst_STR,Inh_Ppp1r1b_Drd2_Fst_STR
Inh_Ppp1r1b_Drd2_Ddit4l_1,neuron,STR,GABA,"MC_61:Medium spiny neurons of striatum, pallidum, and amygdala",Inh_Ppp1r1b_Drd2_Ddit4l,Inh_Ppp1r1b_Drd2_Ddit4l_STR,Inh_Ppp1r1b_Drd2_Ddit4l_STR
Inh_Ppp1r1b_Drd2_Ddit4l_2,neuron,CTXsp,GABA,"MC_61:Medium spiny neurons of striatum, pallidum, and amygdala",Inh_Ppp1r1b_Drd2_Ddit4l,Inh_Ppp1r1b_Drd2_Ddit4l_CTXsp,Inh_Ppp1r1b_Drd2_Ddit4l_CTXsp
Inh_Ppp1r1b_Drd2_Ddit4l_3,neuron,STR,GABA,"MC_61:Medium spiny neurons of striatum, pallidum, and amygdala",Inh_Ppp1r1b_Drd2_Ddit4l,Inh_Ppp1r1b_Drd2_Ddit4l_STR,Inh_Ppp1r1b_Drd2_Ddit4l_STR
Inh_Ppp1r1b_Drd2_Sphkap_1,neuron,STR,GABA,"MC_61:Medium spiny neurons of striatum, pallidum, and amygdala",Inh_Ppp1r1b_Drd2_Sphkap,Inh_Ppp1r1b_Drd2_Sphkap_STR,Inh_Ppp1r1b_Drd2_Sphkap_STR
Inh_Ppp1r1b_Drd2_Sphkap_2,neuron,STR,GABA,"MC_61:Medium spiny neurons of striatum, pallidum, and amygdala",Inh_Ppp1r1b_Drd2_Sphkap,Inh_Ppp1r1b_Drd2_Sphkap_STR,Inh_Ppp1r1b_Drd2_Sphkap_STR
Inh_Ppp1r1b_Drd2_Calcr_1,neuron,STR,GABA,"MC_61:Medium spiny neurons of striatum, pallidum, and amygdala",Inh_Ppp1r1b_Drd2_Calcr,Inh_Ppp1r1b_Drd2_Calcr_STR,Inh_Ppp1r1b_Drd2_Calcr_STR
Inh_Ppp1r1b_Drd2_Gpr150,neuron,STR,GABA,"MC_61:Medium spiny neurons of striatum, pallidum, and amygdala",Inh_Ppp1r1b_Drd2_Gpr150,Inh_Ppp1r1b_Drd2_Gpr150_STR,Inh_Ppp1r1b_Drd2_Gpr150_STR
Inh_Ppp1r1b_Drd2_Sphkap_3,neuron,STR,GABA,"MC_61:Medium spiny neurons of striatum, pallidum, and amygdala",Inh_Ppp1r1b_Drd2_Sphkap,Inh_Ppp1r1b_Drd2_Sphkap_STR,Inh_Ppp1r1b_Drd2_Sphkap_STR
Inh_Ppp1r1b_Drd2_Htr2a_1,neuron,STR,GABA,"MC_61:Medium spiny neurons of striatum, pallidum, and amygdala",Inh_Ppp1r1b_Drd2_Htr2a,Inh_Ppp1r1b_Drd2_Htr2a_STR,Inh_Ppp1r1b_Drd2_Htr2a_STR
Inh_Ppp1r1b_Drd2_Htr2a_2,neuron,STR,GABA,"MC_61:Medium spiny neurons of striatum, pallidum, and amygdala",Inh_Ppp1r1b_Drd2_Htr2a,Inh_Ppp1r1b_Drd2_Htr2a_STR,Inh_Ppp1r1b_Drd2_Htr2a_STR
Inh_Ppp1r1b_Drd2_Pax6,neuron,STR,GABA,"MC_61:Medium spiny neurons of striatum, pallidum, and amygdala",Inh_Ppp1r1b_Drd2_Pax6,Inh_Ppp1r1b_Drd2_Pax6_STR,Inh_Ppp1r1b_Drd2_Pax6_STR
Inh_Ppp1r1b_Drd2_Stard8_1,neuron,STR,GABA,"MC_61:Medium spiny neurons of striatum, pallidum, and amygdala",Inh_Ppp1r1b_Drd2_Stard8,Inh_Ppp1r1b_Drd2_Stard8_STR,Inh_Ppp1r1b_Drd2_Stard8_STR
Inh_Ppp1r1b_Drd2_Stard8_2,neuron,STR,GABA,"MC_61:Medium spiny neurons of striatum, pallidum, and amygdala",Inh_Ppp1r1b_Drd2_Stard8,Inh_Ppp1r1b_Drd2_Stard8_STR,Inh_Ppp1r1b_Drd2_Stard8_STR
Inh_Ppp1r1b_Drd2_Stard8_3,neuron,PAL,GABA,"MC_61:Medium spiny neurons of striatum, pallidum, and amygdala",Inh_Ppp1r1b_Drd2_Stard8,Inh_Ppp1r1b_Drd2_Stard8_PAL,Inh_Ppp1r1b_Drd2_Stard8_PAL
Inh_Ppp1r1b_Drd2_Stard8_4,neuron,PAL,GABA,"MC_61:Medium spiny neurons of striatum, pallidum, and amygdala",Inh_Ppp1r1b_Drd2_Stard8,Inh_Ppp1r1b_Drd2_Stard8_PAL,Inh_Ppp1r1b_Drd2_Stard8_PAL
Inh_Ppp1r1b_Drd2_Wwtr1,neuron,PAL,GABA,"MC_61:Medium spiny neurons of striatum, pallidum, and amygdala",Inh_Ppp1r1b_Drd2_Wwtr1,Inh_Ppp1r1b_Drd2_Wwtr1_PAL,Inh_Ppp1r1b_Drd2_Wwtr1_PAL
Inh_Ppp1r1b_Drd2_Gpr6,neuron,PAL,GABA,"MC_61:Medium spiny neurons of striatum, pallidum, and amygdala",Inh_Ppp1r1b_Drd2_Gpr6,Inh_Ppp1r1b_Drd2_Gpr6_PAL,Inh_Ppp1r1b_Drd2_Gpr6_PAL
Inh_Ppp1r1b_Drd2_Pde1a_Myo3b,neuron,STR,GABA,"MC_61:Medium spiny neurons of striatum, pallidum, and amygdala",Inh_Ppp1r1b_Drd2_Pde1a_Myo3b,Inh_Ppp1r1b_Drd2_Pde1a_Myo3b_STR,Inh_Ppp1r1b_Drd2_Pde1a_Myo3b_STR
Inh_Ppp1r1b_Drd2_Cyp26b1_1,neuron,STR,GABA,"MC_61:Medium spiny neurons of striatum, pallidum, and amygdala",Inh_Ppp1r1b_Drd2_Cyp26b1,Inh_Ppp1r1b_Drd2_Cyp26b1_STR,Inh_Ppp1r1b_Drd2_Cyp26b1_STR
Inh_Ppp1r1b_Drd2_Cyp26b1_2,neuron,STR,GABA,"MC_61:Medium spiny neurons of striatum, pallidum, and amygdala",Inh_Ppp1r1b_Drd2_Cyp26b1,Inh_Ppp1r1b_Drd2_Cyp26b1_STR,Inh_Ppp1r1b_Drd2_Cyp26b1_STR
Inh_Ppp1r1b_Drd2_Fos,neuron,STR,GABA,"MC_61:Medium spiny neurons of striatum, pallidum, and amygdala",Inh_Ppp1r1b_Drd2_Fos,Inh_Ppp1r1b_Drd2_Fos_STR,Inh_Ppp1r1b_Drd2_Fos_STR
Inh_Ppp1r1b_Drd2_Atf3,neuron,STR,GABA,"MC_61:Medium spiny neurons of striatum, pallidum, and amygdala",Inh_Ppp1r1b_Drd2_Atf3,Inh_Ppp1r1b_Drd2_Atf3_STR,Inh_Ppp1r1b_Drd2_Atf3_STR
Inh_Ppp1r1b_Drd1_Pkib,neuron,OLF,GABA,"MC_61:Medium spiny neurons of striatum, pallidum, and amygdala",Inh_Ppp1r1b_Drd1_Pkib,Inh_Ppp1r1b_Drd1_Pkib_OLF,Inh_Ppp1r1b_Drd1_Pkib_OLF
Inh_Ppp1r1b_Drd1_Prima1,neuron,STR,GABA,"MC_61:Medium spiny neurons of striatum, pallidum, and amygdala",Inh_Ppp1r1b_Drd1_Prima1,Inh_Ppp1r1b_Drd1_Prima1_STR,Inh_Ppp1r1b_Drd1_Prima1_STR
Inh_Ppp1r1b_Drd1_Zp3r_1,neuron,STR,GABA,"MC_61:Medium spiny neurons of striatum, pallidum, and amygdala",Inh_Ppp1r1b_Drd1_Zp3r,Inh_Ppp1r1b_Drd1_Zp3r_STR,Inh_Ppp1r1b_Drd1_Zp3r_STR
Inh_Ppp1r1b_Drd1_Zp3r_2,neuron,STR,GABA,"MC_61:Medium spiny neurons of striatum, pallidum, and amygdala",Inh_Ppp1r1b_Drd1_Zp3r,Inh_Ppp1r1b_Drd1_Zp3r_STR,Inh_Ppp1r1b_Drd1_Zp3r_STR
Inh_Ppp1r1b_Drd1_Zp3r_3,neuron,STR,GABA,"MC_61:Medium spiny neurons of striatum, pallidum, and amygdala",Inh_Ppp1r1b_Drd1_Zp3r,Inh_Ppp1r1b_Drd1_Zp3r_STR,Inh_Ppp1r1b_Drd1_Zp3r_STR
Inh_Ppp1r1b_Drd1_Zp3r_4,neuron,STR,GABA,"MC_61:Medium spiny neurons of striatum, pallidum, and amygdala",Inh_Ppp1r1b_Drd1_Zp3r,Inh_Ppp1r1b_Drd1_Zp3r_STR,Inh_Ppp1r1b_Drd1_Zp3r_STR
Inh_Ppp1r1b_Drd2_Prima1,neuron,STR,GABA,"MC_61:Medium spiny neurons of striatum, pallidum, and amygdala",Inh_Ppp1r1b_Drd2_Prima1,Inh_Ppp1r1b_Drd2_Prima1_STR,Inh_Ppp1r1b_Drd2_Prima1_STR
Inh_Ppp1r1b_Drd2_Sema5d_1,neuron,STR,GABA,"MC_61:Medium spiny neurons of striatum, pallidum, and amygdala",Inh_Ppp1r1b_Drd2_Sema5d,Inh_Ppp1r1b_Drd2_Sema5d_STR,Inh_Ppp1r1b_Drd2_Sema5d_STR
Inh_Ppp1r1b_Drd2_Sema5d_2,neuron,STR,GABA,"MC_61:Medium spiny neurons of striatum, pallidum, and amygdala",Inh_Ppp1r1b_Drd2_Sema5d,Inh_Ppp1r1b_Drd2_Sema5d_STR,Inh_Ppp1r1b_Drd2_Sema5d_STR
Inh_Sidt1_Drd1_Pax6_1,neuron,STR,GABA,"MC_61:Medium spiny neurons of striatum, pallidum, and amygdala",Inh_Sidt1_Drd1_Pax6,Inh_Sidt1_Drd1_Pax6_STR,Inh_Sidt1_Drd1_Pax6_STR
Inh_Sidt1_Drd1_Pax6_2,neuron,PAL,GABA,"MC_61:Medium spiny neurons of striatum, pallidum, and amygdala",Inh_Sidt1_Drd1_Pax6,Inh_Sidt1_Drd1_Pax6_PAL,Inh_Sidt1_Drd1_Pax6_PAL
Inh_Sidt1_Drd1_Npffr2_1,neuron,STR,GABA,"MC_61:Medium spiny neurons of striatum, pallidum, and amygdala",Inh_Sidt1_Drd1_Npffr2,Inh_Sidt1_Drd1_Npffr2_STR,Inh_Sidt1_Drd1_Npffr2_STR
Inh_Sidt1_Drd1_Npffr2_2,neuron,STR,GABA,"MC_61:Medium spiny neurons of striatum, pallidum, and amygdala",Inh_Sidt1_Drd1_Npffr2,Inh_Sidt1_Drd1_Npffr2_STR,Inh_Sidt1_Drd1_Npffr2_STR
Inh_Ppp1r1b_Drd1_Dhrs9,neuron,OLF,GABA,"MC_61:Medium spiny neurons of striatum, pallidum, and amygdala",Inh_Ppp1r1b_Drd1_Dhrs9,Inh_Ppp1r1b_Drd1_Dhrs9_OLF,Inh_Ppp1r1b_Drd1_Dhrs9_OLF
Inh_Ppp1r1b_Drd1_Otogl_1,neuron,PAL,GABA,"MC_61:Medium spiny neurons of striatum, pallidum, and amygdala",Inh_Ppp1r1b_Drd1_Otogl,Inh_Ppp1r1b_Drd1_Otogl_PAL,Inh_Ppp1r1b_Drd1_Otogl_PAL
Inh_Ppp1r1b_Drd1_Otogl_2,neuron,PAL,GABA,"MC_61:Medium spiny neurons of striatum, pallidum, and amygdala",Inh_Ppp1r1b_Drd1_Otogl,Inh_Ppp1r1b_Drd1_Otogl_PAL,Inh_Ppp1r1b_Drd1_Otogl_PAL
Inh_Ppp1r1b_Drd1_Otogl_3,neuron,STR,GABA,"MC_61:Medium spiny neurons of striatum, pallidum, and amygdala",Inh_Ppp1r1b_Drd1_Otogl,Inh_Ppp1r1b_Drd1_Otogl_STR,Inh_Ppp1r1b_Drd1_Otogl_STR
Inh_Ppp1r1b_Drd1_Shisa8_1,neuron,STR,GABA,"MC_61:Medium spiny neurons of striatum, pallidum, and amygdala",Inh_Ppp1r1b_Drd1_Shisa8,Inh_Ppp1r1b_Drd1_Shisa8_STR,Inh_Ppp1r1b_Drd1_Shisa8_STR
Inh_Ppp1r1b_Drd1_Shisa8_2,neuron,STR,GABA,"MC_61:Medium spiny neurons of striatum, pallidum, and amygdala",Inh_Ppp1r1b_Drd1_Shisa8,Inh_Ppp1r1b_Drd1_Shisa8_STR,Inh_Ppp1r1b_Drd1_Shisa8_STR
Inh_Ppp1r1b_Drd1_Shisa8_3,neuron,OLF,GABA,"MC_61:Medium spiny neurons of striatum, pallidum, and amygdala",Inh_Ppp1r1b_Drd1_Shisa8,Inh_Ppp1r1b_Drd1_Shisa8_OLF,Inh_Ppp1r1b_Drd1_Shisa8_OLF
Inh_Ppp1r1b_Drd1_Tns3_1,neuron,STR,GABA,"MC_61:Medium spiny neurons of striatum, pallidum, and amygdala",Inh_Ppp1r1b_Drd1_Tns3,Inh_Ppp1r1b_Drd1_Tns3_STR,Inh_Ppp1r1b_Drd1_Tns3_STR
Inh_Ppp1r1b_Drd1_Tns3_2,neuron,STR,GABA,"MC_61:Medium spiny neurons of striatum, pallidum, and amygdala",Inh_Ppp1r1b_Drd1_Tns3,Inh_Ppp1r1b_Drd1_Tns3_STR,Inh_Ppp1r1b_Drd1_Tns3_STR
Inh_Ppp1r1b_Drd1_Ccn1,neuron,OLF,GABA,"MC_61:Medium spiny neurons of striatum, pallidum, and amygdala",Inh_Ppp1r1b_Drd1_Ccn1,Inh_Ppp1r1b_Drd1_Ccn1_OLF,Inh_Ppp1r1b_Drd1_Ccn1_OLF
Inh_Pax6_Adra2a,neuron,STR,GABA,"MC_61:Medium spiny neurons of striatum, pallidum, and amygdala",Inh_Pax6_Adra2a,Inh_Pax6_Adra2a_STR,Inh_Pax6_Adra2a_STR
Inh_Ppp1r1b_Drd1_Adamtsl5,neuron,STR,GABA,"MC_61:Medium spiny neurons of striatum, pallidum, and amygdala",Inh_Ppp1r1b_Drd1_Adamtsl5,Inh_Ppp1r1b_Drd1_Adamtsl5_STR,Inh_Ppp1r1b_Drd1_Adamtsl5_STR
Inh_Ppp1r1b_Drd1_Tacr1_1,neuron,STR,GABA,"MC_61:Medium spiny neurons of striatum, pallidum, and amygdala",Inh_Ppp1r1b_Drd1_Tacr1,Inh_Ppp1r1b_Drd1_Tacr1_STR,Inh_Ppp1r1b_Drd1_Tacr1_STR
Inh_Ppp1r1b_Drd1_Tacr1_2,neuron,STR,GABA,"MC_61:Medium spiny neurons of striatum, pallidum, and amygdala",Inh_Ppp1r1b_Drd1_Tacr1,Inh_Ppp1r1b_Drd1_Tacr1_STR,Inh_Ppp1r1b_Drd1_Tacr1_STR
Inh_Ppp1r1b_Drd1_Tacr1_3,neuron,STR,GABA,"MC_61:Medium spiny neurons of striatum, pallidum, and amygdala",Inh_Ppp1r1b_Drd1_Tacr1,Inh_Ppp1r1b_Drd1_Tacr1_STR,Inh_Ppp1r1b_Drd1_Tacr1_STR
Inh_Ppp1r1b_Drd1_Tacr1_4,neuron,STR,GABA,"MC_61:Medium spiny neurons of striatum, pallidum, and amygdala",Inh_Ppp1r1b_Drd1_Tacr1,Inh_Ppp1r1b_Drd1_Tacr1_STR,Inh_Ppp1r1b_Drd1_Tacr1_STR
Inh_Ppp1r1b_Drd1_Rbp1_1,neuron,CTXsp,GABA,"MC_61:Medium spiny neurons of striatum, pallidum, and amygdala",Inh_Ppp1r1b_Drd1_Rbp1,Inh_Ppp1r1b_Drd1_Rbp1_CTXsp,Inh_Ppp1r1b_Drd1_Rbp1_CTXsp
Inh_Ppp1r1b_Drd1_Rbp1_2,neuron,STR,GABA,"MC_61:Medium spiny neurons of striatum, pallidum, and amygdala",Inh_Ppp1r1b_Drd1_Rbp1,Inh_Ppp1r1b_Drd1_Rbp1_STR,Inh_Ppp1r1b_Drd1_Rbp1_STR
Inh_Ppp1r1b_Drd1_Rbp1_3,neuron,,GABA,"MC_61:Medium spiny neurons of striatum, pallidum, and amygdala",Inh_Ppp1r1b_Drd1_Rbp1,Inh_Ppp1r1b_Drd1_Rbp1,Inh_Ppp1r1b_Drd1_Rbp1
Inh_Ppp1r1b_Drd1_Rbp1_4,neuron,STR,GABA,"MC_61:Medium spiny neurons of striatum, pallidum, and amygdala",Inh_Ppp1r1b_Drd1_Rbp1,Inh_Ppp1r1b_Drd1_Rbp1_STR,Inh_Ppp1r1b_Drd1_Rbp1_STR
Inh_Ppp1r1b_Drd1_Rbp1_5,neuron,STR,GABA,"MC_61:Medium spiny neurons of striatum, pallidum, and amygdala",Inh_Ppp1r1b_Drd1_Rbp1,Inh_Ppp1r1b_Drd1_Rbp1_STR,Inh_Ppp1r1b_Drd1_Rbp1_STR
Inh_Ppp1r1b_Drd1_Rbp1_6,neuron,OLF,GABA,"MC_61:Medium spiny neurons of striatum, pallidum, and amygdala",Inh_Ppp1r1b_Drd1_Rbp1,Inh_Ppp1r1b_Drd1_Rbp1_OLF,Inh_Ppp1r1b_Drd1_Rbp1_OLF
Inh_Isl1_Drd1_Folh1_1,neuron,PAL,GABA,"MC_61:Medium spiny neurons of striatum, pallidum, and amygdala",Inh_Isl1_Drd1_Folh1,Inh_Isl1_Drd1_Folh1_PAL,Inh_Isl1_Drd1_Folh1_PAL
Inh_Isl1_Drd1_Folh1_2,neuron,PAL,GABA,"MC_61:Medium spiny neurons of striatum, pallidum, and amygdala",Inh_Isl1_Drd1_Folh1,Inh_Isl1_Drd1_Folh1_PAL,Inh_Isl1_Drd1_Folh1_PAL
Chol_Ecel1_Insrr,neuron,PAL,VGLUT3_CHOL,MC_13:Striatal and pallidal cholinergic neurons,Chol_Ecel1_Insrr,Chol_Ecel1_Insrr_PAL,Chol_Ecel1_Insrr_PAL
Chol_Ecel1_Gpr174,neuron,,CHOL,MC_13:Striatal and pallidal cholinergic neurons,Chol_Ecel1_Gpr174,Chol_Ecel1_Gpr174,Chol_Ecel1_Gpr174
Chol_Ecel1_Gm7271,neuron,HY,VGLUT3_CHOL,MC_13:Striatal and pallidal cholinergic neurons,Chol_Ecel1_Gm7271,Chol_Ecel1_Gm7271_HY,Chol_Ecel1_Gm7271_HY
Chol_Ecel1_Crabp2_1,neuron,STR,VGLUT3_CHOL,MC_13:Striatal and pallidal cholinergic neurons,Chol_Ecel1_Crabp2,Chol_Ecel1_Crabp2_STR,Chol_Ecel1_Crabp2_STR
Chol_Ecel1_Sall4,neuron,HY,VGLUT3_CHOL,MC_13:Striatal and pallidal cholinergic neurons,Chol_Ecel1_Sall4,Chol_Ecel1_Sall4_HY,Chol_Ecel1_Sall4_HY
Chol_Ecel1_Crabp2_2,neuron,HY,VGLUT3_CHOL,MC_13:Striatal and pallidal cholinergic neurons,Chol_Ecel1_Crabp2,Chol_Ecel1_Crabp2_HY,Chol_Ecel1_Crabp2_HY
CholInh_Ecel1_Nid1,neuron,HY,GABA_CHOL,MC_12:Pallidal cholinergic neurons,CholInh_Ecel1_Nid1,CholInh_Ecel1_Nid1_HY,CholInh_Ecel1_Nid1_HY
Chol_Ecel1_Nid1,neuron,PAL,CHOL,MC_12:Pallidal cholinergic neurons,Chol_Ecel1_Nid1,Chol_Ecel1_Nid1_PAL,Chol_Ecel1_Nid1_PAL
Chol_Ecel1_1700025C18Rik_1,neuron,,GABA_CHOL,MC_12:Pallidal cholinergic neurons,Chol_Ecel1_1700025C18Rik,Chol_Ecel1_1700025C18Rik,Chol_Ecel1_1700025C18Rik
Chol_Ecel1_1700025C18Rik_2,neuron,HY,GABA_CHOL,MC_12:Pallidal cholinergic neurons,Chol_Ecel1_1700025C18Rik,Chol_Ecel1_1700025C18Rik_HY,Chol_Ecel1_1700025C18Rik_HY
Chol_Ecel1_S100a11,neuron,PAL,CHOL,MC_12:Pallidal cholinergic neurons,Chol_Ecel1_S100a11,Chol_Ecel1_S100a11_PAL,Chol_Ecel1_S100a11_PAL
Inh_Clic4_Ano3_1,neuron,STR,GABA,MC_17:Septal and hypothalamic neurons,Inh_Clic4_Ano3,Inh_Clic4_Ano3_STR,Inh_Clic4_Ano3_STR
Inh_Clic4_Ano3_2,neuron,STR,GABA,MC_17:Septal and hypothalamic neurons,Inh_Clic4_Ano3,Inh_Clic4_Ano3_STR,Inh_Clic4_Ano3_STR
Inh_Clic4_Ano3_3,neuron,STR,GABA,MC_17:Septal and hypothalamic neurons,Inh_Clic4_Ano3,Inh_Clic4_Ano3_STR,Inh_Clic4_Ano3_STR
Inh_Clic4_Ano3_4,neuron,PAL,GABA,MC_17:Septal and hypothalamic neurons,Inh_Clic4_Ano3,Inh_Clic4_Ano3_PAL,Inh_Clic4_Ano3_PAL
Inh_Sall3_Trhr_1,neuron,STR,GABA,MC_16:Septal neurons,Inh_Sall3_Trhr,Inh_Sall3_Trhr_STR,Inh_Sall3_Trhr_STR
Inh_Sall3_Trhr_2,neuron,STR,GABA,MC_16:Septal neurons,Inh_Sall3_Trhr,Inh_Sall3_Trhr_STR,Inh_Sall3_Trhr_STR
Inh_Sall3_Trhr_4,neuron,STR,GABA,MC_16:Septal neurons,Inh_Sall3_Trhr,Inh_Sall3_Trhr_STR,Inh_Sall3_Trhr_STR
Inh_Sall3_Trhr_5,neuron,STR,GABA,MC_16:Septal neurons,Inh_Sall3_Trhr,Inh_Sall3_Trhr_STR,Inh_Sall3_Trhr_STR
Inh_Sall3_Bmper_1,neuron,HY,GABA,MC_16:Septal neurons,Inh_Sall3_Bmper,Inh_Sall3_Bmper_HY,Inh_Sall3_Bmper_HY
Inh_Sall3_Bmper_2,neuron,STR,GABA,MC_16:Septal neurons,Inh_Sall3_Bmper,Inh_Sall3_Bmper_STR,Inh_Sall3_Bmper_STR
Inh_Sall3_Ndnf_1,neuron,STR,GABA,MC_16:Septal neurons,Inh_Sall3_Ndnf,Inh_Sall3_Ndnf_STR,Inh_Sall3_Ndnf_STR
Inh_Sall3_Ndnf_2,neuron,STR,GABA,MC_16:Septal neurons,Inh_Sall3_Ndnf,Inh_Sall3_Ndnf_STR,Inh_Sall3_Ndnf_STR
Inh_Sall3_Ndnf_3,neuron,STR,GABA,MC_16:Septal neurons,Inh_Sall3_Ndnf,Inh_Sall3_Ndnf_STR,Inh_Sall3_Ndnf_STR
Inh_Sall3_Ndnf_4,neuron,STR,GABA,MC_16:Septal neurons,Inh_Sall3_Ndnf,Inh_Sall3_Ndnf_STR,Inh_Sall3_Ndnf_STR
Inh_Sall3_Ndnf_5,neuron,STR,GABA,MC_16:Septal neurons,Inh_Sall3_Ndnf,Inh_Sall3_Ndnf_STR,Inh_Sall3_Ndnf_STR
Inh_Sall3_Ecrg4,neuron,STR,GABA,MC_16:Septal neurons,Inh_Sall3_Ecrg4,Inh_Sall3_Ecrg4_STR,Inh_Sall3_Ecrg4_STR
Inh_Sall3_Prss23,neuron,STR,GABA,MC_16:Septal neurons,Inh_Sall3_Prss23,Inh_Sall3_Prss23_STR,Inh_Sall3_Prss23_STR
Inh_Sall3_Chrne,neuron,STR,GABA,MC_16:Septal neurons,Inh_Sall3_Chrne,Inh_Sall3_Chrne_STR,Inh_Sall3_Chrne_STR
Inh_Sall3_Cytip_1,neuron,PAL,GABA,MC_16:Septal neurons,Inh_Sall3_Cytip,Inh_Sall3_Cytip_PAL,Inh_Sall3_Cytip_PAL
Inh_Sall3_Cytip_2,neuron,STR,GABA,MC_16:Septal neurons,Inh_Sall3_Cytip,Inh_Sall3_Cytip_STR,Inh_Sall3_Cytip_STR
Inh_Sall3_Cytip_3,neuron,STR,GABA,MC_16:Septal neurons,Inh_Sall3_Cytip,Inh_Sall3_Cytip_STR,Inh_Sall3_Cytip_STR
Inh_Sall3_Sp8,neuron,PAL,GABA,MC_16:Septal neurons,Inh_Sall3_Sp8,Inh_Sall3_Sp8_PAL,Inh_Sall3_Sp8_PAL
Inh_Ecel1_Pon3,neuron,PAL,GABA,MC_17:Septal and hypothalamic neurons,Inh_Ecel1_Pon3,Inh_Ecel1_Pon3_PAL,Inh_Ecel1_Pon3_PAL
Inh_Sp8_Ctsc_1,neuron,STR,GABA,MC_17:Septal and hypothalamic neurons,Inh_Sp8_Ctsc,Inh_Sp8_Ctsc_STR,Inh_Sp8_Ctsc_STR
Inh_Sp8_Ctsc_2,neuron,PAL,GABA,MC_17:Septal and hypothalamic neurons,Inh_Sp8_Ctsc,Inh_Sp8_Ctsc_PAL,Inh_Sp8_Ctsc_PAL
Inh_Sp8_Ctsc_3,neuron,TH,GABA,MC_17:Septal and hypothalamic neurons,Inh_Sp8_Ctsc,Inh_Sp8_Ctsc_TH,Inh_Sp8_Ctsc_TH
Inh_Sp8_Ctsc_4,neuron,OLF,GABA,MC_17:Septal and hypothalamic neurons,Inh_Sp8_Ctsc,Inh_Sp8_Ctsc_OLF,Inh_Sp8_Ctsc_OLF
Inh_Sp8_Shisa8,neuron,PAL,GABA,MC_19:Septal and hypothalamic neurons,Inh_Sp8_Shisa8,Inh_Sp8_Shisa8_PAL,Inh_Sp8_Shisa8_PAL
Inh_Sp8_Grhl3,neuron,PAL,GABA,MC_19:Septal and hypothalamic neurons,Inh_Sp8_Grhl3,Inh_Sp8_Grhl3_PAL,Inh_Sp8_Grhl3_PAL
Inh_Pax6_Fbln2_1,neuron,HY,GABA,MC_19:Septal and hypothalamic neurons,Inh_Pax6_Fbln2,Inh_Pax6_Fbln2_HY,Inh_Pax6_Fbln2_HY
Inh_Pax6_Fbln2_2,neuron,MB,GABA,MC_19:Septal and hypothalamic neurons,Inh_Pax6_Fbln2,Inh_Pax6_Fbln2_MB,Inh_Pax6_Fbln2_MB
Inh_Ecel1_Myo1h_1,neuron,STR,GABA,MC_17:Septal and hypothalamic neurons,Inh_Ecel1_Myo1h,Inh_Ecel1_Myo1h_STR,Inh_Ecel1_Myo1h_STR
Inh_Ecel1_Myo1h_2,neuron,PAL,GABA,MC_17:Septal and hypothalamic neurons,Inh_Ecel1_Myo1h,Inh_Ecel1_Myo1h_PAL,Inh_Ecel1_Myo1h_PAL
Inh_Ecel1_Sytl4_1,neuron,PAL,GABA,MC_17:Septal and hypothalamic neurons,Inh_Ecel1_Sytl4,Inh_Ecel1_Sytl4_PAL,Inh_Ecel1_Sytl4_PAL
Inh_Ecel1_Sytl4_2,neuron,HY,GABA,MC_17:Septal and hypothalamic neurons,Inh_Ecel1_Sytl4,Inh_Ecel1_Sytl4_HY,Inh_Ecel1_Sytl4_HY
Inh_Ecel1_Crhr2,neuron,PAL,GABA,MC_17:Septal and hypothalamic neurons,Inh_Ecel1_Crhr2,Inh_Ecel1_Crhr2_PAL,Inh_Ecel1_Crhr2_PAL
Inh_Ecel1_Asb4_1,neuron,PAL,GABA,MC_17:Septal and hypothalamic neurons,Inh_Ecel1_Asb4,Inh_Ecel1_Asb4_PAL,Inh_Ecel1_Asb4_PAL
Inh_Ecel1_Asb4_2,neuron,PAL,GABA,MC_17:Septal and hypothalamic neurons,Inh_Ecel1_Asb4,Inh_Ecel1_Asb4_PAL,Inh_Ecel1_Asb4_PAL
Inh_Ecel1_Asb4_3,neuron,PAL,GABA,MC_17:Septal and hypothalamic neurons,Inh_Ecel1_Asb4,Inh_Ecel1_Asb4_PAL,Inh_Ecel1_Asb4_PAL
Inh_Nkx2-1_Asb,neuron,STR,GABA,MC_18:Septal and hypothalamic neurons,Inh_Nkx2-1_Asb,Inh_Nkx2-1_Asb_STR,Inh_Nkx2-1_Asb_STR
Inh_Nkx2-1_Sytl4_1,neuron,STR,GABA,MC_18:Septal and hypothalamic neurons,Inh_Nkx2-1_Sytl4,Inh_Nkx2-1_Sytl4_STR,Inh_Nkx2-1_Sytl4_STR
Inh_Nkx2-1_Sytl4_2,neuron,HY,GABA,MC_18:Septal and hypothalamic neurons,Inh_Nkx2-1_Sytl4,Inh_Nkx2-1_Sytl4_HY,Inh_Nkx2-1_Sytl4_HY
Inh_Pax6_Gpr39_1,neuron,STR,GABA,MC_19:Septal and hypothalamic neurons,Inh_Pax6_Gpr39,Inh_Pax6_Gpr39_STR,Inh_Pax6_Gpr39_STR
Inh_Pax6_Gpr39_2,neuron,PAL,GABA,MC_19:Septal and hypothalamic neurons,Inh_Pax6_Gpr39,Inh_Pax6_Gpr39_PAL,Inh_Pax6_Gpr39_PAL
Inh_Pax6_Gpr39_3,neuron,STR,GABA,MC_19:Septal and hypothalamic neurons,Inh_Pax6_Gpr39,Inh_Pax6_Gpr39_STR,Inh_Pax6_Gpr39_STR
Inh_Pax6_Eya4_1,neuron,STR,GABA,MC_19:Septal and hypothalamic neurons,Inh_Pax6_Eya4,Inh_Pax6_Eya4_STR,Inh_Pax6_Eya4_STR
Inh_Pax6_Eya4_2,neuron,STR,GABA,MC_19:Septal and hypothalamic neurons,Inh_Pax6_Eya4,Inh_Pax6_Eya4_STR,Inh_Pax6_Eya4_STR
Inh_Pax6_Eya4_3,neuron,PAL,GABA,MC_19:Septal and hypothalamic neurons,Inh_Pax6_Eya4,Inh_Pax6_Eya4_PAL,Inh_Pax6_Eya4_PAL
Inh_Pax6_Eya4_4,neuron,STR,GABA,MC_19:Septal and hypothalamic neurons,Inh_Pax6_Eya4,Inh_Pax6_Eya4_STR,Inh_Pax6_Eya4_STR
Inh_Pax6_Egfr_1,neuron,PAL,GABA,MC_19:Septal and hypothalamic neurons,Inh_Pax6_Egfr,Inh_Pax6_Egfr_PAL,Inh_Pax6_Egfr_PAL
Inh_Pax6_Egfr_2,neuron,STR,GABA,MC_19:Septal and hypothalamic neurons,Inh_Pax6_Egfr,Inh_Pax6_Egfr_STR,Inh_Pax6_Egfr_STR
Inh_Sp8_Fbxw13,neuron,PAL,GABA,MC_16:Septal neurons,Inh_Sp8_Fbxw13,Inh_Sp8_Fbxw13_PAL,Inh_Sp8_Fbxw13_PAL
Inh_Sp8_Mc4r,neuron,PAL,GABA,MC_16:Septal neurons,Inh_Sp8_Mc4r,Inh_Sp8_Mc4r_PAL,Inh_Sp8_Mc4r_PAL
Inh_Sp8_Spp1_1,neuron,STR,GLY,MC_16:Septal neurons,Inh_Sp8_Spp1,Inh_Sp8_Spp1_STR,Inh_Sp8_Spp1_STR
Inh_Sp8_Spp1_2,neuron,PAL,GABA,MC_16:Septal neurons,Inh_Sp8_Spp1,Inh_Sp8_Spp1_PAL,Inh_Sp8_Spp1_PAL
Inh_Sp8_Spp1_3,neuron,PAL,GABA,MC_16:Septal neurons,Inh_Sp8_Spp1,Inh_Sp8_Spp1_PAL,Inh_Sp8_Spp1_PAL
Inh_Sp8_Spp1_4,neuron,PAL,GABA,MC_16:Septal neurons,Inh_Sp8_Spp1,Inh_Sp8_Spp1_PAL,Inh_Sp8_Spp1_PAL
Inh_Sp8_Spp1_5,neuron,PAL,GABA,MC_16:Septal neurons,Inh_Sp8_Spp1,Inh_Sp8_Spp1_PAL,Inh_Sp8_Spp1_PAL
Ex_Hoxb3_Ldlrap1_1,neuron,P,VGLUT1_VGLUT2,MC_146:Pontine and medullary neurons,Ex_Hoxb3_Ldlrap1,Ex_Hoxb3_Ldlrap1_P,Ex_Hoxb3_Ldlrap1_P
Ex_Hoxb3_Ldlrap1_2,neuron,P,VGLUT1_VGLUT2,MC_146:Pontine and medullary neurons,Ex_Hoxb3_Ldlrap1,Ex_Hoxb3_Ldlrap1_P,Ex_Hoxb3_Ldlrap1_P
Ex_Hoxb3_Ldlrap1_3,neuron,P,VGLUT1_VGLUT2,MC_146:Pontine and medullary neurons,Ex_Hoxb3_Ldlrap1,Ex_Hoxb3_Ldlrap1_P,Ex_Hoxb3_Ldlrap1_P
Ex_Hoxb3_Ldlrap1_4,neuron,P,VGLUT1_VGLUT2,MC_146:Pontine and medullary neurons,Ex_Hoxb3_Ldlrap1,Ex_Hoxb3_Ldlrap1_P,Ex_Hoxb3_Ldlrap1_P
Ex_Hoxb3_Ldlrap1_5,neuron,P,VGLUT1_VGLUT2,MC_146:Pontine and medullary neurons,Ex_Hoxb3_Ldlrap1,Ex_Hoxb3_Ldlrap1_P,Ex_Hoxb3_Ldlrap1_P
Ex_Hoxb3_Ldlrap1_6,neuron,P,VGLUT1_VGLUT2,MC_146:Pontine and medullary neurons,Ex_Hoxb3_Ldlrap1,Ex_Hoxb3_Ldlrap1_P,Ex_Hoxb3_Ldlrap1_P
Ex_Hoxb3_Ldlrap1_7,neuron,P,VGLUT1_VGLUT2,MC_146:Pontine and medullary neurons,Ex_Hoxb3_Ldlrap1,Ex_Hoxb3_Ldlrap1_P,Ex_Hoxb3_Ldlrap1_P
Ex_Hoxb3_Ldlrap1_8,neuron,MY,VGLUT1_VGLUT2,MC_146:Pontine and medullary neurons,Ex_Hoxb3_Ldlrap1,Ex_Hoxb3_Ldlrap1_MY,Ex_Hoxb3_Ldlrap1_MY
Ex_Hoxb3_Ldlrap1_9,neuron,P,VGLUT1_VGLUT2,MC_146:Pontine and medullary neurons,Ex_Hoxb3_Ldlrap1,Ex_Hoxb3_Ldlrap1_P,Ex_Hoxb3_Ldlrap1_P
Ex_Hoxb3_Ldlrap1_10,neuron,P,VGLUT1_VGLUT2,MC_146:Pontine and medullary neurons,Ex_Hoxb3_Ldlrap1_10,Ex_Hoxb3_Ldlrap1_10_P,Ex_Hoxb3_Ldlrap1_10_P
Ex_Hoxb3_Ldlrap1_11,neuron,P,VGLUT1_VGLUT2,MC_146:Pontine and medullary neurons,Ex_Hoxb3_Ldlrap1_11,Ex_Hoxb3_Ldlrap1_11_P,Ex_Hoxb3_Ldlrap1_11_P
Ex_Hoxb3_Ldlrap1_12,neuron,P,VGLUT1_VGLUT2,MC_146:Pontine and medullary neurons,Ex_Hoxb3_Ldlrap1_12,Ex_Hoxb3_Ldlrap1_12_P,Ex_Hoxb3_Ldlrap1_12_P
Ex_Hoxb3_Ldlrap1_13,neuron,P,VGLUT1_VGLUT2,MC_146:Pontine and medullary neurons,Ex_Hoxb3_Ldlrap1_13,Ex_Hoxb3_Ldlrap1_13_P,Ex_Hoxb3_Ldlrap1_13_P
Ex_Hoxb3_Ldlrap1_14,neuron,P,VGLUT1_VGLUT2,MC_146:Pontine and medullary neurons,Ex_Hoxb3_Ldlrap1_14,Ex_Hoxb3_Ldlrap1_14_P,Ex_Hoxb3_Ldlrap1_14_P
Ex_Hoxb3_Ldlrap1_15,neuron,MY,VGLUT1_VGLUT2,MC_149:Pontine and medullary neurons,Ex_Hoxb3_Ldlrap1_15,Ex_Hoxb3_Ldlrap1_15_MY,Ex_Hoxb3_Ldlrap1_15_MY
Ex_Hoxb3_Ldlrap1_16,neuron,MY,VGLUT1_VGLUT2,MC_149:Pontine and medullary neurons,Ex_Hoxb3_Ldlrap1_16,Ex_Hoxb3_Ldlrap1_16_MY,Ex_Hoxb3_Ldlrap1_16_MY
Ex_Hoxb3_Ldlrap1_17,neuron,MY,VGLUT1_VGLUT2,MC_149:Pontine and medullary neurons,Ex_Hoxb3_Ldlrap1_17,Ex_Hoxb3_Ldlrap1_17_MY,Ex_Hoxb3_Ldlrap1_17_MY
Ex_Hoxb3_Ldlrap1_18,neuron,MY,VGLUT1_VGLUT2,MC_149:Pontine and medullary neurons,Ex_Hoxb3_Ldlrap1_18,Ex_Hoxb3_Ldlrap1_18_MY,Ex_Hoxb3_Ldlrap1_18_MY
Ex_Irx1_Nog,neuron,MY,VGLUT1_VGLUT2,MC_150:Deep cerebellar nuclei neurons,Ex_Irx1_Nog,Ex_Irx1_Nog_MY,Ex_Irx1_Nog_MY
Ex_Irx1_Padi1_1,neuron,MY,VGLUT1_VGLUT2,MC_149:Pontine and medullary neurons,Ex_Irx1_Padi1,Ex_Irx1_Padi1_MY,Ex_Irx1_Padi1_MY
Ex_Irx1_Padi1_2,neuron,MY,VGLUT1_VGLUT2,MC_147:Posterior medullary neuronns,Ex_Irx1_Padi1,Ex_Irx1_Padi1_MY,Ex_Irx1_Padi1_MY
Ex_Irx1_Padi1_3,neuron,CB,VGLUT1_VGLUT2,MC_147:Posterior medullary neuronns,Ex_Irx1_Padi1,Ex_Irx1_Padi1_CB,Ex_Irx1_Padi1_CB
Ex_Irx1_Padi1_4,neuron,MY,VGLUT1_VGLUT2,MC_147:Posterior medullary neuronns,Ex_Irx1_Padi1,Ex_Irx1_Padi1_MY,Ex_Irx1_Padi1_MY
Ex_Irx1_Padi1_5,neuron,MY,VGLUT1_VGLUT2,MC_147:Posterior medullary neuronns,Ex_Irx1_Padi1,Ex_Irx1_Padi1_MY,Ex_Irx1_Padi1_MY
Ex_Irx1_Padi1_6,neuron,MY,VGLUT1_VGLUT2,MC_147:Posterior medullary neuronns,Ex_Irx1_Padi1,Ex_Irx1_Padi1_MY,Ex_Irx1_Padi1_MY
Ex_Hoxc4_Slc22a3,neuron,MY,VGLUT1_VGLUT2,MC_147:Posterior medullary neuronns,Ex_Hoxc4_Slc22a3,Ex_Hoxc4_Slc22a3_MY,Ex_Hoxc4_Slc22a3_MY
Ex_Hoxc4_Hpse,neuron,MY,VGLUT1_VGLUT2,MC_147:Posterior medullary neuronns,Ex_Hoxc4_Hpse,Ex_Hoxc4_Hpse_MY,Ex_Hoxc4_Hpse_MY
CholEx_Hoxc4_Olfr681,neuron,MY,VGLUT1_VGLUT2_CHOL,MC_149:Pontine and medullary neurons,CholEx_Hoxc4_Olfr681,CholEx_Hoxc4_Olfr681_MY,CholEx_Hoxc4_Olfr681_MY
Inh_Six3_Pvalb_Npy_1,neuron,TH,GABA,MC_84:Reticular thalamic neurons,Inh_Six3_Pvalb_Npy,Inh_Six3_Pvalb_Npy_TH,Inh_Six3_Pvalb_Npy_TH
Inh_Six3_Pvalb_Npy_2,neuron,TH,GABA,MC_84:Reticular thalamic neurons,Inh_Six3_Pvalb_Npy,Inh_Six3_Pvalb_Npy_TH,Inh_Six3_Pvalb_Npy_TH
Inh_Six3_Pvalb_Npy_3,neuron,TH,GABA,MC_84:Reticular thalamic neurons,Inh_Six3_Pvalb_Npy,Inh_Six3_Pvalb_Npy_TH,Inh_Six3_Pvalb_Npy_TH
Inh_Six3_Pvalb_Cplx3_1,neuron,TH,GABA,MC_84:Reticular thalamic neurons,Inh_Six3_Pvalb_Cplx3,Inh_Six3_Pvalb_Cplx3_TH,Inh_Six3_Pvalb_Cplx3_TH
Inh_Six3_Pvalb_Adamts14,neuron,TH,GABA,MC_84:Reticular thalamic neurons,Inh_Six3_Pvalb_Adamts14,Inh_Six3_Pvalb_Adamts14_TH,Inh_Six3_Pvalb_Adamts14_TH
Inh_Six3_Pvalb_Cplx3_2,neuron,TH,GABA,MC_84:Reticular thalamic neurons,Inh_Six3_Pvalb_Cplx3,Inh_Six3_Pvalb_Cplx3_TH,Inh_Six3_Pvalb_Cplx3_TH
Inh_Six3_Pvalb_Efemp1_1,neuron,TH,GABA,MC_84:Reticular thalamic neurons,Inh_Six3_Pvalb_Efemp1,Inh_Six3_Pvalb_Efemp1_TH,Inh_Six3_Pvalb_Efemp1_TH
Inh_Six3_Pvalb_Efemp1_2,neuron,TH,GABA,MC_84:Reticular thalamic neurons,Inh_Six3_Pvalb_Efemp1,Inh_Six3_Pvalb_Efemp1_TH,Inh_Six3_Pvalb_Efemp1_TH
Inh_Six3_Pvalb_Trpm8,neuron,HY,GABA,MC_84:Reticular thalamic neurons,Inh_Six3_Pvalb_Trpm8,Inh_Six3_Pvalb_Trpm8_HY,Inh_Six3_Pvalb_Trpm8_HY
Inh_Six3_Pvalb_Colq,neuron,TH,GABA,MC_84:Reticular thalamic neurons,Inh_Six3_Pvalb_Colq,Inh_Six3_Pvalb_Colq_TH,Inh_Six3_Pvalb_Colq_TH
Inh_Six3_Piezo2,neuron,HY,GABA,MC_84:Reticular thalamic neurons,Inh_Six3_Piezo2,Inh_Six3_Piezo2_HY,Inh_Six3_Piezo2_HY
Inh_Six3_Pvalb_Pdzrn4,neuron,TH,GABA,MC_84:Reticular thalamic neurons,Inh_Six3_Pvalb_Pdzrn4,Inh_Six3_Pvalb_Pdzrn4_TH,Inh_Six3_Pvalb_Pdzrn4_TH
Inh_Ecel1_Col6a4_1,neuron,HY,GABA,MC_84:Reticular thalamic neurons,Inh_Ecel1_Col6a4,Inh_Ecel1_Col6a4_HY,Inh_Ecel1_Col6a4_HY
Inh_Ecel1_Col6a4_2,neuron,HY,GABA,MC_84:Reticular thalamic neurons,Inh_Ecel1_Col6a4,Inh_Ecel1_Col6a4_HY,Inh_Ecel1_Col6a4_HY
Inh_Ecel1_Cd36_1,neuron,HY,GABA,MC_84:Reticular thalamic neurons,Inh_Ecel1_Cd36,Inh_Ecel1_Cd36_HY,Inh_Ecel1_Cd36_HY
Inh_Ecel1_Cd36_2,neuron,HY,GABA,MC_84:Reticular thalamic neurons,Inh_Ecel1_Cd36,Inh_Ecel1_Cd36_HY,Inh_Ecel1_Cd36_HY
Inh_Six3_Pvalb_Angpt1,neuron,TH,GABA,MC_84:Reticular thalamic neurons,Inh_Six3_Pvalb_Angpt1,Inh_Six3_Pvalb_Angpt1_TH,Inh_Six3_Pvalb_Angpt1_TH
Inh_Six3_Pvalb_Rxfp2_1,neuron,HY,GABA,MC_84:Reticular thalamic neurons,Inh_Six3_Pvalb_Rxfp2,Inh_Six3_Pvalb_Rxfp2_HY,Inh_Six3_Pvalb_Rxfp2_HY
Inh_Six3_Pvalb_Rxfp2_2,neuron,TH,GABA,MC_84:Reticular thalamic neurons,Inh_Six3_Pvalb_Rxfp2,Inh_Six3_Pvalb_Rxfp2_TH,Inh_Six3_Pvalb_Rxfp2_TH
Inh_Six3_Pvalb_Rxfp2_3,neuron,TH,GABA,MC_84:Reticular thalamic neurons,Inh_Six3_Pvalb_Rxfp2,Inh_Six3_Pvalb_Rxfp2_TH,Inh_Six3_Pvalb_Rxfp2_TH
Inh_Six3_Pvalb_Itga6,neuron,TH,GABA,MC_84:Reticular thalamic neurons,Inh_Six3_Pvalb_Itga6,Inh_Six3_Pvalb_Itga6_TH,Inh_Six3_Pvalb_Itga6_TH
Ex_Lmx1b_Vmn1r196,neuron,P,VGLUT1_VGLUT2,MC_138:Pontine and medullary neurons,Ex_Lmx1b_Vmn1r196,Ex_Lmx1b_Vmn1r196_P,Ex_Lmx1b_Vmn1r196_P
Inh_Ebf2_Cox8b_1,neuron,MY,GLY,MC_137:Pontine and medullary neurons,Inh_Ebf2_Cox8b,Inh_Ebf2_Cox8b_MY,Inh_Ebf2_Cox8b_MY
Inh_Ebf2_Cox8b_2,neuron,MY,GLY,MC_137:Pontine and medullary neurons,Inh_Ebf2_Cox8b,Inh_Ebf2_Cox8b_MY,Inh_Ebf2_Cox8b_MY
Inh_Nkx6-1_Cox8b,neuron,P,GLY,MC_128:Pontine and medullary neurons,Inh_Nkx6-1_Cox8b,Inh_Nkx6-1_Cox8b_P,Inh_Nkx6-1_Cox8b_P
Ex_Ebf2_Cox8b_1,neuron,MY,VGLUT1_VGLUT2,MC_151:Ventral cochlear nuclei neurons,Ex_Ebf2_Cox8b,Ex_Ebf2_Cox8b_MY,Ex_Ebf2_Cox8b_MY
Ex_Ebf2_Cox8b_2,neuron,MY,VGLUT1_VGLUT2,MC_151:Ventral cochlear nuclei neurons,Ex_Ebf2_Cox8b,Ex_Ebf2_Cox8b_MY,Ex_Ebf2_Cox8b_MY
Ex_Ebf2_Krt17_1,neuron,MY,VGLUT1_VGLUT2,MC_151:Ventral cochlear nuclei neurons,Ex_Ebf2_Krt17,Ex_Ebf2_Krt17_MY,Ex_Ebf2_Krt17_MY
Ex_Ebf2_Fzd9_1,neuron,MY,VGLUT1_VGLUT2,MC_151:Ventral cochlear nuclei neurons,Ex_Ebf2_Fzd9,Ex_Ebf2_Fzd9_MY,Ex_Ebf2_Fzd9_MY
Ex_Ebf2_Fzd9_2,neuron,MY,VGLUT1_VGLUT2,MC_151:Ventral cochlear nuclei neurons,Ex_Ebf2_Fzd9,Ex_Ebf2_Fzd9_MY,Ex_Ebf2_Fzd9_MY
Ex_Ebf2_Fzd9_3,neuron,MY,VGLUT1_VGLUT2,MC_151:Ventral cochlear nuclei neurons,Ex_Ebf2_Fzd9,Ex_Ebf2_Fzd9_MY,Ex_Ebf2_Fzd9_MY
Ex_Lamc3_Fzd9_1,neuron,MY,VGLUT1_VGLUT2,MC_151:Ventral cochlear nuclei neurons,Ex_Lamc3_Fzd9,Ex_Lamc3_Fzd9_MY,Ex_Lamc3_Fzd9_MY
Ex_Lamc3_Fzd9_2,neuron,MY,VGLUT1_VGLUT2,MC_151:Ventral cochlear nuclei neurons,Ex_Lamc3_Fzd9,Ex_Lamc3_Fzd9_MY,Ex_Lamc3_Fzd9_MY
Ex_Lhx2_Llgl2,neuron,MY,VGLUT1_VGLUT2,MC_151:Ventral cochlear nuclei neurons,Ex_Lhx2_Llgl2,Ex_Lhx2_Llgl2_MY,Ex_Lhx2_Llgl2_MY
Ex_Ebf2_Tnfaip8_1,neuron,MY,VGLUT1_VGLUT2,MC_151:Ventral cochlear nuclei neurons,Ex_Ebf2_Tnfaip8,Ex_Ebf2_Tnfaip8_MY,Ex_Ebf2_Tnfaip8_MY
Ex_Ebf2_Tnfaip8_2,neuron,MY,VGLUT1_VGLUT2,MC_151:Ventral cochlear nuclei neurons,Ex_Ebf2_Tnfaip8,Ex_Ebf2_Tnfaip8_MY,Ex_Ebf2_Tnfaip8_MY
Ex_Ebf2_Tnfaip8_3,neuron,MY,VGLUT1_VGLUT2,MC_151:Ventral cochlear nuclei neurons,Ex_Ebf2_Tnfaip8,Ex_Ebf2_Tnfaip8_MY,Ex_Ebf2_Tnfaip8_MY
Ex_Ebf2_Tnfaip8_4,neuron,MY,VGLUT1_VGLUT2,MC_151:Ventral cochlear nuclei neurons,Ex_Ebf2_Tnfaip8,Ex_Ebf2_Tnfaip8_MY,Ex_Ebf2_Tnfaip8_MY
Ex_Ebf2_Tnfaip8_5,neuron,MY,VGLUT1_VGLUT2,MC_151:Ventral cochlear nuclei neurons,Ex_Ebf2_Tnfaip8,Ex_Ebf2_Tnfaip8_MY,Ex_Ebf2_Tnfaip8_MY
Ex_Lhx9_Frk_1,neuron,P,VGLUT2,MC_139:Pontine and medullary neurons,Ex_Lhx9_Frk,Ex_Lhx9_Frk_P,Ex_Lhx9_Frk_P
Ex_Lhx9_Frk_2,neuron,MY,VGLUT2,MC_139:Pontine and medullary neurons,Ex_Lhx9_Frk,Ex_Lhx9_Frk_MY,Ex_Lhx9_Frk_MY
Ex_Lhx9_Frk_3,neuron,P,VGLUT2,MC_139:Pontine and medullary neurons,Ex_Lhx9_Frk,Ex_Lhx9_Frk_P,Ex_Lhx9_Frk_P
Ex_Lhx9_A1bg_1,neuron,MY,VGLUT2,MC_139:Pontine and medullary neurons,Ex_Lhx9_A1bg,Ex_Lhx9_A1bg_MY,Ex_Lhx9_A1bg_MY
Ex_Lhx9_A1bg_2,neuron,MY,VGLUT2,MC_139:Pontine and medullary neurons,Ex_Lhx9_A1bg,Ex_Lhx9_A1bg_MY,Ex_Lhx9_A1bg_MY
Ex_Lhx9_Igfbp2_1,neuron,P,VGLUT2,MC_139:Pontine and medullary neurons,Ex_Lhx9_Igfbp2,Ex_Lhx9_Igfbp2_P,Ex_Lhx9_Igfbp2_P
Ex_Lhx9_Igfbp2_2,neuron,P,VGLUT2,MC_139:Pontine and medullary neurons,Ex_Lhx9_Igfbp2,Ex_Lhx9_Igfbp2_P,Ex_Lhx9_Igfbp2_P
Ex_Lhx9_Ppp1r1c,neuron,,VGLUT2,MC_139:Pontine and medullary neurons,Ex_Lhx9_Ppp1r1c,Ex_Lhx9_Ppp1r1c,Ex_Lhx9_Ppp1r1c
Ex_Lhx9_Erg,neuron,P,VGLUT2,MC_139:Pontine and medullary neurons,Ex_Lhx9_Erg,Ex_Lhx9_Erg_P,Ex_Lhx9_Erg_P
Ex_Nkx2-1_Pmch_1,neuron,HY,VGLUT2,MC_82:Anterior hypothalamic neurons,Ex_Nkx2-1_Pmch,Ex_Nkx2-1_Pmch_HY,Ex_Nkx2-1_Pmch_HY
Ex_Nkx2-1_Pmch_2,neuron,HY,VGLUT2,MC_82:Anterior hypothalamic neurons,Ex_Nkx2-1_Pmch,Ex_Nkx2-1_Pmch_HY,Ex_Nkx2-1_Pmch_HY
Ex_Nkx2-1_Nppb,neuron,HY,VGLUT2,"MC_197:Hypothalamic neurons, primarily periventricular and mammilary nuclei",Ex_Nkx2-1_Nppb,Ex_Nkx2-1_Nppb_HY,Ex_Nkx2-1_Nppb_HY
Inh_Lhx6_Pvalb_Tac1,neuron,Isocortex,GABA,MC_24:MGE PV isocortical interneurons,Inh_Lhx6_Pvalb_Tac1,Inh_Lhx6_Pvalb_Tac1_Isocortex,Inh_Lhx6_Pvalb_Tac1_Isocortex
Inh_Lhx6_Sst_Hpse,neuron,Isocortex,GABA,"MC_23:MGE SST interneurons of isocortex, amygdala, and hippocampus",Inh_Lhx6_Sst_Hpse,Inh_Lhx6_Sst_Hpse_Isocortex,Inh_Lhx6_Sst_Hpse_Isocortex
Inh_Lhx6_Sst_Crhr2_Stac,neuron,Isocortex,GABA,"MC_23:MGE SST interneurons of isocortex, amygdala, and hippocampus",Inh_Lhx6_Sst_Crhr2_Stac,Inh_Lhx6_Sst_Crhr2_Stac_Isocortex,Inh_Lhx6_Sst_Crhr2_Stac_Isocortex
Inh_Lhx6_Sst_Crhr2_Fillip1,neuron,Isocortex,GABA,"MC_23:MGE SST interneurons of isocortex, amygdala, and hippocampus",Inh_Lhx6_Sst_Crhr2_Fillip1,Inh_Lhx6_Sst_Crhr2_Fillip1_Isocortex,Inh_Lhx6_Sst_Crhr2_Fillip1_Isocortex
Inh_Lhx6_Sst_Ffar4,neuron,Isocortex,GABA,"MC_23:MGE SST interneurons of isocortex, amygdala, and hippocampus",Inh_Lhx6_Sst_Ffar4,Inh_Lhx6_Sst_Ffar4_Isocortex,Inh_Lhx6_Sst_Ffar4_Isocortex
Inh_Lhx6_Sst_AW551984,neuron,Isocortex,GABA,"MC_23:MGE SST interneurons of isocortex, amygdala, and hippocampus",Inh_Lhx6_Sst_AW551984,Inh_Lhx6_Sst_AW551984_Isocortex,Inh_Lhx6_Sst_AW551984_Isocortex
Inh_Lhx6_Sst_Myh13,neuron,Isocortex,GABA,"MC_23:MGE SST interneurons of isocortex, amygdala, and hippocampus",Inh_Lhx6_Sst_Myh13,Inh_Lhx6_Sst_Myh13_Isocortex,Inh_Lhx6_Sst_Myh13_Isocortex
Inh_Lhx6_Sst_Etv1_Pdyn,neuron,Isocortex,GABA,"MC_23:MGE SST interneurons of isocortex, amygdala, and hippocampus",Inh_Lhx6_Sst_Etv1_Pdyn,Inh_Lhx6_Sst_Etv1_Pdyn_Isocortex,Inh_Lhx6_Sst_Etv1_Pdyn_Isocortex
Inh_Lhx6_Sst_Etv1_Ldb2,neuron,Isocortex,GABA,"MC_23:MGE SST interneurons of isocortex, amygdala, and hippocampus",Inh_Lhx6_Sst_Etv1_Ldb2,Inh_Lhx6_Sst_Etv1_Ldb2_Isocortex,Inh_Lhx6_Sst_Etv1_Ldb2_Isocortex
Inh_Lhx6_Sst_Ctsc_1,neuron,HPF,GABA,"MC_21:MGE SST interneurons of isocortex, amygdala, and hippocampus",Inh_Lhx6_Sst_Ctsc,Inh_Lhx6_Sst_Ctsc_HPF,Inh_Lhx6_Sst_Ctsc_HPF
Inh_Lhx6_Sst_Ctsc_2,neuron,HPF,VGLUT3_GABA,MC_22:MGE SST interneurons of hippocampus,Inh_Lhx6_Sst_Ctsc,Inh_Lhx6_Sst_Ctsc_HPF,Inh_Lhx6_Sst_Ctsc_HPF
Inh_Lhx6_Sst_Ctsc_3,neuron,HPF,GABA,MC_22:MGE SST interneurons of hippocampus,Inh_Lhx6_Sst_Ctsc,Inh_Lhx6_Sst_Ctsc_HPF,Inh_Lhx6_Sst_Ctsc_HPF
Inh_Lhx6_Sst_Ctsc_4,neuron,HPF,VGLUT3_GABA,MC_22:MGE SST interneurons of hippocampus,Inh_Lhx6_Sst_Ctsc,Inh_Lhx6_Sst_Ctsc_HPF,Inh_Lhx6_Sst_Ctsc_HPF
Inh_Lhx6_Sst_Ctsc_5,neuron,HPF,GABA,MC_22:MGE SST interneurons of hippocampus,Inh_Lhx6_Sst_Ctsc,Inh_Lhx6_Sst_Ctsc_HPF,Inh_Lhx6_Sst_Ctsc_HPF
Inh_Lhx6_Sst_Ctsc_6,neuron,HPF,GABA,MC_22:MGE SST interneurons of hippocampus,Inh_Lhx6_Sst_Ctsc,Inh_Lhx6_Sst_Ctsc_HPF,Inh_Lhx6_Sst_Ctsc_HPF
Inh_Lhx6_Sst_Ctsc_7,neuron,CTXsp,GABA,"MC_21:MGE SST interneurons of isocortex, amygdala, and hippocampus",Inh_Lhx6_Sst_Ctsc,Inh_Lhx6_Sst_Ctsc_CTXsp,Inh_Lhx6_Sst_Ctsc_CTXsp
Inh_Lhx6_Sst_Ctsc_8,neuron,OLF,GABA,"MC_21:MGE SST interneurons of isocortex, amygdala, and hippocampus",Inh_Lhx6_Sst_Ctsc,Inh_Lhx6_Sst_Ctsc_OLF,Inh_Lhx6_Sst_Ctsc_OLF
Inh_Lhx6_Sst_Ctsc_9,neuron,OLF,GABA,"MC_21:MGE SST interneurons of isocortex, amygdala, and hippocampus",Inh_Lhx6_Sst_Ctsc,Inh_Lhx6_Sst_Ctsc_OLF,Inh_Lhx6_Sst_Ctsc_OLF
Inh_Lhx6_Sst_Prok2,neuron,HPF,GABA,"MC_21:MGE SST interneurons of isocortex, amygdala, and hippocampus",Inh_Lhx6_Sst_Prok2,Inh_Lhx6_Sst_Prok2_HPF,Inh_Lhx6_Sst_Prok2_HPF
Inh_Lhx6_Sst_Itgad,neuron,Isocortex,GABA,"MC_21:MGE SST interneurons of isocortex, amygdala, and hippocampus",Inh_Lhx6_Sst_Itgad,Inh_Lhx6_Sst_Itgad_Isocortex,Inh_Lhx6_Sst_Itgad_Isocortex
Inh_Lhx6_Sst_A730009L09Rik_Igf1,neuron,HPF,GABA,"MC_21:MGE SST interneurons of isocortex, amygdala, and hippocampus",Inh_Lhx6_Sst_A730009L09Rik_Igf1,Inh_Lhx6_Sst_A730009L09Rik_Igf1_HPF,Inh_Lhx6_Sst_A730009L09Rik_Igf1_HPF
Inh_Lhx6_Sst_A730009L09Rik_Kcnh8,neuron,Isocortex,GABA,"MC_21:MGE SST interneurons of isocortex, amygdala, and hippocampus",Inh_Lhx6_Sst_A730009L09Rik_Kcnh8,Inh_Lhx6_Sst_A730009L09Rik_Kcnh8_Isocortex,Inh_Lhx6_Sst_A730009L09Rik_Kcnh8_Isocortex
Inh_Lhx6_Sst_Crh_Nnmt_1,neuron,HPF,GABA,MC_22:MGE SST interneurons of hippocampus,Inh_Lhx6_Sst_Crh_Nnmt,Inh_Lhx6_Sst_Crh_Nnmt_HPF,Inh_Lhx6_Sst_Crh_Nnmt_HPF
Inh_Lhx6_Sst_Crh_Nnmt_2,neuron,HPF,GABA,MC_22:MGE SST interneurons of hippocampus,Inh_Lhx6_Sst_Crh_Nnmt,Inh_Lhx6_Sst_Crh_Nnmt_HPF,Inh_Lhx6_Sst_Crh_Nnmt_HPF
Inh_Lhx6_Sst_Crh_Nnmt_3,neuron,HPF,GABA,MC_22:MGE SST interneurons of hippocampus,Inh_Lhx6_Sst_Crh_Nnmt,Inh_Lhx6_Sst_Crh_Nnmt_HPF,Inh_Lhx6_Sst_Crh_Nnmt_HPF
Inh_Lhx6_Sst_Crh_Nnmt_4,neuron,,GABA,MC_22:MGE SST interneurons of hippocampus,Inh_Lhx6_Sst_Crh_Nnmt,Inh_Lhx6_Sst_Crh_Nnmt,Inh_Lhx6_Sst_Crh_Nnmt
Inh_Lhx6_Sst_Col6a5_1,neuron,Isocortex,GABA,MC_22:MGE SST interneurons of hippocampus,Inh_Lhx6_Sst_Col6a5,Inh_Lhx6_Sst_Col6a5_Isocortex,Inh_Lhx6_Sst_Col6a5_Isocortex
Inh_Lhx6_Sst_Col6a5_2,neuron,HPF,GABA,MC_22:MGE SST interneurons of hippocampus,Inh_Lhx6_Sst_Col6a5,Inh_Lhx6_Sst_Col6a5_HPF,Inh_Lhx6_Sst_Col6a5_HPF
Inh_Lhx6_Sst_Col6a5_3,neuron,Isocortex,GABA,MC_22:MGE SST interneurons of hippocampus,Inh_Lhx6_Sst_Col6a5,Inh_Lhx6_Sst_Col6a5_Isocortex,Inh_Lhx6_Sst_Col6a5_Isocortex
Inh_Lhx6_Sst_Col6a5_4,neuron,HPF,GABA,MC_22:MGE SST interneurons of hippocampus,Inh_Lhx6_Sst_Col6a5,Inh_Lhx6_Sst_Col6a5_HPF,Inh_Lhx6_Sst_Col6a5_HPF
Inh_Lhx6_Sst_Col6a5_5,neuron,HPF,GABA,MC_22:MGE SST interneurons of hippocampus,Inh_Lhx6_Sst_Col6a5,Inh_Lhx6_Sst_Col6a5_HPF,Inh_Lhx6_Sst_Col6a5_HPF
Inh_Lhx6_Sst_Col6a5_6,neuron,HPF,GABA,MC_22:MGE SST interneurons of hippocampus,Inh_Lhx6_Sst_Col6a5,Inh_Lhx6_Sst_Col6a5_HPF,Inh_Lhx6_Sst_Col6a5_HPF
Inh_Lhx6_Sst_Col6a5_7,neuron,HPF,GABA,MC_22:MGE SST interneurons of hippocampus,Inh_Lhx6_Sst_Col6a5,Inh_Lhx6_Sst_Col6a5_HPF,Inh_Lhx6_Sst_Col6a5_HPF
Inh_Lhx6_Cxcr4_1,neuron,Isocortex,GABA,MC_22:MGE SST interneurons of hippocampus,Inh_Lhx6_Cxcr4,Inh_Lhx6_Cxcr4_Isocortex,Inh_Lhx6_Cxcr4_Isocortex
Inh_Lhx6_Cxcr4_2,neuron,Isocortex,GABA,MC_22:MGE SST interneurons of hippocampus,Inh_Lhx6_Cxcr4,Inh_Lhx6_Cxcr4_Isocortex,Inh_Lhx6_Cxcr4_Isocortex
Inh_Lhx6_Cxcr4_3,neuron,Isocortex,GABA,MC_22:MGE SST interneurons of hippocampus,Inh_Lhx6_Cxcr4,Inh_Lhx6_Cxcr4_Isocortex,Inh_Lhx6_Cxcr4_Isocortex
Inh_Lhx6_Cxcr4_4,neuron,HPF,GABA,MC_22:MGE SST interneurons of hippocampus,Inh_Lhx6_Cxcr4,Inh_Lhx6_Cxcr4_HPF,Inh_Lhx6_Cxcr4_HPF
Inh_Lhx6_Cxcr4_5,neuron,HPF,GABA,MC_22:MGE SST interneurons of hippocampus,Inh_Lhx6_Cxcr4,Inh_Lhx6_Cxcr4_HPF,Inh_Lhx6_Cxcr4_HPF
Inh_Lhx6_Cxcr4_6,neuron,HPF,GABA,MC_22:MGE SST interneurons of hippocampus,Inh_Lhx6_Cxcr4,Inh_Lhx6_Cxcr4_HPF,Inh_Lhx6_Cxcr4_HPF
Inh_Lhx6_Cxcr4_7,neuron,HPF,GABA,MC_22:MGE SST interneurons of hippocampus,Inh_Lhx6_Cxcr4,Inh_Lhx6_Cxcr4_HPF,Inh_Lhx6_Cxcr4_HPF
Inh_Lhx6_Cxcr4_8,neuron,HPF,GABA,MC_22:MGE SST interneurons of hippocampus,Inh_Lhx6_Cxcr4,Inh_Lhx6_Cxcr4_HPF,Inh_Lhx6_Cxcr4_HPF
Inh_Lhx6_Cxcr4_9,neuron,,GABA,MC_22:MGE SST interneurons of hippocampus,Inh_Lhx6_Cxcr4,Inh_Lhx6_Cxcr4,Inh_Lhx6_Cxcr4
Inh_Lhx6_Cox6a2_Nxph2_1,neuron,HPF,GABA,"MC_20:MGE PV interneurons, likely chandelier",Inh_Lhx6_Cox6a2_Nxph2,Inh_Lhx6_Cox6a2_Nxph2_HPF,Inh_Lhx6_Cox6a2_Nxph2_HPF
Inh_Lhx6_Cox6a2_Nxph2_2,neuron,Isocortex,GABA,"MC_20:MGE PV interneurons, likely chandelier",Inh_Lhx6_Cox6a2_Nxph2,Inh_Lhx6_Cox6a2_Nxph2_Isocortex,Inh_Lhx6_Cox6a2_Nxph2_Isocortex
Inh_Lhx6_Cox6a2_Rxfp3,neuron,HPF,GABA,MC_22:MGE SST interneurons of hippocampus,Inh_Lhx6_Cox6a2_Rxfp3,Inh_Lhx6_Cox6a2_Rxfp3_HPF,Inh_Lhx6_Cox6a2_Rxfp3_HPF
Inh_Lhx6_Cox6a2_Postn,neuron,HPF,GABA,MC_22:MGE SST interneurons of hippocampus,Inh_Lhx6_Cox6a2_Postn,Inh_Lhx6_Cox6a2_Postn_HPF,Inh_Lhx6_Cox6a2_Postn_HPF
Inh_Lhx6_Sst_Edaradd,neuron,Isocortex,GABA,"MC_21:MGE SST interneurons of isocortex, amygdala, and hippocampus",Inh_Lhx6_Sst_Edaradd,Inh_Lhx6_Sst_Edaradd_Isocortex,Inh_Lhx6_Sst_Edaradd_Isocortex
Inh_Lhx6_Sst_Crhbp,neuron,,GABA,"MC_2:Striatal, amygdalar, and pallidal MGE neurons, including TH and PV striatal interneurons",Inh_Lhx6_Sst_Crhbp,Inh_Lhx6_Sst_Crhbp,Inh_Lhx6_Sst_Crhbp
Inh_Lhx6_Sst_Npffr1_Rgs6,neuron,Isocortex,GABA,"MC_23:MGE SST interneurons of isocortex, amygdala, and hippocampus",Inh_Lhx6_Sst_Npffr1_Rgs6,Inh_Lhx6_Sst_Npffr1_Rgs6_Isocortex,Inh_Lhx6_Sst_Npffr1_Rgs6_Isocortex
Inh_Lhx6_Sst_Npffr1_Pcsk6,neuron,Isocortex,GABA,"MC_23:MGE SST interneurons of isocortex, amygdala, and hippocampus",Inh_Lhx6_Sst_Npffr1_Pcsk6,Inh_Lhx6_Sst_Npffr1_Pcsk6_Isocortex,Inh_Lhx6_Sst_Npffr1_Pcsk6_Isocortex
Inh_Lhx6_Sst_Ccna1_1,neuron,Isocortex,GABA,"MC_23:MGE SST interneurons of isocortex, amygdala, and hippocampus",Inh_Lhx6_Sst_Ccna1,Inh_Lhx6_Sst_Ccna1_Isocortex,Inh_Lhx6_Sst_Ccna1_Isocortex
Inh_Lhx6_Sst_Ccna1_2,neuron,Isocortex,GABA,"MC_23:MGE SST interneurons of isocortex, amygdala, and hippocampus",Inh_Lhx6_Sst_Ccna1,Inh_Lhx6_Sst_Ccna1_Isocortex,Inh_Lhx6_Sst_Ccna1_Isocortex
Inh_Lhx6_Sst_Ccna1_3,neuron,HPF,GABA,"MC_23:MGE SST interneurons of isocortex, amygdala, and hippocampus",Inh_Lhx6_Sst_Ccna1,Inh_Lhx6_Sst_Ccna1_HPF,Inh_Lhx6_Sst_Ccna1_HPF
Inh_Lhx6_Sst_Layn,neuron,OLF,GABA,"MC_23:MGE SST interneurons of isocortex, amygdala, and hippocampus",Inh_Lhx6_Sst_Layn,Inh_Lhx6_Sst_Layn_OLF,Inh_Lhx6_Sst_Layn_OLF
Inh_Lhx6_Sst_Th_Elfn1,neuron,Isocortex,GABA,"MC_25:MGE interneurons of isocortex, tyrosine hydroxylase expressing",Inh_Lhx6_Sst_Th_Elfn1,Inh_Lhx6_Sst_Th_Elfn1_Isocortex,Inh_Lhx6_Sst_Th_Elfn1_Isocortex
Inh_Lhx6_Sst_Th_Ephb1,neuron,Isocortex,GABA,"MC_25:MGE interneurons of isocortex, tyrosine hydroxylase expressing",Inh_Lhx6_Sst_Th_Ephb1,Inh_Lhx6_Sst_Th_Ephb1_Isocortex,Inh_Lhx6_Sst_Th_Ephb1_Isocortex
Inh_Lhx6_Sst_Crh_Baiap3,neuron,Isocortex,GABA,"MC_23:MGE SST interneurons of isocortex, amygdala, and hippocampus",Inh_Lhx6_Sst_Crh_Baiap3,Inh_Lhx6_Sst_Crh_Baiap3_Isocortex,Inh_Lhx6_Sst_Crh_Baiap3_Isocortex
Inh_Lhx6_Sst_Crh_Shisa9,neuron,Isocortex,GABA,"MC_23:MGE SST interneurons of isocortex, amygdala, and hippocampus",Inh_Lhx6_Sst_Crh_Shisa9,Inh_Lhx6_Sst_Crh_Shisa9_Isocortex,Inh_Lhx6_Sst_Crh_Shisa9_Isocortex
Inh_Lhx6_Sst_Crh_Pdzrn3,neuron,Isocortex,GABA,"MC_23:MGE SST interneurons of isocortex, amygdala, and hippocampus",Inh_Lhx6_Sst_Crh_Pdzrn3,Inh_Lhx6_Sst_Crh_Pdzrn3_Isocortex,Inh_Lhx6_Sst_Crh_Pdzrn3_Isocortex
Inh_Lhx6_Sst_Crh_Tac2,neuron,Isocortex,GABA,"MC_23:MGE SST interneurons of isocortex, amygdala, and hippocampus",Inh_Lhx6_Sst_Crh_Tac2,Inh_Lhx6_Sst_Crh_Tac2_Isocortex,Inh_Lhx6_Sst_Crh_Tac2_Isocortex
Inh_Lhx6_Sst_Chodl_1,neuron,Isocortex,GABA,"MC_4:Long-range projecting interneurons of cortex, striatum, and pallidum",Inh_Lhx6_Sst_Chodl,Inh_Lhx6_Sst_Chodl_Isocortex,Inh_Lhx6_Sst_Chodl_Isocortex
Inh_Lhx6_Sst_Chodl_2,neuron,PAL,GABA,"MC_4:Long-range projecting interneurons of cortex, striatum, and pallidum",Inh_Lhx6_Sst_Chodl,Inh_Lhx6_Sst_Chodl_PAL,Inh_Lhx6_Sst_Chodl_PAL
Inh_Lhx6_Lamp5_Hcrtr2,neuron,HPF,GABA,"MC_20:MGE PV interneurons, likely chandelier",Inh_Lhx6_Lamp5_Hcrtr2,Inh_Lhx6_Lamp5_Hcrtr2_HPF,Inh_Lhx6_Lamp5_Hcrtr2_HPF
Inh_Lhx6_Car8_1,neuron,HPF,GABA,"MC_20:MGE PV interneurons, likely chandelier",Inh_Lhx6_Car8,Inh_Lhx6_Car8_HPF,Inh_Lhx6_Car8_HPF
Inh_Lhx6_Car8_2,neuron,HPF,GABA,"MC_20:MGE PV interneurons, likely chandelier",Inh_Lhx6_Car8,Inh_Lhx6_Car8_HPF,Inh_Lhx6_Car8_HPF
Inh_Lhx6_Car8_3,neuron,Isocortex,GABA,"MC_20:MGE PV interneurons, likely chandelier",Inh_Lhx6_Car8,Inh_Lhx6_Car8_Isocortex,Inh_Lhx6_Car8_Isocortex
Inh_Lhx6_Car8_4,neuron,OLF,GABA,"MC_20:MGE PV interneurons, likely chandelier",Inh_Lhx6_Car8,Inh_Lhx6_Car8_OLF,Inh_Lhx6_Car8_OLF
Inh_Lhx6_Car8_5,neuron,Isocortex,GABA,"MC_20:MGE PV interneurons, likely chandelier",Inh_Lhx6_Car8,Inh_Lhx6_Car8_Isocortex,Inh_Lhx6_Car8_Isocortex
Inh_Lhx6_Car8_6,neuron,Isocortex,GABA,"MC_20:MGE PV interneurons, likely chandelier",Inh_Lhx6_Car8,Inh_Lhx6_Car8_Isocortex,Inh_Lhx6_Car8_Isocortex
Inh_Lhx6_Car8_7,neuron,Isocortex,GABA,"MC_20:MGE PV interneurons, likely chandelier",Inh_Lhx6_Car8,Inh_Lhx6_Car8_Isocortex,Inh_Lhx6_Car8_Isocortex
Inh_Lhx6_Car8_8,neuron,TH,GABA,"MC_20:MGE PV interneurons, likely chandelier",Inh_Lhx6_Car8,Inh_Lhx6_Car8_TH,Inh_Lhx6_Car8_TH
Inh_Lhx6_Vipr2,neuron,Isocortex,GABA,"MC_20:MGE PV interneurons, likely chandelier",Inh_Lhx6_Vipr2,Inh_Lhx6_Vipr2_Isocortex,Inh_Lhx6_Vipr2_Isocortex
Ex_Plekhg1_Fign_Tnnt1_1,neuron,TH,VGLUT1_VGLUT2,MC_219:Thalamic projection neurons,Ex_Plekhg1_Fign_Tnnt1,Ex_Plekhg1_Fign_Tnnt1_TH,Ex_Plekhg1_Fign_Tnnt1_TH
Ex_Plekhg1_Fign_Tnnt1_2,neuron,TH,VGLUT1_VGLUT2,MC_219:Thalamic projection neurons,Ex_Plekhg1_Fign_Tnnt1,Ex_Plekhg1_Fign_Tnnt1_TH,Ex_Plekhg1_Fign_Tnnt1_TH
Ex_Plekhg1_Fign_Ppp1r3a_1,neuron,TH,VGLUT1_VGLUT2,MC_219:Thalamic projection neurons,Ex_Plekhg1_Fign_Ppp1r3a,Ex_Plekhg1_Fign_Ppp1r3a_TH,Ex_Plekhg1_Fign_Ppp1r3a_TH
Ex_Plekhg1_Fign_Ppp1r3a_2,neuron,TH,VGLUT1_VGLUT2,MC_219:Thalamic projection neurons,Ex_Plekhg1_Fign_Ppp1r3a,Ex_Plekhg1_Fign_Ppp1r3a_TH,Ex_Plekhg1_Fign_Ppp1r3a_TH
Ex_Plekhg1_Fign_Ppp1r3a_3,neuron,TH,VGLUT1_VGLUT2,MC_219:Thalamic projection neurons,Ex_Plekhg1_Fign_Ppp1r3a,Ex_Plekhg1_Fign_Ppp1r3a_TH,Ex_Plekhg1_Fign_Ppp1r3a_TH
Ex_Plekhg1_Fign_Ppp1r3a_4,neuron,TH,VGLUT2,MC_219:Thalamic projection neurons,Ex_Plekhg1_Fign_Ppp1r3a,Ex_Plekhg1_Fign_Ppp1r3a_TH,Ex_Plekhg1_Fign_Ppp1r3a_TH
Ex_Plekhg1_Fign_Ppp1r3a_5,neuron,TH,VGLUT1_VGLUT2,MC_219:Thalamic projection neurons,Ex_Plekhg1_Fign_Ppp1r3a,Ex_Plekhg1_Fign_Ppp1r3a_TH,Ex_Plekhg1_Fign_Ppp1r3a_TH
Ex_Plekhg1_Fign_Ppp1r3a_6,neuron,TH,VGLUT1_VGLUT2,MC_219:Thalamic projection neurons,Ex_Plekhg1_Fign_Ppp1r3a,Ex_Plekhg1_Fign_Ppp1r3a_TH,Ex_Plekhg1_Fign_Ppp1r3a_TH
Ex_Plekhg1_Fign_C6,neuron,TH,VGLUT2,MC_219:Thalamic projection neurons,Ex_Plekhg1_Fign_C6,Ex_Plekhg1_Fign_C6_TH,Ex_Plekhg1_Fign_C6_TH
Ex_Plekhg1_Nox4_Kcp_1,neuron,TH,VGLUT2,MC_219:Thalamic projection neurons,Ex_Plekhg1_Nox4_Kcp,Ex_Plekhg1_Nox4_Kcp_TH,Ex_Plekhg1_Nox4_Kcp_TH
Ex_Plekhg1_Nox4_Kcp_2,neuron,TH,VGLUT2,MC_219:Thalamic projection neurons,Ex_Plekhg1_Nox4_Kcp,Ex_Plekhg1_Nox4_Kcp_TH,Ex_Plekhg1_Nox4_Kcp_TH
Ex_Plekhg1_Nox4_Kcp_3,neuron,TH,VGLUT2,MC_219:Thalamic projection neurons,Ex_Plekhg1_Nox4_Kcp,Ex_Plekhg1_Nox4_Kcp_TH,Ex_Plekhg1_Nox4_Kcp_TH
Ex_Plekhg1_Nox4_Lypd6b,neuron,TH,VGLUT2,MC_219:Thalamic projection neurons,Ex_Plekhg1_Nox4_Lypd6b,Ex_Plekhg1_Nox4_Lypd6b_TH,Ex_Plekhg1_Nox4_Lypd6b_TH
Ex_Plekhg1_Nox4_Ros1,neuron,TH,VGLUT2,MC_219:Thalamic projection neurons,Ex_Plekhg1_Nox4_Ros1,Ex_Plekhg1_Nox4_Ros1_TH,Ex_Plekhg1_Nox4_Ros1_TH
Ex_Tcf7l2_Lhx2_Ros1_1,neuron,TH,VGLUT2,MC_219:Thalamic projection neurons,Ex_Tcf7l2_Lhx2_Ros1,Ex_Tcf7l2_Lhx2_Ros1_TH,Ex_Tcf7l2_Lhx2_Ros1_TH
Ex_Tcf7l2_Lhx2_Ros1_2,neuron,TH,VGLUT2,MC_219:Thalamic projection neurons,Ex_Tcf7l2_Lhx2_Ros1,Ex_Tcf7l2_Lhx2_Ros1_TH,Ex_Tcf7l2_Lhx2_Ros1_TH
Ex_Tcf7l2_Lhx2_Calca,neuron,,VGLUT2,MC_219:Thalamic projection neurons,Ex_Tcf7l2_Lhx2_Calca,Ex_Tcf7l2_Lhx2_Calca,Ex_Tcf7l2_Lhx2_Calca
Ex_Plekhg1_Nox4_Bnc2,neuron,TH,VGLUT2,MC_219:Thalamic projection neurons,Ex_Plekhg1_Nox4_Bnc2,Ex_Plekhg1_Nox4_Bnc2_TH,Ex_Plekhg1_Nox4_Bnc2_TH
Ex_Plekhg1_Nox4_Ltbp1,neuron,TH,VGLUT2,MC_219:Thalamic projection neurons,Ex_Plekhg1_Nox4_Ltbp1,Ex_Plekhg1_Nox4_Ltbp1_TH,Ex_Plekhg1_Nox4_Ltbp1_TH
Ex_Tcf7l2_Nox4_Slc17a8,neuron,TH,VGLUT2_VGLUT3,MC_219:Thalamic projection neurons,Ex_Tcf7l2_Nox4_Slc17a8,Ex_Tcf7l2_Nox4_Slc17a8_TH,Ex_Tcf7l2_Nox4_Slc17a8_TH
Ex_Plekhg1_Nox4_Anxa13_1,neuron,TH,VGLUT2,MC_219:Thalamic projection neurons,Ex_Plekhg1_Nox4_Anxa13,Ex_Plekhg1_Nox4_Anxa13_TH,Ex_Plekhg1_Nox4_Anxa13_TH
Ex_Plekhg1_Nox4_Anxa13_2,neuron,TH,VGLUT2,MC_219:Thalamic projection neurons,Ex_Plekhg1_Nox4_Anxa13,Ex_Plekhg1_Nox4_Anxa13_TH,Ex_Plekhg1_Nox4_Anxa13_TH
Ex_Plekhg1_Tspear_C6_1,neuron,TH,VGLUT1_VGLUT2,MC_219:Thalamic projection neurons,Ex_Plekhg1_Tspear_C6,Ex_Plekhg1_Tspear_C6_TH,Ex_Plekhg1_Tspear_C6_TH
Ex_Plekhg1_Tspear_C6_2,neuron,TH,VGLUT1_VGLUT2,MC_219:Thalamic projection neurons,Ex_Plekhg1_Tspear_C6,Ex_Plekhg1_Tspear_C6_TH,Ex_Plekhg1_Tspear_C6_TH
Ex_Plekhg1_Tspear_C6_3,neuron,TH,VGLUT1_VGLUT2,MC_219:Thalamic projection neurons,Ex_Plekhg1_Tspear_C6,Ex_Plekhg1_Tspear_C6_TH,Ex_Plekhg1_Tspear_C6_TH
Ex_Plekhg1_Tspear_C6_4,neuron,TH,VGLUT1_VGLUT2,MC_219:Thalamic projection neurons,Ex_Plekhg1_Tspear_C6,Ex_Plekhg1_Tspear_C6_TH,Ex_Plekhg1_Tspear_C6_TH
Ex_Plekhg1_Epha1_Slc17a8_1,neuron,TH,VGLUT2,MC_219:Thalamic projection neurons,Ex_Plekhg1_Epha1_Slc17a8,Ex_Plekhg1_Epha1_Slc17a8_TH,Ex_Plekhg1_Epha1_Slc17a8_TH
Ex_Plekhg1_Epha1_Slc17a8_2,neuron,TH,VGLUT2_VGLUT3,MC_219:Thalamic projection neurons,Ex_Plekhg1_Epha1_Slc17a8,Ex_Plekhg1_Epha1_Slc17a8_TH,Ex_Plekhg1_Epha1_Slc17a8_TH
Ex_Plekhg1_Epha1_Slc17a8_3,neuron,TH,VGLUT2,MC_219:Thalamic projection neurons,Ex_Plekhg1_Epha1_Slc17a8,Ex_Plekhg1_Epha1_Slc17a8_TH,Ex_Plekhg1_Epha1_Slc17a8_TH
Ex_Plekhg1_Epha1_Cd44_1,neuron,TH,VGLUT2,MC_219:Thalamic projection neurons,Ex_Plekhg1_Epha1_Cd44,Ex_Plekhg1_Epha1_Cd44_TH,Ex_Plekhg1_Epha1_Cd44_TH
Ex_Plekhg1_Epha1_Cd44_2,neuron,TH,VGLUT2,MC_219:Thalamic projection neurons,Ex_Plekhg1_Epha1_Cd44,Ex_Plekhg1_Epha1_Cd44_TH,Ex_Plekhg1_Epha1_Cd44_TH
Ex_Plekhg1_Epha1_Smoc2_1,neuron,TH,VGLUT2,MC_219:Thalamic projection neurons,Ex_Plekhg1_Epha1_Smoc2,Ex_Plekhg1_Epha1_Smoc2_TH,Ex_Plekhg1_Epha1_Smoc2_TH
Ex_Plekhg1_Epha1_Smoc2_2,neuron,TH,VGLUT2,MC_219:Thalamic projection neurons,Ex_Plekhg1_Epha1_Smoc2,Ex_Plekhg1_Epha1_Smoc2_TH,Ex_Plekhg1_Epha1_Smoc2_TH
Ex_Plekhg1_Pth2r_Rxfp1_1,neuron,TH,VGLUT2,MC_219:Thalamic projection neurons,Ex_Plekhg1_Pth2r_Rxfp1,Ex_Plekhg1_Pth2r_Rxfp1_TH,Ex_Plekhg1_Pth2r_Rxfp1_TH
Ex_Plekhg1_Pth2r_Rxfp1_2,neuron,TH,VGLUT1_VGLUT2,MC_219:Thalamic projection neurons,Ex_Plekhg1_Pth2r_Rxfp1,Ex_Plekhg1_Pth2r_Rxfp1_TH,Ex_Plekhg1_Pth2r_Rxfp1_TH
Ex_Plekhg1_Pth2r_Dio2_1,neuron,TH,VGLUT1_VGLUT2,MC_219:Thalamic projection neurons,Ex_Plekhg1_Pth2r_Dio2,Ex_Plekhg1_Pth2r_Dio2_TH,Ex_Plekhg1_Pth2r_Dio2_TH
Ex_Plekhg1_Pth2r_Frem3_1,neuron,TH,VGLUT2,MC_219:Thalamic projection neurons,Ex_Plekhg1_Pth2r_Frem3,Ex_Plekhg1_Pth2r_Frem3_TH,Ex_Plekhg1_Pth2r_Frem3_TH
Ex_Plekhg1_Pth2r_Frem3_2,neuron,TH,VGLUT2,MC_219:Thalamic projection neurons,Ex_Plekhg1_Pth2r_Frem3,Ex_Plekhg1_Pth2r_Frem3_TH,Ex_Plekhg1_Pth2r_Frem3_TH
Ex_Plekhg1_Pth2r_Frem3_3,neuron,TH,VGLUT2,MC_219:Thalamic projection neurons,Ex_Plekhg1_Pth2r_Frem3,Ex_Plekhg1_Pth2r_Frem3_TH,Ex_Plekhg1_Pth2r_Frem3_TH
Ex_Plekhg1_Pth2r_Frem3_4,neuron,TH,VGLUT2,MC_219:Thalamic projection neurons,Ex_Plekhg1_Pth2r_Frem3,Ex_Plekhg1_Pth2r_Frem3_TH,Ex_Plekhg1_Pth2r_Frem3_TH
Ex_Plekhg1_Pth2r_Slc17a8,neuron,TH,VGLUT2_VGLUT3,MC_219:Thalamic projection neurons,Ex_Plekhg1_Pth2r_Slc17a8,Ex_Plekhg1_Pth2r_Slc17a8_TH,Ex_Plekhg1_Pth2r_Slc17a8_TH
Ex_Tcf7l2_Fbln1_St14,neuron,TH,VGLUT2,MC_219:Thalamic projection neurons,Ex_Tcf7l2_Fbln1_St14,Ex_Tcf7l2_Fbln1_St14_TH,Ex_Tcf7l2_Fbln1_St14_TH
Ex_Tcf7l2_Fbln1_Mtnr1a,neuron,TH,VGLUT2,MC_219:Thalamic projection neurons,Ex_Tcf7l2_Fbln1_Mtnr1a,Ex_Tcf7l2_Fbln1_Mtnr1a_TH,Ex_Tcf7l2_Fbln1_Mtnr1a_TH
Ex_Tcf7l2_Fbln1_Tead4_1,neuron,TH,VGLUT2,MC_219:Thalamic projection neurons,Ex_Tcf7l2_Fbln1_Tead4,Ex_Tcf7l2_Fbln1_Tead4_TH,Ex_Tcf7l2_Fbln1_Tead4_TH
Ex_Tcf7l2_Fbln1_Tead4_2,neuron,TH,VGLUT2,MC_219:Thalamic projection neurons,Ex_Tcf7l2_Fbln1_Tead4,Ex_Tcf7l2_Fbln1_Tead4_TH,Ex_Tcf7l2_Fbln1_Tead4_TH
Ex_Tcf7l2_Fbln1_Slc38a11_1,neuron,TH,VGLUT2,MC_219:Thalamic projection neurons,Ex_Tcf7l2_Fbln1_Slc38a11,Ex_Tcf7l2_Fbln1_Slc38a11_TH,Ex_Tcf7l2_Fbln1_Slc38a11_TH
Ex_Tcf7l2_Fbln1_Slc38a11_2,neuron,TH,VGLUT2,MC_219:Thalamic projection neurons,Ex_Tcf7l2_Fbln1_Slc38a11,Ex_Tcf7l2_Fbln1_Slc38a11_TH,Ex_Tcf7l2_Fbln1_Slc38a11_TH
Ex_Tcf7l2_Fbln1_Slc38a11_3,neuron,TH,VGLUT2,MC_219:Thalamic projection neurons,Ex_Tcf7l2_Fbln1_Slc38a11,Ex_Tcf7l2_Fbln1_Slc38a11_TH,Ex_Tcf7l2_Fbln1_Slc38a11_TH
Ex_Tcf7l2_Fbln1_Slc38a11_4,neuron,TH,VGLUT2,MC_219:Thalamic projection neurons,Ex_Tcf7l2_Fbln1_Slc38a11,Ex_Tcf7l2_Fbln1_Slc38a11_TH,Ex_Tcf7l2_Fbln1_Slc38a11_TH
Ex_Tcf7l2_Adamtsl3_Slc38a11_1,neuron,TH,VGLUT2,MC_219:Thalamic projection neurons,Ex_Tcf7l2_Adamtsl3_Slc38a11,Ex_Tcf7l2_Adamtsl3_Slc38a11_TH,Ex_Tcf7l2_Adamtsl3_Slc38a11_TH
Ex_Tcf7l2_Adamtsl3_Slc38a11_2,neuron,TH,VGLUT2,MC_219:Thalamic projection neurons,Ex_Tcf7l2_Adamtsl3_Slc38a11,Ex_Tcf7l2_Adamtsl3_Slc38a11_TH,Ex_Tcf7l2_Adamtsl3_Slc38a11_TH
Ex_Tcf7l2_Fbln1_Nid2,neuron,TH,VGLUT2,MC_219:Thalamic projection neurons,Ex_Tcf7l2_Fbln1_Nid2,Ex_Tcf7l2_Fbln1_Nid2_TH,Ex_Tcf7l2_Fbln1_Nid2_TH
Ex_Plekhg1_Adamtsl3_Slc17a8_1,neuron,TH,VGLUT2_VGLUT3,MC_219:Thalamic projection neurons,Ex_Plekhg1_Adamtsl3_Slc17a8,Ex_Plekhg1_Adamtsl3_Slc17a8_TH,Ex_Plekhg1_Adamtsl3_Slc17a8_TH
Ex_Plekhg1_Adamtsl3_Slc17a8_2,neuron,TH,VGLUT2,MC_219:Thalamic projection neurons,Ex_Plekhg1_Adamtsl3_Slc17a8,Ex_Plekhg1_Adamtsl3_Slc17a8_TH,Ex_Plekhg1_Adamtsl3_Slc17a8_TH
Ex_Plekhg1_Col27a1_Egflam_1,neuron,TH,VGLUT2,MC_219:Thalamic projection neurons,Ex_Plekhg1_Col27a1_Egflam,Ex_Plekhg1_Col27a1_Egflam_TH,Ex_Plekhg1_Col27a1_Egflam_TH
Ex_Plekhg1_Col27a1_Egflam_2,neuron,TH,VGLUT2,MC_219:Thalamic projection neurons,Ex_Plekhg1_Col27a1_Egflam,Ex_Plekhg1_Col27a1_Egflam_TH,Ex_Plekhg1_Col27a1_Egflam_TH
Ex_Plekhg1_Col27a1_Egflam_3,neuron,TH,VGLUT2,MC_219:Thalamic projection neurons,Ex_Plekhg1_Col27a1_Egflam,Ex_Plekhg1_Col27a1_Egflam_TH,Ex_Plekhg1_Col27a1_Egflam_TH
Ex_Plekhg1_Col27a1_Calca,neuron,TH,VGLUT2,MC_219:Thalamic projection neurons,Ex_Plekhg1_Col27a1_Calca,Ex_Plekhg1_Col27a1_Calca_TH,Ex_Plekhg1_Col27a1_Calca_TH
Ex_Plekhg1_Col27a1_Npsr1_1,neuron,TH,VGLUT2,MC_219:Thalamic projection neurons,Ex_Plekhg1_Col27a1_Npsr1,Ex_Plekhg1_Col27a1_Npsr1_TH,Ex_Plekhg1_Col27a1_Npsr1_TH
Ex_Plekhg1_Col27a1_Npsr1_2,neuron,TH,VGLUT2,MC_219:Thalamic projection neurons,Ex_Plekhg1_Col27a1_Npsr1,Ex_Plekhg1_Col27a1_Npsr1_TH,Ex_Plekhg1_Col27a1_Npsr1_TH
Ex_Plekhg1_Col27a1_Npsr1_3,neuron,TH,VGLUT2,MC_219:Thalamic projection neurons,Ex_Plekhg1_Col27a1_Npsr1,Ex_Plekhg1_Col27a1_Npsr1_TH,Ex_Plekhg1_Col27a1_Npsr1_TH
Ex_Plekhg1_Col27a1_C1ql2_1,neuron,TH,VGLUT1_VGLUT2,MC_219:Thalamic projection neurons,Ex_Plekhg1_Col27a1_C1ql2,Ex_Plekhg1_Col27a1_C1ql2_TH,Ex_Plekhg1_Col27a1_C1ql2_TH
Ex_Plekhg1_Col27a1_C1ql2_2,neuron,TH,VGLUT1_VGLUT2,MC_219:Thalamic projection neurons,Ex_Plekhg1_Col27a1_C1ql2,Ex_Plekhg1_Col27a1_C1ql2_TH,Ex_Plekhg1_Col27a1_C1ql2_TH
Ex_Plekhg1_Col27a1_C1ql2_3,neuron,TH,VGLUT1_VGLUT2,MC_219:Thalamic projection neurons,Ex_Plekhg1_Col27a1_C1ql2,Ex_Plekhg1_Col27a1_C1ql2_TH,Ex_Plekhg1_Col27a1_C1ql2_TH
Ex_Sln_Sost_1,neuron,PAL,VGLUT1_VGLUT2,MC_72:Triangular septal nucleus neurons,Ex_Sln_Sost,Ex_Sln_Sost_PAL,Ex_Sln_Sost_PAL
Ex_Sln_Sost_2,neuron,STR,VGLUT2,MC_72:Triangular septal nucleus neurons,Ex_Sln_Sost,Ex_Sln_Sost_STR,Ex_Sln_Sost_STR
Ex_Sln_Pde1a,neuron,PAL,VGLUT2,MC_72:Triangular septal nucleus neurons,Ex_Sln_Pde1a,Ex_Sln_Pde1a_PAL,Ex_Sln_Pde1a_PAL
Ex_Sln_A730046J19Rik,neuron,PAL,VGLUT2,MC_72:Triangular septal nucleus neurons,Ex_Sln_A730046J19Rik,Ex_Sln_A730046J19Rik_PAL,Ex_Sln_A730046J19Rik_PAL
Ex_Sln_Niban1,neuron,PAL,VGLUT2,MC_72:Triangular septal nucleus neurons,Ex_Sln_Niban1,Ex_Sln_Niban1_PAL,Ex_Sln_Niban1_PAL
Ex_Ebf2_Iigp1_1,neuron,PAL,VGLUT2,MC_72:Triangular septal nucleus neurons,Ex_Ebf2_Iigp1,Ex_Ebf2_Iigp1_PAL,Ex_Ebf2_Iigp1_PAL
Ex_Ebf2_Iigp1_2,neuron,TH,VGLUT2,MC_72:Triangular septal nucleus neurons,Ex_Ebf2_Iigp1,Ex_Ebf2_Iigp1_TH,Ex_Ebf2_Iigp1_TH
Ex_Ebf2_Niban1_1,neuron,PAL,VGLUT2,MC_72:Triangular septal nucleus neurons,Ex_Ebf2_Niban1,Ex_Ebf2_Niban1_PAL,Ex_Ebf2_Niban1_PAL
Ex_Ebf2_Niban1_2,neuron,PAL,VGLUT2,MC_72:Triangular septal nucleus neurons,Ex_Ebf2_Niban1,Ex_Ebf2_Niban1_PAL,Ex_Ebf2_Niban1_PAL
CholEx_Irx2_Gm5741,neuron,TH,VGLUT1_VGLUT2_CHOL,MC_218:Habenular cholinergic and excitatory neurons,CholEx_Irx2_Gm5741,CholEx_Irx2_Gm5741_TH,CholEx_Irx2_Gm5741_TH
CholEx_Irx2_Slc43a3_1,neuron,TH,VGLUT1_VGLUT2_CHOL,MC_218:Habenular cholinergic and excitatory neurons,CholEx_Irx2_Slc43a3,CholEx_Irx2_Slc43a3_TH,CholEx_Irx2_Slc43a3_TH
CholEx_Irx2_Slc43a3_2,neuron,TH,VGLUT1_VGLUT2_CHOL,MC_218:Habenular cholinergic and excitatory neurons,CholEx_Irx2_Slc43a3,CholEx_Irx2_Slc43a3_TH,CholEx_Irx2_Slc43a3_TH
CholEx_Irx2_Slc43a3_3,neuron,TH,VGLUT1_VGLUT2_CHOL,MC_218:Habenular cholinergic and excitatory neurons,CholEx_Irx2_Slc43a3,CholEx_Irx2_Slc43a3_TH,CholEx_Irx2_Slc43a3_TH
CholEx_Irx2_Slc43a3_4,neuron,TH,VGLUT1_VGLUT2_CHOL,MC_219:Thalamic projection neurons,CholEx_Irx2_Slc43a3,CholEx_Irx2_Slc43a3_TH,CholEx_Irx2_Slc43a3_TH
Ex_Irx2_Slc43a3_1,neuron,TH,VGLUT2,MC_219:Thalamic projection neurons,Ex_Irx2_Slc43a3,Ex_Irx2_Slc43a3_TH,Ex_Irx2_Slc43a3_TH
Ex_Irx2_Kcng4_Slc43a3,neuron,TH,VGLUT1_VGLUT2,MC_219:Thalamic projection neurons,Ex_Irx2_Kcng4_Slc43a3,Ex_Irx2_Kcng4_Slc43a3_TH,Ex_Irx2_Kcng4_Slc43a3_TH
Ex_Pou4f1_Htr5b_1,neuron,MY,VGLUT2,MC_221:Inferior olivary excitatory neurons,Ex_Pou4f1_Htr5b,Ex_Pou4f1_Htr5b_MY,Ex_Pou4f1_Htr5b_MY
Ex_Pou4f1_Htr5b_2,neuron,MY,VGLUT2,MC_221:Inferior olivary excitatory neurons,Ex_Pou4f1_Htr5b,Ex_Pou4f1_Htr5b_MY,Ex_Pou4f1_Htr5b_MY
Ex_Pou4f1_Htr5b_3,neuron,MY,VGLUT2,MC_221:Inferior olivary excitatory neurons,Ex_Pou4f1_Htr5b,Ex_Pou4f1_Htr5b_MY,Ex_Pou4f1_Htr5b_MY
Ex_Pou4f1_Htr5b_4,neuron,MY,VGLUT2,MC_221:Inferior olivary excitatory neurons,Ex_Pou4f1_Htr5b,Ex_Pou4f1_Htr5b_MY,Ex_Pou4f1_Htr5b_MY
Ex_Pou4f1_Htr5b_5,neuron,MY,VGLUT2,MC_221:Inferior olivary excitatory neurons,Ex_Pou4f1_Htr5b,Ex_Pou4f1_Htr5b_MY,Ex_Pou4f1_Htr5b_MY
Ex_Pou4f1_Htr5b_6,neuron,MY,VGLUT2_VGLUT3,MC_221:Inferior olivary excitatory neurons,Ex_Pou4f1_Htr5b,Ex_Pou4f1_Htr5b_MY,Ex_Pou4f1_Htr5b_MY
Ex_Pou4f1_Htr5b_7,neuron,MY,VGLUT2,MC_221:Inferior olivary excitatory neurons,Ex_Pou4f1_Htr5b,Ex_Pou4f1_Htr5b_MY,Ex_Pou4f1_Htr5b_MY
Ex_Pou4f1_Htr5b_8,neuron,MY,VGLUT2,MC_221:Inferior olivary excitatory neurons,Ex_Pou4f1_Htr5b,Ex_Pou4f1_Htr5b_MY,Ex_Pou4f1_Htr5b_MY
Ex_Pou4f1_Htr5b_9,neuron,MY,VGLUT2,MC_221:Inferior olivary excitatory neurons,Ex_Pou4f1_Htr5b,Ex_Pou4f1_Htr5b_MY,Ex_Pou4f1_Htr5b_MY
Ex_Pou4f1_Htr5b_10,neuron,MY,VGLUT2,MC_221:Inferior olivary excitatory neurons,Ex_Pou4f1_Htr5b_10,Ex_Pou4f1_Htr5b_10_MY,Ex_Pou4f1_Htr5b_10_MY
Ex_Pou4f1_Htr5b_11,neuron,MY,VGLUT2,MC_221:Inferior olivary excitatory neurons,Ex_Pou4f1_Htr5b_11,Ex_Pou4f1_Htr5b_11_MY,Ex_Pou4f1_Htr5b_11_MY
Ex_Pou4f1_Htr5b_12,neuron,MY,VGLUT2,MC_221:Inferior olivary excitatory neurons,Ex_Pou4f1_Htr5b_12,Ex_Pou4f1_Htr5b_12_MY,Ex_Pou4f1_Htr5b_12_MY
Ex_Pou4f1_Htr5b_13,neuron,MY,VGLUT2,MC_221:Inferior olivary excitatory neurons,Ex_Pou4f1_Htr5b_13,Ex_Pou4f1_Htr5b_13_MY,Ex_Pou4f1_Htr5b_13_MY
Ex_Pou4f1_Htr5b_14,neuron,MY,VGLUT2,MC_221:Inferior olivary excitatory neurons,Ex_Pou4f1_Htr5b_14,Ex_Pou4f1_Htr5b_14_MY,Ex_Pou4f1_Htr5b_14_MY
Ng_Lhx1_Mab21l3_1,NG,HPF,none,MC_179:Immature olfactory bulb neurons,Ng_Lhx1_Mab21l3,Ng_Lhx1_Mab21l3_HPF,Ng_Lhx1_Mab21l3_HPF
Ng_Lhx1_Mab21l3_2,NG,HPF,none,MC_179:Immature olfactory bulb neurons,Ng_Lhx1_Mab21l3,Ng_Lhx1_Mab21l3_HPF,Ng_Lhx1_Mab21l3_HPF
Ng_Lhx1_Trp73,NG,Isocortex,none,MC_179:Immature olfactory bulb neurons,Ng_Lhx1_Trp73,Ng_Lhx1_Trp73_Isocortex,Ng_Lhx1_Trp73_Isocortex
Ng_Lhx1_Gcgr,NG,,none,MC_179:Immature olfactory bulb neurons,Ng_Lhx1_Gcgr,Ng_Lhx1_Gcgr,Ng_Lhx1_Gcgr
Ex_Lhx1_Edn1,neuron,OLF,VGLUT1_VGLUT2,MC_179:Immature olfactory bulb neurons,Ex_Lhx1_Edn1,Ex_Lhx1_Edn1_OLF,Ex_Lhx1_Edn1_OLF
Chol_Tbx20_A4galt_1,neuron,MY,CHOL,MC_73:Cholinergic neurons of cranial nuclei,Chol_Tbx20_A4galt,Chol_Tbx20_A4galt_MY,Chol_Tbx20_A4galt_MY
Chol_Tbx20_A4galt_2,neuron,P,CHOL,MC_73:Cholinergic neurons of cranial nuclei,Chol_Tbx20_A4galt,Chol_Tbx20_A4galt_P,Chol_Tbx20_A4galt_P
Chol_Tbx20_Gm7694_1,neuron,MY,VGLUT2_CHOL,MC_73:Cholinergic neurons of cranial nuclei,Chol_Tbx20_Gm7694,Chol_Tbx20_Gm7694_MY,Chol_Tbx20_Gm7694_MY
Chol_Isl2_Mnx1_1,neuron,MY,CHOL,MC_73:Cholinergic neurons of cranial nuclei,Chol_Isl2_Mnx1,Chol_Isl2_Mnx1_MY,Chol_Isl2_Mnx1_MY
Chol_Isl2_Mnx1_2,neuron,MY,CHOL,MC_73:Cholinergic neurons of cranial nuclei,Chol_Isl2_Mnx1,Chol_Isl2_Mnx1_MY,Chol_Isl2_Mnx1_MY
Chol_Tbx20_Ucn,neuron,MY,CHOL,MC_73:Cholinergic neurons of cranial nuclei,Chol_Tbx20_Ucn,Chol_Tbx20_Ucn_MY,Chol_Tbx20_Ucn_MY
Chol_Tbx20_Gm7694_2,neuron,MY,VGLUT2_CHOL,MC_73:Cholinergic neurons of cranial nuclei,Chol_Tbx20_Gm7694,Chol_Tbx20_Gm7694_MY,Chol_Tbx20_Gm7694_MY
Chol_Tbx20_Edn3,neuron,MY,CHOL,MC_73:Cholinergic neurons of cranial nuclei,Chol_Tbx20_Edn3,Chol_Tbx20_Edn3_MY,Chol_Tbx20_Edn3_MY
Chol_Tbx20_Car3,neuron,MY,CHOL,MC_73:Cholinergic neurons of cranial nuclei,Chol_Tbx20_Car3,Chol_Tbx20_Car3_MY,Chol_Tbx20_Car3_MY
Chol_Tbx20_Apol6,neuron,MY,CHOL,MC_73:Cholinergic neurons of cranial nuclei,Chol_Tbx20_Apol6,Chol_Tbx20_Apol6_MY,Chol_Tbx20_Apol6_MY
Chol_Tbx20_Casp12,neuron,MY,VGLUT2_CHOL,MC_73:Cholinergic neurons of cranial nuclei,Chol_Tbx20_Casp12,Chol_Tbx20_Casp12_MY,Chol_Tbx20_Casp12_MY
Chol_Isl2_Gata6_1,neuron,MY,CHOL,MC_73:Cholinergic neurons of cranial nuclei,Chol_Isl2_Gata6,Chol_Isl2_Gata6_MY,Chol_Isl2_Gata6_MY
Chol_Isl2_Gata6_2,neuron,MY,CHOL,MC_73:Cholinergic neurons of cranial nuclei,Chol_Isl2_Gata6,Chol_Isl2_Gata6_MY,Chol_Isl2_Gata6_MY
Chol_Isl2_1700017N19Rik_1,neuron,MY,CHOL,MC_73:Cholinergic neurons of cranial nuclei,Chol_Isl2_1700017N19Rik,Chol_Isl2_1700017N19Rik_MY,Chol_Isl2_1700017N19Rik_MY
Chol_Isl2_1700017N19Rik_2,neuron,MY,CHOL,MC_73:Cholinergic neurons of cranial nuclei,Chol_Isl2_1700017N19Rik,Chol_Isl2_1700017N19Rik_MY,Chol_Isl2_1700017N19Rik_MY
Chol_Isl2_Gata6_3,neuron,MY,CHOL,MC_73:Cholinergic neurons of cranial nuclei,Chol_Isl2_Gata6,Chol_Isl2_Gata6_MY,Chol_Isl2_Gata6_MY
Chol_Isl2_Gata6_4,neuron,MY,VGLUT2_CHOL,MC_73:Cholinergic neurons of cranial nuclei,Chol_Isl2_Gata6,Chol_Isl2_Gata6_MY,Chol_Isl2_Gata6_MY
Chol_Isl2_Il22ra1_1,neuron,MY,CHOL,MC_73:Cholinergic neurons of cranial nuclei,Chol_Isl2_Il22ra1,Chol_Isl2_Il22ra1_MY,Chol_Isl2_Il22ra1_MY
Chol_Isl2_Il22ra1_2,neuron,MY,CHOL,MC_73:Cholinergic neurons of cranial nuclei,Chol_Isl2_Il22ra1,Chol_Isl2_Il22ra1_MY,Chol_Isl2_Il22ra1_MY
Chol_Isl2_Il22ra1_3,neuron,MY,CHOL,MC_73:Cholinergic neurons of cranial nuclei,Chol_Isl2_Il22ra1,Chol_Isl2_Il22ra1_MY,Chol_Isl2_Il22ra1_MY
Chol_Isl2_Cpb1,neuron,MY,CHOL,MC_73:Cholinergic neurons of cranial nuclei,Chol_Isl2_Cpb1,Chol_Isl2_Cpb1_MY,Chol_Isl2_Cpb1_MY
Chol_Tbx20_Plau,neuron,MY,CHOL,MC_73:Cholinergic neurons of cranial nuclei,Chol_Tbx20_Plau,Chol_Tbx20_Plau_MY,Chol_Tbx20_Plau_MY
Chol_Lhx4_Lrrc52,neuron,MB,CHOL,MC_73:Cholinergic neurons of cranial nuclei,Chol_Lhx4_Lrrc52,Chol_Lhx4_Lrrc52_MB,Chol_Lhx4_Lrrc52_MB
Ex_Slc30a3_Otof,neuron,Isocortex,VGLUT1,MC_39:Upper layer isocortical neurons,Ex_Slc30a3_Otof,Ex_Slc30a3_Otof_Isocortex,Ex_Slc30a3_Otof_Isocortex
Ex_Rorb_Adam33,neuron,Isocortex,VGLUT1,MC_39:Upper layer isocortical neurons,Ex_Rorb_Adam33,Ex_Rorb_Adam33_Isocortex,Ex_Rorb_Adam33_Isocortex
Ex_Rorb_Tnnc1,neuron,Isocortex,VGLUT1,MC_39:Upper layer isocortical neurons,Ex_Rorb_Tnnc1,Ex_Rorb_Tnnc1_Isocortex,Ex_Rorb_Tnnc1_Isocortex
Ex_Rorb_Naaa11_Aldh1l1,neuron,Isocortex,VGLUT1,MC_39:Upper layer isocortical neurons,Ex_Rorb_Naaa11_Aldh1l1,Ex_Rorb_Naaa11_Aldh1l1_Isocortex,Ex_Rorb_Naaa11_Aldh1l1_Isocortex
Ex_Rorb_Naa11_Gsg1l,neuron,Isocortex,VGLUT1,MC_39:Upper layer isocortical neurons,Ex_Rorb_Naa11_Gsg1l,Ex_Rorb_Naa11_Gsg1l_Isocortex,Ex_Rorb_Naa11_Gsg1l_Isocortex
Ex_Rorb_Col8a1_Scn7a,neuron,Isocortex,VGLUT1,MC_39:Upper layer isocortical neurons,Ex_Rorb_Col8a1_Scn7a,Ex_Rorb_Col8a1_Scn7a_Isocortex,Ex_Rorb_Col8a1_Scn7a_Isocortex
Ex_Rorb_Col8a1,neuron,Isocortex,VGLUT1,MC_39:Upper layer isocortical neurons,Ex_Rorb_Col8a1,Ex_Rorb_Col8a1_Isocortex,Ex_Rorb_Col8a1_Isocortex
Ex_Rorb_Col8a1_Cntnap4,neuron,Isocortex,VGLUT1,MC_39:Upper layer isocortical neurons,Ex_Rorb_Col8a1_Cntnap4,Ex_Rorb_Col8a1_Cntnap4_Isocortex,Ex_Rorb_Col8a1_Cntnap4_Isocortex
Ex_Rspo1_Fos,neuron,Isocortex,VGLUT1,MC_39:Upper layer isocortical neurons,Ex_Rspo1_Fos,Ex_Rspo1_Fos_Isocortex,Ex_Rspo1_Fos_Isocortex
Ex_Rorb_Endou_1,neuron,Isocortex,VGLUT1,MC_39:Upper layer isocortical neurons,Ex_Rorb_Endou,Ex_Rorb_Endou_Isocortex,Ex_Rorb_Endou_Isocortex
Ex_Rorb_Endou_2,neuron,Isocortex,VGLUT1_VGLUT2,MC_39:Upper layer isocortical neurons,Ex_Rorb_Endou,Ex_Rorb_Endou_Isocortex,Ex_Rorb_Endou_Isocortex
Ex_Rorb_Fibcd1_Syt6,neuron,Isocortex,VGLUT1,MC_47:Cortical upper layer excitatory neurons,Ex_Rorb_Fibcd1_Syt6,Ex_Rorb_Fibcd1_Syt6_Isocortex,Ex_Rorb_Fibcd1_Syt6_Isocortex
Ex_Rorb_Fibcd1_Syt6_Lrmp,neuron,Isocortex,VGLUT1,MC_47:Cortical upper layer excitatory neurons,Ex_Rorb_Fibcd1_Syt6_Lrmp,Ex_Rorb_Fibcd1_Syt6_Lrmp_Isocortex,Ex_Rorb_Fibcd1_Syt6_Lrmp_Isocortex
Ex_Slc30a3_Col6a1,neuron,Isocortex,VGLUT1,MC_41:Layer 6 cortical neurons,Ex_Slc30a3_Col6a1,Ex_Slc30a3_Col6a1_Isocortex,Ex_Slc30a3_Col6a1_Isocortex_L6
Ex_Rorb_Esr2_1,neuron,Isocortex,VGLUT1,MC_41:Layer 6 cortical neurons,Ex_Rorb_Esr2,Ex_Rorb_Esr2_Isocortex,Ex_Rorb_Esr2_Isocortex_L6
Ex_Rorb_Esr2_2,neuron,Isocortex,VGLUT1,MC_41:Layer 6 cortical neurons,Ex_Rorb_Esr2,Ex_Rorb_Esr2_Isocortex,Ex_Rorb_Esr2_Isocortex_L6
Ex_Slc30a3_Smpdl3b,neuron,Isocortex,VGLUT1,MC_41:Layer 6 cortical neurons,Ex_Slc30a3_Smpdl3b,Ex_Slc30a3_Smpdl3b_Isocortex,Ex_Slc30a3_Smpdl3b_Isocortex_L6
Ex_Dcn_Grik3,neuron,Isocortex,VGLUT1,MC_41:Layer 6 cortical neurons,Ex_Dcn_Grik3,Ex_Dcn_Grik3_Isocortex,Ex_Dcn_Grik3_Isocortex_L6
Ex_Rorb_Ovol2,neuron,Isocortex,VGLUT1,MC_41:Layer 6 cortical neurons,Ex_Rorb_Ovol2,Ex_Rorb_Ovol2_Isocortex,Ex_Rorb_Ovol2_Isocortex_L6
Ex_Fezf2_Spaar,neuron,Isocortex,VGLUT1,MC_41:Layer 6 cortical neurons,Ex_Fezf2_Spaar,Ex_Fezf2_Spaar_Isocortex,Ex_Fezf2_Spaar_Isocortex_L6
Ex_Slc30a3_Tnfaip6_Fos,neuron,Isocortex,VGLUT1,MC_41:Layer 6 cortical neurons,Ex_Slc30a3_Tnfaip6_Fos,Ex_Slc30a3_Tnfaip6_Fos_Isocortex,Ex_Slc30a3_Tnfaip6_Fos_Isocortex_L6
Ex_Slc30a3_Sulf1_Aprk1,neuron,Isocortex,VGLUT1,MC_41:Layer 6 cortical neurons,Ex_Slc30a3_Sulf1_Aprk1,Ex_Slc30a3_Sulf1_Aprk1_Isocortex,Ex_Slc30a3_Sulf1_Aprk1_Isocortex_L6
Ex_Rorb_Dnah14,neuron,Isocortex,VGLUT1,MC_41:Layer 6 cortical neurons,Ex_Rorb_Dnah14,Ex_Rorb_Dnah14_Isocortex,Ex_Rorb_Dnah14_Isocortex_L6
Ex_Rorb_Rxfp2,neuron,Isocortex,VGLUT1,MC_39:Upper layer isocortical neurons,Ex_Rorb_Rxfp2,Ex_Rorb_Rxfp2_Isocortex,Ex_Rorb_Rxfp2_Isocortex
Ex_Foxp2_Spsb1,neuron,Isocortex,VGLUT1,MC_39:Upper layer isocortical neurons,Ex_Foxp2_Spsb1,Ex_Foxp2_Spsb1_Isocortex,Ex_Foxp2_Spsb1_Isocortex
Ex_Foxp2_Myzap,neuron,Isocortex,VGLUT1_VGLUT2,MC_39:Upper layer isocortical neurons,Ex_Foxp2_Myzap,Ex_Foxp2_Myzap_Isocortex,Ex_Foxp2_Myzap_Isocortex
Ex_Fezf2_Rgs16,neuron,Isocortex,VGLUT1_VGLUT2,MC_39:Upper layer isocortical neurons,Ex_Fezf2_Rgs16,Ex_Fezf2_Rgs16_Isocortex,Ex_Fezf2_Rgs16_Isocortex
Ex_Slc30a3_P2rx6,neuron,Isocortex,VGLUT1_VGLUT2,MC_39:Upper layer isocortical neurons,Ex_Slc30a3_P2rx6,Ex_Slc30a3_P2rx6_Isocortex,Ex_Slc30a3_P2rx6_Isocortex
Ex_Oprk1_Col11a1,neuron,Isocortex,VGLUT1,MC_40:Claustrum neurons,Ex_Oprk1_Col11a1,Ex_Oprk1_Col11a1_Isocortex,Ex_Oprk1_Col11a1_Isocortex
Ex_Fezf2_Il22,neuron,Isocortex,VGLUT1,MC_36:Cortical neurons,Ex_Fezf2_Il22,Ex_Fezf2_Il22_Isocortex,Ex_Fezf2_Il22_Isocortex
Ex_Fezf2_Klhl1,neuron,Isocortex,VGLUT1,MC_36:Cortical neurons,Ex_Fezf2_Klhl1,Ex_Fezf2_Klhl1_Isocortex,Ex_Fezf2_Klhl1_Isocortex
Ex_Fezf2_C1ql2,neuron,Isocortex,VGLUT1,MC_36:Cortical neurons,Ex_Fezf2_C1ql2,Ex_Fezf2_C1ql2_Isocortex,Ex_Fezf2_C1ql2_Isocortex
Ex_Fezf2_Chrna6,neuron,Isocortex,VGLUT1,MC_36:Cortical neurons,Ex_Fezf2_Chrna6,Ex_Fezf2_Chrna6_Isocortex,Ex_Fezf2_Chrna6_Isocortex
Ex_Fezf2_Egflam_Syt2,neuron,Isocortex,VGLUT1,MC_36:Cortical neurons,Ex_Fezf2_Egflam_Syt2,Ex_Fezf2_Egflam_Syt2_Isocortex,Ex_Fezf2_Egflam_Syt2_Isocortex
Ex_Fezf2_Egflam_Adamts10,neuron,Isocortex,VGLUT1,MC_36:Cortical neurons,Ex_Fezf2_Egflam_Adamts10,Ex_Fezf2_Egflam_Adamts10_Isocortex,Ex_Fezf2_Egflam_Adamts10_Isocortex
Ex_Fezf2_Lipm,neuron,Isocortex,VGLUT1_VGLUT2,MC_49:Layer 5 cortical neurons,Ex_Fezf2_Lipm,Ex_Fezf2_Lipm_Isocortex,Ex_Fezf2_Lipm_Isocortex_L5
Ex_Slc30a3_Trhr,neuron,Isocortex,VGLUT1,MC_43:Upper layer excitatory neurons (primarily entorhinal and subicular),Ex_Slc30a3_Trhr,Ex_Slc30a3_Trhr_Isocortex,Ex_Slc30a3_Trhr_Isocortex
Ex_Slc30a3_Syndig1l,neuron,OLF,VGLUT1,"MC_42:Entorhinal, insular, and piriform excitatory neurons",Ex_Slc30a3_Syndig1l,Ex_Slc30a3_Syndig1l_OLF,Ex_Slc30a3_Syndig1l_OLF
Ex_Slc30a3_Capsl_Utrn,neuron,HPF,VGLUT1,"MC_42:Entorhinal, insular, and piriform excitatory neurons",Ex_Slc30a3_Capsl_Utrn,Ex_Slc30a3_Capsl_Utrn_HPF,Ex_Slc30a3_Capsl_Utrn_HPF
Ex_Slc30a3_Hnf4g,neuron,HPF,VGLUT1,"MC_42:Entorhinal, insular, and piriform excitatory neurons",Ex_Slc30a3_Hnf4g,Ex_Slc30a3_Hnf4g_HPF,Ex_Slc30a3_Hnf4g_HPF
Ex_Slc30a3_Clspn,neuron,Isocortex,VGLUT1,"MC_42:Entorhinal, insular, and piriform excitatory neurons",Ex_Slc30a3_Clspn,Ex_Slc30a3_Clspn_Isocortex,Ex_Slc30a3_Clspn_Isocortex
Ex_Slc30a3_Best3_1,neuron,HPF,VGLUT1,"MC_42:Entorhinal, insular, and piriform excitatory neurons",Ex_Slc30a3_Best3,Ex_Slc30a3_Best3_HPF,Ex_Slc30a3_Best3_HPF
Ex_Slc30a3_Best3_2,neuron,HPF,VGLUT1,"MC_42:Entorhinal, insular, and piriform excitatory neurons",Ex_Slc30a3_Best3,Ex_Slc30a3_Best3_HPF,Ex_Slc30a3_Best3_HPF
Ex_Slc30a3_Best3_3,neuron,HPF,VGLUT1,"MC_42:Entorhinal, insular, and piriform excitatory neurons",Ex_Slc30a3_Best3,Ex_Slc30a3_Best3_HPF,Ex_Slc30a3_Best3_HPF
Ex_Slc30a3_Best3_4,neuron,HPF,VGLUT1,"MC_42:Entorhinal, insular, and piriform excitatory neurons",Ex_Slc30a3_Best3,Ex_Slc30a3_Best3_HPF,Ex_Slc30a3_Best3_HPF
Ex_Slc30a3_Efemp1_Chn2,neuron,HPF,VGLUT1,"MC_42:Entorhinal, insular, and piriform excitatory neurons",Ex_Slc30a3_Efemp1_Chn2,Ex_Slc30a3_Efemp1_Chn2_HPF,Ex_Slc30a3_Efemp1_Chn2_HPF
Ex_Slc30a3_Efemp1_Endou,neuron,OLF,VGLUT1,"MC_42:Entorhinal, insular, and piriform excitatory neurons",Ex_Slc30a3_Efemp1_Endou,Ex_Slc30a3_Efemp1_Endou_OLF,Ex_Slc30a3_Efemp1_Endou_OLF
Ex_Rorb_Acp7,neuron,OLF,VGLUT1,MC_36:Cortical neurons,Ex_Rorb_Acp7,Ex_Rorb_Acp7_OLF,Ex_Rorb_Acp7_OLF
Ex_Lef1_Gpr101,neuron,HPF,VGLUT1,"MC_42:Entorhinal, insular, and piriform excitatory neurons",Ex_Lef1_Gpr101,Ex_Lef1_Gpr101_HPF,Ex_Lef1_Gpr101_HPF
Ex_Rorb_Hc_Pou6f2,neuron,Isocortex,VGLUT1,MC_37:Upper layer isocortical neurons,Ex_Rorb_Hc_Pou6f2,Ex_Rorb_Hc_Pou6f2_Isocortex,Ex_Rorb_Hc_Pou6f2_Isocortex
Ex_Rorb_Hc_Sox6,neuron,HPF,VGLUT1,MC_36:Cortical neurons,Ex_Rorb_Hc_Sox6,Ex_Rorb_Hc_Sox6_HPF,Ex_Rorb_Hc_Sox6_HPF
Ex_Fibcd1_Gpr101,neuron,Isocortex,VGLUT1,MC_36:Cortical neurons,Ex_Fibcd1_Gpr101,Ex_Fibcd1_Gpr101_Isocortex,Ex_Fibcd1_Gpr101_Isocortex
Ex_Rorb_Cbln1_Susd5,neuron,Isocortex,VGLUT1,MC_37:Upper layer isocortical neurons,Ex_Rorb_Cbln1_Susd5,Ex_Rorb_Cbln1_Susd5_Isocortex,Ex_Rorb_Cbln1_Susd5_Isocortex
Ex_Rorb_Cbln1_Abca8a,neuron,Isocortex,VGLUT1,MC_37:Upper layer isocortical neurons,Ex_Rorb_Cbln1_Abca8a,Ex_Rorb_Cbln1_Abca8a_Isocortex,Ex_Rorb_Cbln1_Abca8a_Isocortex
Ex_Rorb_Cyp26b1,neuron,Isocortex,VGLUT1,MC_37:Upper layer isocortical neurons,Ex_Rorb_Cyp26b1,Ex_Rorb_Cyp26b1_Isocortex,Ex_Rorb_Cyp26b1_Isocortex
Ex_Rorb_Fn1_Inhbb,neuron,Isocortex,VGLUT1,MC_37:Upper layer isocortical neurons,Ex_Rorb_Fn1_Inhbb,Ex_Rorb_Fn1_Inhbb_Isocortex,Ex_Rorb_Fn1_Inhbb_Isocortex
Ex_Rorb_Scn5a,neuron,Isocortex,VGLUT1,MC_37:Upper layer isocortical neurons,Ex_Rorb_Scn5a,Ex_Rorb_Scn5a_Isocortex,Ex_Rorb_Scn5a_Isocortex
Ex_Rorb_Scn5a_Rxrg,neuron,Isocortex,VGLUT1,MC_36:Cortical neurons,Ex_Rorb_Scn5a_Rxrg,Ex_Rorb_Scn5a_Rxrg_Isocortex,Ex_Rorb_Scn5a_Rxrg_Isocortex
Ex_Slc30a3_Scn5a_Dcn,neuron,HPF,VGLUT1,MC_36:Cortical neurons,Ex_Slc30a3_Scn5a_Dcn,Ex_Slc30a3_Scn5a_Dcn_HPF,Ex_Slc30a3_Scn5a_Dcn_HPF
Ex_Slc30a3_Scn5a,neuron,OLF,VGLUT1,MC_36:Cortical neurons,Ex_Slc30a3_Scn5a,Ex_Slc30a3_Scn5a_OLF,Ex_Slc30a3_Scn5a_OLF
Ex_Fezf2_Fibcd1_Fos_Sema3e,neuron,Isocortex,VGLUT1,MC_36:Cortical neurons,Ex_Fezf2_Fibcd1_Fos_Sema3e,Ex_Fezf2_Fibcd1_Fos_Sema3e_Isocortex,Ex_Fezf2_Fibcd1_Fos_Sema3e_Isocortex
Ex_Fezf2_Fibcd1_Fos_Tnn,neuron,Isocortex,VGLUT1,MC_36:Cortical neurons,Ex_Fezf2_Fibcd1_Fos_Tnn,Ex_Fezf2_Fibcd1_Fos_Tnn_Isocortex,Ex_Fezf2_Fibcd1_Fos_Tnn_Isocortex
Ex_Slc30a3_Otof_Dgkk_Grik3,neuron,HPF,VGLUT1,MC_36:Cortical neurons,Ex_Slc30a3_Otof_Dgkk_Grik3,Ex_Slc30a3_Otof_Dgkk_Grik3_HPF,Ex_Slc30a3_Otof_Dgkk_Grik3_HPF
Ex_Slc30a3_Otof_Dgkk_Ndst4,neuron,HPF,VGLUT1,MC_36:Cortical neurons,Ex_Slc30a3_Otof_Dgkk_Ndst4,Ex_Slc30a3_Otof_Dgkk_Ndst4_HPF,Ex_Slc30a3_Otof_Dgkk_Ndst4_HPF
Ex_Fezf2_C1qtnf7,neuron,Isocortex,VGLUT1,MC_36:Cortical neurons,Ex_Fezf2_C1qtnf7,Ex_Fezf2_C1qtnf7_Isocortex,Ex_Fezf2_C1qtnf7_Isocortex
Ex_Slc30a3_Sec14l3,neuron,HPF,VGLUT1,MC_43:Upper layer excitatory neurons (primarily entorhinal and subicular),Ex_Slc30a3_Sec14l3,Ex_Slc30a3_Sec14l3_HPF,Ex_Slc30a3_Sec14l3_HPF
Ex_Slc30a3_Gsta2_1,neuron,Isocortex,VGLUT1_VGLUT2,MC_43:Upper layer excitatory neurons (primarily entorhinal and subicular),Ex_Slc30a3_Gsta2,Ex_Slc30a3_Gsta2_Isocortex,Ex_Slc30a3_Gsta2_Isocortex
Ex_Slc30a3_Gsta2_2,neuron,Isocortex,VGLUT1_VGLUT2,MC_43:Upper layer excitatory neurons (primarily entorhinal and subicular),Ex_Slc30a3_Gsta2,Ex_Slc30a3_Gsta2_Isocortex,Ex_Slc30a3_Gsta2_Isocortex
Ex_Slc30a3_Gsta2_3,neuron,Isocortex,VGLUT1_VGLUT2,MC_43:Upper layer excitatory neurons (primarily entorhinal and subicular),Ex_Slc30a3_Gsta2,Ex_Slc30a3_Gsta2_Isocortex,Ex_Slc30a3_Gsta2_Isocortex
Ex_Slc30a3_Gsta2_4,neuron,Isocortex,VGLUT1_VGLUT2,MC_43:Upper layer excitatory neurons (primarily entorhinal and subicular),Ex_Slc30a3_Gsta2,Ex_Slc30a3_Gsta2_Isocortex,Ex_Slc30a3_Gsta2_Isocortex
Ex_Slc30a3_Gsta2_5,neuron,Isocortex,VGLUT1,MC_43:Upper layer excitatory neurons (primarily entorhinal and subicular),Ex_Slc30a3_Gsta2,Ex_Slc30a3_Gsta2_Isocortex,Ex_Slc30a3_Gsta2_Isocortex
Ex_Slc30a3_Gsta2_6,neuron,CB,VGLUT1_VGLUT2,MC_43:Upper layer excitatory neurons (primarily entorhinal and subicular),Ex_Slc30a3_Gsta2,Ex_Slc30a3_Gsta2_CB,Ex_Slc30a3_Gsta2_CB
Ex_Slc30a3_Vit,neuron,HPF,VGLUT1_VGLUT2,MC_43:Upper layer excitatory neurons (primarily entorhinal and subicular),Ex_Slc30a3_Vit,Ex_Slc30a3_Vit_HPF,Ex_Slc30a3_Vit_HPF
Ex_Slc30a3_Cdc14a,neuron,Isocortex,VGLUT1,MC_43:Upper layer excitatory neurons (primarily entorhinal and subicular),Ex_Slc30a3_Cdc14a,Ex_Slc30a3_Cdc14a_Isocortex,Ex_Slc30a3_Cdc14a_Isocortex
Ex_Slc30a3_Cfap58_Trhr,neuron,HPF,VGLUT1,MC_43:Upper layer excitatory neurons (primarily entorhinal and subicular),Ex_Slc30a3_Cfap58_Trhr,Ex_Slc30a3_Cfap58_Trhr_HPF,Ex_Slc30a3_Cfap58_Trhr_HPF
Ex_Slc30a3_Cfap58,neuron,HPF,VGLUT1,MC_43:Upper layer excitatory neurons (primarily entorhinal and subicular),Ex_Slc30a3_Cfap58,Ex_Slc30a3_Cfap58_HPF,Ex_Slc30a3_Cfap58_HPF
Ex_Fn1_Cfap58,neuron,HPF,VGLUT1,MC_43:Upper layer excitatory neurons (primarily entorhinal and subicular),Ex_Fn1_Cfap58,Ex_Fn1_Cfap58_HPF,Ex_Fn1_Cfap58_HPF
Ex_Abi3bp_Tfap2d,neuron,OLF,VGLUT1,MC_55:Olfactory area excitatory neurons,Ex_Abi3bp_Tfap2d,Ex_Abi3bp_Tfap2d_OLF,Ex_Abi3bp_Tfap2d_OLF
Ex_Rorb_Cth,neuron,OLF,VGLUT1,MC_55:Olfactory area excitatory neurons,Ex_Rorb_Cth,Ex_Rorb_Cth_OLF,Ex_Rorb_Cth_OLF
Ex_Rorb_Lcp1,neuron,,VGLUT1,MC_55:Olfactory area excitatory neurons,Ex_Rorb_Lcp1,Ex_Rorb_Lcp1,Ex_Rorb_Lcp1
Ex_Rorb_E130114P18Rik_1,neuron,,VGLUT1,MC_55:Olfactory area excitatory neurons,Ex_Rorb_E130114P18Rik,Ex_Rorb_E130114P18Rik,Ex_Rorb_E130114P18Rik
Ex_Rorb_E130114P18Rik_2,neuron,Isocortex,VGLUT1,MC_55:Olfactory area excitatory neurons,Ex_Rorb_E130114P18Rik,Ex_Rorb_E130114P18Rik_Isocortex,Ex_Rorb_E130114P18Rik_Isocortex
Ex_Rorb_E130114P18Rik_3,neuron,,VGLUT1,MC_55:Olfactory area excitatory neurons,Ex_Rorb_E130114P18Rik,Ex_Rorb_E130114P18Rik,Ex_Rorb_E130114P18Rik
Ex_Abi3bp_Pnmt,neuron,OLF,VGLUT1_VGLUT2_NOR,MC_55:Olfactory area excitatory neurons,Ex_Abi3bp_Pnmt,Ex_Abi3bp_Pnmt_OLF,Ex_Abi3bp_Pnmt_OLF
Ex_Abi3bp_Lrmp,neuron,Isocortex,VGLUT1,MC_55:Olfactory area excitatory neurons,Ex_Abi3bp_Lrmp,Ex_Abi3bp_Lrmp_Isocortex,Ex_Abi3bp_Lrmp_Isocortex
Ex_Slc30a3_Ebf1_Scn5a,neuron,OLF,VGLUT1,MC_55:Olfactory area excitatory neurons,Ex_Slc30a3_Ebf1_Scn5a,Ex_Slc30a3_Ebf1_Scn5a_OLF,Ex_Slc30a3_Ebf1_Scn5a_OLF
Ex_Slc30a3_Klhl14,neuron,OLF,VGLUT1,MC_55:Olfactory area excitatory neurons,Ex_Slc30a3_Klhl14,Ex_Slc30a3_Klhl14_OLF,Ex_Slc30a3_Klhl14_OLF
Ex_Abi3bp_Insyn2b,neuron,,VGLUT1,MC_55:Olfactory area excitatory neurons,Ex_Abi3bp_Insyn2b,Ex_Abi3bp_Insyn2b,Ex_Abi3bp_Insyn2b
Ex_Slc30a3_Klhl14_Ndnf,neuron,Isocortex,VGLUT1,MC_55:Olfactory area excitatory neurons,Ex_Slc30a3_Klhl14_Ndnf,Ex_Slc30a3_Klhl14_Ndnf_Isocortex,Ex_Slc30a3_Klhl14_Ndnf_Isocortex
Ex_Slc30a3_Crlf1_1,neuron,Isocortex,VGLUT1,MC_55:Olfactory area excitatory neurons,Ex_Slc30a3_Crlf1,Ex_Slc30a3_Crlf1_Isocortex,Ex_Slc30a3_Crlf1_Isocortex
Ex_Slc30a3_Crlf1_2,neuron,Isocortex,VGLUT1,MC_55:Olfactory area excitatory neurons,Ex_Slc30a3_Crlf1,Ex_Slc30a3_Crlf1_Isocortex,Ex_Slc30a3_Crlf1_Isocortex
Ex_Slc30a3_Ssmem1_1,neuron,OLF,VGLUT1,MC_55:Olfactory area excitatory neurons,Ex_Slc30a3_Ssmem1,Ex_Slc30a3_Ssmem1_OLF,Ex_Slc30a3_Ssmem1_OLF
Ex_Slc30a3_Ssmem1_2,neuron,OLF,VGLUT1,MC_55:Olfactory area excitatory neurons,Ex_Slc30a3_Ssmem1,Ex_Slc30a3_Ssmem1_OLF,Ex_Slc30a3_Ssmem1_OLF
Ex_Slc30a3_Adrb2,neuron,OLF,VGLUT1_VGLUT2,MC_55:Olfactory area excitatory neurons,Ex_Slc30a3_Adrb2,Ex_Slc30a3_Adrb2_OLF,Ex_Slc30a3_Adrb2_OLF
Ex_Slc30a3_Lrmp_Il1rl2,neuron,OLF,VGLUT1,MC_55:Olfactory area excitatory neurons,Ex_Slc30a3_Lrmp_Il1rl2,Ex_Slc30a3_Lrmp_Il1rl2_OLF,Ex_Slc30a3_Lrmp_Il1rl2_OLF
Ex_Slc30a3_Lrmp_Il1rl2_Slc17a6,neuron,OLF,VGLUT1_VGLUT2,MC_55:Olfactory area excitatory neurons,Ex_Slc30a3_Lrmp_Il1rl2_Slc17a6,Ex_Slc30a3_Lrmp_Il1rl2_Slc17a6_OLF,Ex_Slc30a3_Lrmp_Il1rl2_Slc17a6_OLF
Ex_Rorb_Ptpn20,neuron,OLF,VGLUT1_VGLUT2,MC_55:Olfactory area excitatory neurons,Ex_Rorb_Ptpn20,Ex_Rorb_Ptpn20_OLF,Ex_Rorb_Ptpn20_OLF
Ex_Sulf1_Drd2,neuron,Isocortex,VGLUT1,MC_38:Claustrum neurons,Ex_Sulf1_Drd2,Ex_Sulf1_Drd2_Isocortex,Ex_Sulf1_Drd2_Isocortex
Ex_Sulf1_Agtr1b,neuron,OLF,VGLUT1,MC_38:Claustrum neurons,Ex_Sulf1_Agtr1b,Ex_Sulf1_Agtr1b_OLF,Ex_Sulf1_Agtr1b_OLF
Ex_Sulf1_Agtr1b_Fos,neuron,Isocortex,VGLUT1,MC_38:Claustrum neurons,Ex_Sulf1_Agtr1b_Fos,Ex_Sulf1_Agtr1b_Fos_Isocortex,Ex_Sulf1_Agtr1b_Fos_Isocortex
Ex_Slc30a3_Left1_Cd36,neuron,HPF,VGLUT1,MC_48:Hippocampal CA1 neurons,Ex_Slc30a3_Left1_Cd36,Ex_Slc30a3_Left1_Cd36_HPF,Ex_Slc30a3_Left1_Cd36_HPF
Ex_Fibcd1_Apela_Rab3b,neuron,HPF,VGLUT1,MC_48:Hippocampal CA1 neurons,Ex_Fibcd1_Apela_Rab3b,Ex_Fibcd1_Apela_Rab3b_HPF,Ex_Fibcd1_Apela_Rab3b_HPF
Ex_Fibcd1_Apela_Ptpro,neuron,HPF,VGLUT1,MC_48:Hippocampal CA1 neurons,Ex_Fibcd1_Apela_Ptpro,Ex_Fibcd1_Apela_Ptpro_HPF,Ex_Fibcd1_Apela_Ptpro_HPF
Ex_Fibcd1_Lefty1_1,neuron,HPF,VGLUT1,MC_48:Hippocampal CA1 neurons,Ex_Fibcd1_Lefty1,Ex_Fibcd1_Lefty1_HPF,Ex_Fibcd1_Lefty1_HPF
Ex_Fibcd1_Lefty1_2,neuron,,VGLUT1,MC_48:Hippocampal CA1 neurons,Ex_Fibcd1_Lefty1,Ex_Fibcd1_Lefty1,Ex_Fibcd1_Lefty1
Ex_Fibcd1_Lefty1_3,neuron,Isocortex,VGLUT1,MC_48:Hippocampal CA1 neurons,Ex_Fibcd1_Lefty1,Ex_Fibcd1_Lefty1_Isocortex,Ex_Fibcd1_Lefty1_Isocortex
Ex_Fibcd1_Slc9a4_1,neuron,Isocortex,VGLUT1,MC_48:Hippocampal CA1 neurons,Ex_Fibcd1_Slc9a4,Ex_Fibcd1_Slc9a4_Isocortex,Ex_Fibcd1_Slc9a4_Isocortex
Ex_Fibcd1_Slc9a4_2,neuron,,VGLUT1,MC_48:Hippocampal CA1 neurons,Ex_Fibcd1_Slc9a4,Ex_Fibcd1_Slc9a4,Ex_Fibcd1_Slc9a4
Ex_Fibcd1_Slc9a4_3,neuron,,VGLUT1,MC_48:Hippocampal CA1 neurons,Ex_Fibcd1_Slc9a4,Ex_Fibcd1_Slc9a4,Ex_Fibcd1_Slc9a4
Ex_Fibcd1_Psrc1_1,neuron,TH,VGLUT1,MC_48:Hippocampal CA1 neurons,Ex_Fibcd1_Psrc1,Ex_Fibcd1_Psrc1_TH,Ex_Fibcd1_Psrc1_TH
Ex_Fibcd1_Psrc1_2,neuron,OLF,VGLUT1,MC_48:Hippocampal CA1 neurons,Ex_Fibcd1_Psrc1,Ex_Fibcd1_Psrc1_OLF,Ex_Fibcd1_Psrc1_OLF
Ex_Fibcd1_Psrc1_3,neuron,OLF,VGLUT1,MC_48:Hippocampal CA1 neurons,Ex_Fibcd1_Psrc1,Ex_Fibcd1_Psrc1_OLF,Ex_Fibcd1_Psrc1_OLF
Ex_Fibcd1_Psrc1_4,neuron,OLF,VGLUT1,MC_48:Hippocampal CA1 neurons,Ex_Fibcd1_Psrc1,Ex_Fibcd1_Psrc1_OLF,Ex_Fibcd1_Psrc1_OLF
Ex_Fibcd1_Psrc1_5,neuron,HPF,VGLUT1,MC_48:Hippocampal CA1 neurons,Ex_Fibcd1_Psrc1,Ex_Fibcd1_Psrc1_HPF,Ex_Fibcd1_Psrc1_HPF
Ex_Fezf2_Lrp2,neuron,HPF,VGLUT1,MC_48:Hippocampal CA1 neurons,Ex_Fezf2_Lrp2,Ex_Fezf2_Lrp2_HPF,Ex_Fezf2_Lrp2_HPF
Ex_Fibcd1_Psrc1_6,neuron,Isocortex,VGLUT1,MC_48:Hippocampal CA1 neurons,Ex_Fibcd1_Psrc1,Ex_Fibcd1_Psrc1_Isocortex,Ex_Fibcd1_Psrc1_Isocortex
Ex_Fezf2_Best3,neuron,,VGLUT1,MC_49:Layer 5 cortical neurons,Ex_Fezf2_Best3,Ex_Fezf2_Best3,Ex_Fezf2_Best3_L5
Ex_Slc30a3_Ntn5_1,neuron,HPF,VGLUT1,MC_49:Layer 5 cortical neurons,Ex_Slc30a3_Ntn5,Ex_Slc30a3_Ntn5_HPF,Ex_Slc30a3_Ntn5_HPF_L5
Ex_Slc30a3_Ntn5_2,neuron,HPF,VGLUT1,MC_49:Layer 5 cortical neurons,Ex_Slc30a3_Ntn5,Ex_Slc30a3_Ntn5_HPF,Ex_Slc30a3_Ntn5_HPF_L5
Ex_Fezf2_Dlk1_Tafa1,neuron,HPF,VGLUT1,MC_48:Hippocampal CA1 neurons,Ex_Fezf2_Dlk1_Tafa1,Ex_Fezf2_Dlk1_Tafa1_HPF,Ex_Fezf2_Dlk1_Tafa1_HPF
Ex_Fezf2_Dlk1_Fos_1,neuron,Isocortex,VGLUT1,MC_46:Layer 5 cortical neurons,Ex_Fezf2_Dlk1_Fos,Ex_Fezf2_Dlk1_Fos_Isocortex,Ex_Fezf2_Dlk1_Fos_Isocortex_L5
Ex_Fezf2_Dlk1_Fos_2,neuron,HPF,VGLUT1,MC_46:Layer 5 cortical neurons,Ex_Fezf2_Dlk1_Fos,Ex_Fezf2_Dlk1_Fos_HPF,Ex_Fezf2_Dlk1_Fos_HPF_L5
Ex_Fezf2_Dlk1_Grik1,neuron,Isocortex,VGLUT1,MC_46:Layer 5 cortical neurons,Ex_Fezf2_Dlk1_Grik1,Ex_Fezf2_Dlk1_Grik1_Isocortex,Ex_Fezf2_Dlk1_Grik1_Isocortex_L5
Ex_Fezf2_Dlk1_Meis2,neuron,HPF,VGLUT1,MC_46:Layer 5 cortical neurons,Ex_Fezf2_Dlk1_Meis2,Ex_Fezf2_Dlk1_Meis2_HPF,Ex_Fezf2_Dlk1_Meis2_HPF_L5
Ex_Fezf2_Dlk1_A730049H05Rik,neuron,Isocortex,VGLUT1,MC_46:Layer 5 cortical neurons,Ex_Fezf2_Dlk1_A730049H05Rik,Ex_Fezf2_Dlk1_A730049H05Rik_Isocortex,Ex_Fezf2_Dlk1_A730049H05Rik_Isocortex_L5
Ex_Fibcd1_Tacr3_1,neuron,HPF,VGLUT1,MC_48:Hippocampal CA1 neurons,Ex_Fibcd1_Tacr3,Ex_Fibcd1_Tacr3_HPF,Ex_Fibcd1_Tacr3_HPF
Ex_Fibcd1_Tacr3_2,neuron,HPF,VGLUT1,MC_50:Hippocampal CA3 neurons,Ex_Fibcd1_Tacr3,Ex_Fibcd1_Tacr3_HPF,Ex_Fibcd1_Tacr3_HPF
Ex_Fibcd1_Tacr3_3,neuron,Isocortex,VGLUT1,MC_48:Hippocampal CA1 neurons,Ex_Fibcd1_Tacr3,Ex_Fibcd1_Tacr3_Isocortex,Ex_Fibcd1_Tacr3_Isocortex
Ex_Fibcd1_Tacr3_4,neuron,OLF,VGLUT1,MC_48:Hippocampal CA1 neurons,Ex_Fibcd1_Tacr3,Ex_Fibcd1_Tacr3_OLF,Ex_Fibcd1_Tacr3_OLF
Ex_Fibcd1_Lefty1_Nell1,neuron,Isocortex,VGLUT1,MC_48:Hippocampal CA1 neurons,Ex_Fibcd1_Lefty1_Nell1,Ex_Fibcd1_Lefty1_Nell1_Isocortex,Ex_Fibcd1_Lefty1_Nell1_Isocortex
Ex_Fibcd1_Lefty1_Gpc3,neuron,Isocortex,VGLUT1,MC_48:Hippocampal CA1 neurons,Ex_Fibcd1_Lefty1_Gpc3,Ex_Fibcd1_Lefty1_Gpc3_Isocortex,Ex_Fibcd1_Lefty1_Gpc3_Isocortex
Ex_Fibcd1_Slc9a4,neuron,Isocortex,VGLUT1,MC_48:Hippocampal CA1 neurons,Ex_Fibcd1_Slc9a4,Ex_Fibcd1_Slc9a4_Isocortex,Ex_Fibcd1_Slc9a4_Isocortex
Ex_Fezf2_Fbln1,neuron,Isocortex,VGLUT1,MC_48:Hippocampal CA1 neurons,Ex_Fezf2_Fbln1,Ex_Fezf2_Fbln1_Isocortex,Ex_Fezf2_Fbln1_Isocortex
Ex_Fezf2_Cfap58_1,neuron,Isocortex,VGLUT1,MC_46:Layer 5 cortical neurons,Ex_Fezf2_Cfap58,Ex_Fezf2_Cfap58_Isocortex,Ex_Fezf2_Cfap58_Isocortex_L5
Ex_Fezf2_Cfap58_2,neuron,CTXsp,VGLUT1,MC_46:Layer 5 cortical neurons,Ex_Fezf2_Cfap58,Ex_Fezf2_Cfap58_CTXsp,Ex_Fezf2_Cfap58_CTXsp_L5
Ex_Fezf2_Rab38_Vwc2l,neuron,HPF,VGLUT1,MC_46:Layer 5 cortical neurons,Ex_Fezf2_Rab38_Vwc2l,Ex_Fezf2_Rab38_Vwc2l_HPF,Ex_Fezf2_Rab38_Vwc2l_HPF_L5
Ex_Fezf2_Rab38_Met,neuron,Isocortex,VGLUT1,MC_46:Layer 5 cortical neurons,Ex_Fezf2_Rab38_Met,Ex_Fezf2_Rab38_Met_Isocortex,Ex_Fezf2_Rab38_Met_Isocortex_L5
Ex_Fezf2_Slfn2,neuron,HPF,VGLUT1_VGLUT2,MC_45:Subicular neurons,Ex_Fezf2_Slfn2,Ex_Fezf2_Slfn2_HPF,Ex_Fezf2_Slfn2_HPF
Ex_Fezf2_Plscr4,neuron,Isocortex,VGLUT1,MC_46:Layer 5 cortical neurons,Ex_Fezf2_Plscr4,Ex_Fezf2_Plscr4_Isocortex,Ex_Fezf2_Plscr4_Isocortex_L5
Ex_Fezf2_Gpr101_1,neuron,Isocortex,VGLUT1,MC_46:Layer 5 cortical neurons,Ex_Fezf2_Gpr101,Ex_Fezf2_Gpr101_Isocortex,Ex_Fezf2_Gpr101_Isocortex_L5
Ex_Fezf2_Gpr101_2,neuron,Isocortex,VGLUT1,MC_46:Layer 5 cortical neurons,Ex_Fezf2_Gpr101,Ex_Fezf2_Gpr101_Isocortex,Ex_Fezf2_Gpr101_Isocortex_L5
Ex_Fezf2_Gpr101_3,neuron,Isocortex,VGLUT1,MC_46:Layer 5 cortical neurons,Ex_Fezf2_Gpr101,Ex_Fezf2_Gpr101_Isocortex,Ex_Fezf2_Gpr101_Isocortex_L5
Ex_Fezf2_Gpr101_4,neuron,Isocortex,VGLUT1,MC_46:Layer 5 cortical neurons,Ex_Fezf2_Gpr101,Ex_Fezf2_Gpr101_Isocortex,Ex_Fezf2_Gpr101_Isocortex_L5
Ex_Fezf2_Cd36,neuron,Isocortex,VGLUT1,MC_48:Hippocampal CA1 neurons,Ex_Fezf2_Cd36,Ex_Fezf2_Cd36_Isocortex,Ex_Fezf2_Cd36_Isocortex
Ex_Fezf2_Cdc25c_1,neuron,Isocortex,VGLUT1,MC_46:Layer 5 cortical neurons,Ex_Fezf2_Cdc25c,Ex_Fezf2_Cdc25c_Isocortex,Ex_Fezf2_Cdc25c_Isocortex_L5
Ex_Fezf2_Cdc25c_2,neuron,Isocortex,VGLUT1,MC_46:Layer 5 cortical neurons,Ex_Fezf2_Cdc25c,Ex_Fezf2_Cdc25c_Isocortex,Ex_Fezf2_Cdc25c_Isocortex_L5
Ex_Fezf2_Cdc25c_3,neuron,Isocortex,VGLUT1,MC_46:Layer 5 cortical neurons,Ex_Fezf2_Cdc25c,Ex_Fezf2_Cdc25c_Isocortex,Ex_Fezf2_Cdc25c_Isocortex_L5
Ex_Fezf2_Acp7,neuron,Isocortex,VGLUT1,MC_46:Layer 5 cortical neurons,Ex_Fezf2_Acp7,Ex_Fezf2_Acp7_Isocortex,Ex_Fezf2_Acp7_Isocortex_L5
Ex_Fezf2_Glyat,neuron,HPF,VGLUT1,MC_46:Layer 5 cortical neurons,Ex_Fezf2_Glyat,Ex_Fezf2_Glyat_HPF,Ex_Fezf2_Glyat_HPF_L5
Ex_Fezf2_Ccdc121,neuron,Isocortex,VGLUT1,MC_46:Layer 5 cortical neurons,Ex_Fezf2_Ccdc121,Ex_Fezf2_Ccdc121_Isocortex,Ex_Fezf2_Ccdc121_Isocortex_L5
Ex_Fezf2_Ror1_Clspn,neuron,Isocortex,VGLUT1,MC_46:Layer 5 cortical neurons,Ex_Fezf2_Ror1_Clspn,Ex_Fezf2_Ror1_Clspn_Isocortex,Ex_Fezf2_Ror1_Clspn_Isocortex_L5
Ex_Fezf2_Lhx9_1,neuron,CTXsp,VGLUT1,MC_46:Layer 5 cortical neurons,Ex_Fezf2_Lhx9,Ex_Fezf2_Lhx9_CTXsp,Ex_Fezf2_Lhx9_CTXsp_L5
Ex_Fezf2_Lhx9_2,neuron,CTXsp,VGLUT1,MC_46:Layer 5 cortical neurons,Ex_Fezf2_Lhx9,Ex_Fezf2_Lhx9_CTXsp,Ex_Fezf2_Lhx9_CTXsp_L5
Ex_Fezf2_Lhx9_3,neuron,Isocortex,VGLUT1,MC_46:Layer 5 cortical neurons,Ex_Fezf2_Lhx9,Ex_Fezf2_Lhx9_Isocortex,Ex_Fezf2_Lhx9_Isocortex_L5
Ex_Fezf2_Fn1_Mctp2,neuron,Isocortex,VGLUT1_VGLUT2,MC_46:Layer 5 cortical neurons,Ex_Fezf2_Fn1_Mctp2,Ex_Fezf2_Fn1_Mctp2_Isocortex,Ex_Fezf2_Fn1_Mctp2_Isocortex_L5
Ex_Fezf2_Fn1_Reln,neuron,Isocortex,VGLUT1,MC_46:Layer 5 cortical neurons,Ex_Fezf2_Fn1_Reln,Ex_Fezf2_Fn1_Reln_Isocortex,Ex_Fezf2_Fn1_Reln_Isocortex_L5
Ex_Fezf2_Nts,neuron,HPF,VGLUT1_VGLUT2,MC_45:Subicular neurons,Ex_Fezf2_Nts,Ex_Fezf2_Nts_HPF,Ex_Fezf2_Nts_HPF
Ex_Fezf2_9130008F23Rik,neuron,Isocortex,VGLUT1_VGLUT2,MC_46:Layer 5 cortical neurons,Ex_Fezf2_9130008F23Rik,Ex_Fezf2_9130008F23Rik_Isocortex,Ex_Fezf2_9130008F23Rik_Isocortex_L5
Ex_Fezf2_Tnfsf15,neuron,Isocortex,VGLUT1_VGLUT2,MC_46:Layer 5 cortical neurons,Ex_Fezf2_Tnfsf15,Ex_Fezf2_Tnfsf15_Isocortex,Ex_Fezf2_Tnfsf15_Isocortex_L5
Ex_Fezf2_Galr1,neuron,Isocortex,VGLUT1,MC_46:Layer 5 cortical neurons,Ex_Fezf2_Galr1,Ex_Fezf2_Galr1_Isocortex,Ex_Fezf2_Galr1_Isocortex_L5
Ex_Crym_Chrna5,neuron,HPF,VGLUT1,MC_48:Hippocampal CA1 neurons,Ex_Crym_Chrna5,Ex_Crym_Chrna5_HPF,Ex_Crym_Chrna5_HPF
Ex_Crym_Cldn22,neuron,HPF,VGLUT1,MC_50:Hippocampal CA3 neurons,Ex_Crym_Cldn22,Ex_Crym_Cldn22_HPF,Ex_Crym_Cldn22_HPF
Ex_Crym_Plagl1_1,neuron,HPF,VGLUT1,MC_50:Hippocampal CA3 neurons,Ex_Crym_Plagl1,Ex_Crym_Plagl1_HPF,Ex_Crym_Plagl1_HPF
Ex_Crym_Plagl1_2,neuron,HPF,VGLUT1,MC_50:Hippocampal CA3 neurons,Ex_Crym_Plagl1,Ex_Crym_Plagl1_HPF,Ex_Crym_Plagl1_HPF
Ex_Crym_Rgs5,neuron,,VGLUT1,MC_50:Hippocampal CA3 neurons,Ex_Crym_Rgs5,Ex_Crym_Rgs5,Ex_Crym_Rgs5
Ex_Crym_Odad2_1,neuron,HPF,VGLUT1,MC_50:Hippocampal CA3 neurons,Ex_Crym_Odad2,Ex_Crym_Odad2_HPF,Ex_Crym_Odad2_HPF
Ex_Crym_Odad2_2,neuron,HPF,VGLUT1,MC_50:Hippocampal CA3 neurons,Ex_Crym_Odad2,Ex_Crym_Odad2_HPF,Ex_Crym_Odad2_HPF
Ex_Crym_Odad2_3,neuron,HPF,VGLUT1,MC_50:Hippocampal CA3 neurons,Ex_Crym_Odad2,Ex_Crym_Odad2_HPF,Ex_Crym_Odad2_HPF
Ex_Crym_Odad2_Fos,neuron,HPF,VGLUT1,MC_50:Hippocampal CA3 neurons,Ex_Crym_Odad2_Fos,Ex_Crym_Odad2_Fos_HPF,Ex_Crym_Odad2_Fos_HPF
Ex_Crym_Mndal_1,neuron,HPF,VGLUT1,MC_50:Hippocampal CA3 neurons,Ex_Crym_Mndal,Ex_Crym_Mndal_HPF,Ex_Crym_Mndal_HPF
Ex_Crym_Mndal_2,neuron,HPF,VGLUT1,MC_50:Hippocampal CA3 neurons,Ex_Crym_Mndal,Ex_Crym_Mndal_HPF,Ex_Crym_Mndal_HPF
Ex_Crym_Mndal_3,neuron,HPF,VGLUT1,MC_50:Hippocampal CA3 neurons,Ex_Crym_Mndal,Ex_Crym_Mndal_HPF,Ex_Crym_Mndal_HPF
Ex_Crym_Mndal_4,neuron,HPF,VGLUT1,MC_50:Hippocampal CA3 neurons,Ex_Crym_Mndal,Ex_Crym_Mndal_HPF,Ex_Crym_Mndal_HPF
Ex_Crym_Nuak2,neuron,HPF,VGLUT1,MC_50:Hippocampal CA3 neurons,Ex_Crym_Nuak2,Ex_Crym_Nuak2_HPF,Ex_Crym_Nuak2_HPF
Ex_Crym_Prrx1,neuron,HPF,VGLUT1,MC_50:Hippocampal CA3 neurons,Ex_Crym_Prrx1,Ex_Crym_Prrx1_HPF,Ex_Crym_Prrx1_HPF
Ex_Crym_Csf2rb2,neuron,HPF,VGLUT1,MC_50:Hippocampal CA3 neurons,Ex_Crym_Csf2rb2,Ex_Crym_Csf2rb2_HPF,Ex_Crym_Csf2rb2_HPF
Ex_Crym_Krt2,neuron,CTXsp,VGLUT1,MC_51:Amygdalar neurons,Ex_Crym_Krt2,Ex_Crym_Krt2_CTXsp,Ex_Crym_Krt2_CTXsp
Ex_Fezf2_Vgll3,neuron,CTXsp,VGLUT1,MC_51:Amygdalar neurons,Ex_Fezf2_Vgll3,Ex_Fezf2_Vgll3_CTXsp,Ex_Fezf2_Vgll3_CTXsp
Ex_Slc30a3_Vgll3,neuron,HPF,VGLUT1,MC_51:Amygdalar neurons,Ex_Slc30a3_Vgll3,Ex_Slc30a3_Vgll3_HPF,Ex_Slc30a3_Vgll3_HPF
Ex_Trabd2b_Slc30a3_Vgll3,neuron,CTXsp,VGLUT1,MC_51:Amygdalar neurons,Ex_Trabd2b_Slc30a3_Vgll3,Ex_Trabd2b_Slc30a3_Vgll3_CTXsp,Ex_Trabd2b_Slc30a3_Vgll3_CTXsp
Ex_Trabd2b_Slc30a3_Mybpc1,neuron,CTXsp,VGLUT1,MC_51:Amygdalar neurons,Ex_Trabd2b_Slc30a3_Mybpc1,Ex_Trabd2b_Slc30a3_Mybpc1_CTXsp,Ex_Trabd2b_Slc30a3_Mybpc1_CTXsp
Ex_Trabd2b_Slc30a3_Met,neuron,HPF,VGLUT1,MC_51:Amygdalar neurons,Ex_Trabd2b_Slc30a3_Met,Ex_Trabd2b_Slc30a3_Met_HPF,Ex_Trabd2b_Slc30a3_Met_HPF
Ex_Trabd2b_Slc30a3_Bfsp2,neuron,OLF,VGLUT1,MC_52:Amygdalar neurons,Ex_Trabd2b_Slc30a3_Bfsp2,Ex_Trabd2b_Slc30a3_Bfsp2_OLF,Ex_Trabd2b_Slc30a3_Bfsp2_OLF
Ex_Ccn3_Slc30a3_Dcn_1,neuron,CTXsp,VGLUT1,MC_51:Amygdalar neurons,Ex_Ccn3_Slc30a3_Dcn,Ex_Ccn3_Slc30a3_Dcn_CTXsp,Ex_Ccn3_Slc30a3_Dcn_CTXsp
Ex_Ccn3_Slc30a3_Dcn_2,neuron,OLF,VGLUT1,MC_51:Amygdalar neurons,Ex_Ccn3_Slc30a3_Dcn,Ex_Ccn3_Slc30a3_Dcn_OLF,Ex_Ccn3_Slc30a3_Dcn_OLF
Ex_Trabd2b_Slc30a3_Mybpc1_Pla2g4e,neuron,OLF,VGLUT1,MC_51:Amygdalar neurons,Ex_Trabd2b_Slc30a3_Mybpc1_Pla2g4e,Ex_Trabd2b_Slc30a3_Mybpc1_Pla2g4e_OLF,Ex_Trabd2b_Slc30a3_Mybpc1_Pla2g4e_OLF
Ex_Trabd2b_Slc30a3_Pdzrn3,neuron,OLF,VGLUT1,MC_53:Piriform and amygdalar neurons,Ex_Trabd2b_Slc30a3_Pdzrn3,Ex_Trabd2b_Slc30a3_Pdzrn3_OLF,Ex_Trabd2b_Slc30a3_Pdzrn3_OLF
Ex_Trabd2b_Slc30a3_Atp8b1,neuron,OLF,VGLUT1,MC_53:Piriform and amygdalar neurons,Ex_Trabd2b_Slc30a3_Atp8b1,Ex_Trabd2b_Slc30a3_Atp8b1_OLF,Ex_Trabd2b_Slc30a3_Atp8b1_OLF
Ex_Crym_Cxcl12,neuron,OLF,VGLUT1,MC_53:Piriform and amygdalar neurons,Ex_Crym_Cxcl12,Ex_Crym_Cxcl12_OLF,Ex_Crym_Cxcl12_OLF
Ex_Trabd2b_Slc30a3_Ednra_1,neuron,OLF,VGLUT1,MC_54:Lateral olfactory tract and amygdalar neurons,Ex_Trabd2b_Slc30a3_Ednra,Ex_Trabd2b_Slc30a3_Ednra_OLF,Ex_Trabd2b_Slc30a3_Ednra_OLF
Ex_Trabd2b_Slc30a3_Ednra_2,neuron,CTXsp,VGLUT1,MC_54:Lateral olfactory tract and amygdalar neurons,Ex_Trabd2b_Slc30a3_Ednra,Ex_Trabd2b_Slc30a3_Ednra_CTXsp,Ex_Trabd2b_Slc30a3_Ednra_CTXsp
Ex_Trabd2b_Slc30a3_Col13a1,neuron,HPF,VGLUT1,MC_51:Amygdalar neurons,Ex_Trabd2b_Slc30a3_Col13a1,Ex_Trabd2b_Slc30a3_Col13a1_HPF,Ex_Trabd2b_Slc30a3_Col13a1_HPF
Ex_Trabd2b_Slc30a3_Trh_1,neuron,OLF,VGLUT1,MC_52:Amygdalar neurons,Ex_Trabd2b_Slc30a3_Trh,Ex_Trabd2b_Slc30a3_Trh_OLF,Ex_Trabd2b_Slc30a3_Trh_OLF
Ex_Trabd2b_Slc30a3_Trh_2,neuron,Isocortex,VGLUT1,MC_52:Amygdalar neurons,Ex_Trabd2b_Slc30a3_Trh,Ex_Trabd2b_Slc30a3_Trh_Isocortex,Ex_Trabd2b_Slc30a3_Trh_Isocortex
Ex_Trabd2b_Slc30a3_Trh_3,neuron,OLF,VGLUT1,MC_52:Amygdalar neurons,Ex_Trabd2b_Slc30a3_Trh,Ex_Trabd2b_Slc30a3_Trh_OLF,Ex_Trabd2b_Slc30a3_Trh_OLF
Ex_Trabd2b_Slc30a3_Serpinb8,neuron,OLF,VGLUT1,MC_51:Amygdalar neurons,Ex_Trabd2b_Slc30a3_Serpinb8,Ex_Trabd2b_Slc30a3_Serpinb8_OLF,Ex_Trabd2b_Slc30a3_Serpinb8_OLF
Ex_Ccn3_Fezf2_Vgll3_1,neuron,CTXsp,VGLUT1,MC_51:Amygdalar neurons,Ex_Ccn3_Fezf2_Vgll3,Ex_Ccn3_Fezf2_Vgll3_CTXsp,Ex_Ccn3_Fezf2_Vgll3_CTXsp
Ex_Slc30a3_Galr1,neuron,OLF,VGLUT1_VGLUT2,MC_52:Amygdalar neurons,Ex_Slc30a3_Galr1,Ex_Slc30a3_Galr1_OLF,Ex_Slc30a3_Galr1_OLF
Ex_Ccn3_Fezf2_Vgll3_2,neuron,CTXsp,VGLUT1_VGLUT2,MC_51:Amygdalar neurons,Ex_Ccn3_Fezf2_Vgll3,Ex_Ccn3_Fezf2_Vgll3_CTXsp,Ex_Ccn3_Fezf2_Vgll3_CTXsp
Ex_Ccn3_Fezf2_Dcn_1,neuron,CTXsp,VGLUT1,MC_51:Amygdalar neurons,Ex_Ccn3_Fezf2_Dcn,Ex_Ccn3_Fezf2_Dcn_CTXsp,Ex_Ccn3_Fezf2_Dcn_CTXsp
Ex_Ccn3_Fezf2_Dcn_2,neuron,CTXsp,VGLUT1,MC_51:Amygdalar neurons,Ex_Ccn3_Fezf2_Dcn,Ex_Ccn3_Fezf2_Dcn_CTXsp,Ex_Ccn3_Fezf2_Dcn_CTXsp
Ex_Ccn3_Fezf2_Dcn_3,neuron,CTXsp,VGLUT1_VGLUT2,MC_51:Amygdalar neurons,Ex_Ccn3_Fezf2_Dcn,Ex_Ccn3_Fezf2_Dcn_CTXsp,Ex_Ccn3_Fezf2_Dcn_CTXsp
Ex_Ccn3_Fezf2_C1ql2,neuron,CTXsp,VGLUT1_VGLUT2,MC_51:Amygdalar neurons,Ex_Ccn3_Fezf2_C1ql2,Ex_Ccn3_Fezf2_C1ql2_CTXsp,Ex_Ccn3_Fezf2_C1ql2_CTXsp
Ex_Ccn3_Fezf2_Col6a3,neuron,CTXsp,VGLUT1_VGLUT2,MC_52:Amygdalar neurons,Ex_Ccn3_Fezf2_Col6a3,Ex_Ccn3_Fezf2_Col6a3_CTXsp,Ex_Ccn3_Fezf2_Col6a3_CTXsp
Ex_Ccn3_Fezf2_Speer4a,neuron,CTXsp,VGLUT1,MC_51:Amygdalar neurons,Ex_Ccn3_Fezf2_Speer4a,Ex_Ccn3_Fezf2_Speer4a_CTXsp,Ex_Ccn3_Fezf2_Speer4a_CTXsp
Ex_Ccn3_Fezf2_Psrc1,neuron,CTXsp,VGLUT1_VGLUT2,MC_51:Amygdalar neurons,Ex_Ccn3_Fezf2_Psrc1,Ex_Ccn3_Fezf2_Psrc1_CTXsp,Ex_Ccn3_Fezf2_Psrc1_CTXsp
Ex_Ccn3_Fezf2_Ptprc_1,neuron,CTXsp,VGLUT1,MC_51:Amygdalar neurons,Ex_Ccn3_Fezf2_Ptprc,Ex_Ccn3_Fezf2_Ptprc_CTXsp,Ex_Ccn3_Fezf2_Ptprc_CTXsp
Ex_Ccn3_Fezf2_Ptprc_2,neuron,CTXsp,VGLUT1_VGLUT2,MC_51:Amygdalar neurons,Ex_Ccn3_Fezf2_Ptprc,Ex_Ccn3_Fezf2_Ptprc_CTXsp,Ex_Ccn3_Fezf2_Ptprc_CTXsp
Ex_Ccn3_Fezf2_Ptprc_3,neuron,CTXsp,VGLUT1_VGLUT2,MC_51:Amygdalar neurons,Ex_Ccn3_Fezf2_Ptprc,Ex_Ccn3_Fezf2_Ptprc_CTXsp,Ex_Ccn3_Fezf2_Ptprc_CTXsp
Ex_Ccn3_Fezf2_Cd36,neuron,CTXsp,VGLUT1,MC_51:Amygdalar neurons,Ex_Ccn3_Fezf2_Cd36,Ex_Ccn3_Fezf2_Cd36_CTXsp,Ex_Ccn3_Fezf2_Cd36_CTXsp
Ex_Ccn3_Fezf2_Mndal,neuron,CTXsp,VGLUT1,MC_51:Amygdalar neurons,Ex_Ccn3_Fezf2_Mndal,Ex_Ccn3_Fezf2_Mndal_CTXsp,Ex_Ccn3_Fezf2_Mndal_CTXsp
Ex_Ccn3_Fezf2_Scin,neuron,CTXsp,VGLUT1,MC_51:Amygdalar neurons,Ex_Ccn3_Fezf2_Scin,Ex_Ccn3_Fezf2_Scin_CTXsp,Ex_Ccn3_Fezf2_Scin_CTXsp
Ex_Ccn3_Slc30a3_Fanci,neuron,CTXsp,VGLUT1,MC_51:Amygdalar neurons,Ex_Ccn3_Slc30a3_Fanci,Ex_Ccn3_Slc30a3_Fanci_CTXsp,Ex_Ccn3_Slc30a3_Fanci_CTXsp
Ex_Ccn3_Slc30a3_Grp,neuron,CTXsp,VGLUT1,MC_51:Amygdalar neurons,Ex_Ccn3_Slc30a3_Grp,Ex_Ccn3_Slc30a3_Grp_CTXsp,Ex_Ccn3_Slc30a3_Grp_CTXsp
Ex_Cyp26b1_Slc30a3_Dkkl1_1,neuron,CTXsp,VGLUT1,MC_54:Lateral olfactory tract and amygdalar neurons,Ex_Cyp26b1_Slc30a3_Dkkl1,Ex_Cyp26b1_Slc30a3_Dkkl1_CTXsp,Ex_Cyp26b1_Slc30a3_Dkkl1_CTXsp
Ex_Cyp26b1_Slc30a3_Dkkl1_2,neuron,CTXsp,VGLUT1,MC_54:Lateral olfactory tract and amygdalar neurons,Ex_Cyp26b1_Slc30a3_Dkkl1,Ex_Cyp26b1_Slc30a3_Dkkl1_CTXsp,Ex_Cyp26b1_Slc30a3_Dkkl1_CTXsp
Ex_Cyp26b1_Slc30a3_Ptprc_1,neuron,CTXsp,VGLUT1,MC_54:Lateral olfactory tract and amygdalar neurons,Ex_Cyp26b1_Slc30a3_Ptprc,Ex_Cyp26b1_Slc30a3_Ptprc_CTXsp,Ex_Cyp26b1_Slc30a3_Ptprc_CTXsp
Ex_Cyp26b1_Slc30a3_Ptprc_2,neuron,CTXsp,VGLUT1,MC_52:Amygdalar neurons,Ex_Cyp26b1_Slc30a3_Ptprc,Ex_Cyp26b1_Slc30a3_Ptprc_CTXsp,Ex_Cyp26b1_Slc30a3_Ptprc_CTXsp
Ex_Cyp26b1_Slc30a3_Ptprc_3,neuron,,VGLUT1,MC_52:Amygdalar neurons,Ex_Cyp26b1_Slc30a3_Ptprc,Ex_Cyp26b1_Slc30a3_Ptprc,Ex_Cyp26b1_Slc30a3_Ptprc
Ex_Lhx9_Mstn_Vxn,neuron,Isocortex,VGLUT1,MC_52:Amygdalar neurons,Ex_Lhx9_Mstn_Vxn,Ex_Lhx9_Mstn_Vxn_Isocortex,Ex_Lhx9_Mstn_Vxn_Isocortex
Ex_Lhx9_Mstn_Pld5,neuron,CTXsp,VGLUT1,MC_52:Amygdalar neurons,Ex_Lhx9_Mstn_Pld5,Ex_Lhx9_Mstn_Pld5_CTXsp,Ex_Lhx9_Mstn_Pld5_CTXsp
Ex_Fezf2_Hc,neuron,,VGLUT1,MC_52:Amygdalar neurons,Ex_Fezf2_Hc,Ex_Fezf2_Hc,Ex_Fezf2_Hc
Ex_Abi3bp_Calcrl,neuron,OLF,VGLUT1_VGLUT2,MC_55:Olfactory area excitatory neurons,Ex_Abi3bp_Calcrl,Ex_Abi3bp_Calcrl_OLF,Ex_Abi3bp_Calcrl_OLF
Ex_Abi3bp_Hcrtr2,neuron,OLF,VGLUT1_VGLUT2,MC_55:Olfactory area excitatory neurons,Ex_Abi3bp_Hcrtr2,Ex_Abi3bp_Hcrtr2_OLF,Ex_Abi3bp_Hcrtr2_OLF
Ex_Slc30a3_Shisa8_1,neuron,Isocortex,VGLUT1_VGLUT2,MC_44:Cortical and piriform upper layer neurons,Ex_Slc30a3_Shisa8,Ex_Slc30a3_Shisa8_Isocortex,Ex_Slc30a3_Shisa8_Isocortex
Ex_Slc30a3_Shisa8_2,neuron,Isocortex,VGLUT1_VGLUT2,MC_44:Cortical and piriform upper layer neurons,Ex_Slc30a3_Shisa8,Ex_Slc30a3_Shisa8_Isocortex,Ex_Slc30a3_Shisa8_Isocortex
Ex_Slc30a3_Shisa8_3,neuron,Isocortex,VGLUT1_VGLUT2,MC_44:Cortical and piriform upper layer neurons,Ex_Slc30a3_Shisa8,Ex_Slc30a3_Shisa8_Isocortex,Ex_Slc30a3_Shisa8_Isocortex
Ex_Slc30a3_Shisa8_4,neuron,Isocortex,VGLUT1_VGLUT2,MC_44:Cortical and piriform upper layer neurons,Ex_Slc30a3_Shisa8,Ex_Slc30a3_Shisa8_Isocortex,Ex_Slc30a3_Shisa8_Isocortex
Ex_Slc30a3_Shisa8_5,neuron,Isocortex,VGLUT1_VGLUT2,MC_44:Cortical and piriform upper layer neurons,Ex_Slc30a3_Shisa8,Ex_Slc30a3_Shisa8_Isocortex,Ex_Slc30a3_Shisa8_Isocortex
Ex_Slc30a3_Shisa8_6,neuron,Isocortex,VGLUT1_VGLUT2,MC_44:Cortical and piriform upper layer neurons,Ex_Slc30a3_Shisa8,Ex_Slc30a3_Shisa8_Isocortex,Ex_Slc30a3_Shisa8_Isocortex
Ex_Slc30a3_Shisa8_7,neuron,Isocortex,VGLUT1_VGLUT2,MC_44:Cortical and piriform upper layer neurons,Ex_Slc30a3_Shisa8,Ex_Slc30a3_Shisa8_Isocortex,Ex_Slc30a3_Shisa8_Isocortex
Ex_Slc30a3_Teddm3_1,neuron,MB,VGLUT1_VGLUT2,MC_44:Cortical and piriform upper layer neurons,Ex_Slc30a3_Teddm3,Ex_Slc30a3_Teddm3_MB,Ex_Slc30a3_Teddm3_MB
Ex_Slc30a3_Teddm3_2,neuron,,VGLUT1_VGLUT2,MC_44:Cortical and piriform upper layer neurons,Ex_Slc30a3_Teddm3,Ex_Slc30a3_Teddm3,Ex_Slc30a3_Teddm3
Ex_Slc30a3_Teddm3_3,neuron,Isocortex,VGLUT1,MC_44:Cortical and piriform upper layer neurons,Ex_Slc30a3_Teddm3,Ex_Slc30a3_Teddm3_Isocortex,Ex_Slc30a3_Teddm3_Isocortex
Ex_Slc30a3_Teddm3_4,neuron,,VGLUT1_VGLUT2,MC_44:Cortical and piriform upper layer neurons,Ex_Slc30a3_Teddm3,Ex_Slc30a3_Teddm3,Ex_Slc30a3_Teddm3
Ex_Slc30a3_Teddm3_5,neuron,HY,VGLUT1_VGLUT2,MC_44:Cortical and piriform upper layer neurons,Ex_Slc30a3_Teddm3,Ex_Slc30a3_Teddm3_HY,Ex_Slc30a3_Teddm3_HY
Ex_Plcg2_Traf1_1,neuron,Isocortex,VGLUT1_VGLUT2,MC_44:Cortical and piriform upper layer neurons,Ex_Plcg2_Traf1,Ex_Plcg2_Traf1_Isocortex,Ex_Plcg2_Traf1_Isocortex
Ex_Plcg2_Traf1_2,neuron,,VGLUT1_VGLUT2,MC_44:Cortical and piriform upper layer neurons,Ex_Plcg2_Traf1,Ex_Plcg2_Traf1,Ex_Plcg2_Traf1
Ex_Plcg2_Ret_1,neuron,MB,VGLUT1_VGLUT2,MC_44:Cortical and piriform upper layer neurons,Ex_Plcg2_Ret,Ex_Plcg2_Ret_MB,Ex_Plcg2_Ret_MB
Ex_Plcg2_Ret_2,neuron,Isocortex,VGLUT1_VGLUT2,MC_44:Cortical and piriform upper layer neurons,Ex_Plcg2_Ret,Ex_Plcg2_Ret_Isocortex,Ex_Plcg2_Ret_Isocortex
Ex_Slc30a3_Teddm3_6,neuron,Isocortex,VGLUT1_VGLUT2,MC_44:Cortical and piriform upper layer neurons,Ex_Slc30a3_Teddm3,Ex_Slc30a3_Teddm3_Isocortex,Ex_Slc30a3_Teddm3_Isocortex
Ex_Foxp2_C130074G19Rik_1,neuron,MB,VGLUT1_VGLUT2,MC_44:Cortical and piriform upper layer neurons,Ex_Foxp2_C130074G19Rik,Ex_Foxp2_C130074G19Rik_MB,Ex_Foxp2_C130074G19Rik_MB
Ex_Foxp2_C130074G19Rik_2,neuron,,VGLUT1_VGLUT2,MC_44:Cortical and piriform upper layer neurons,Ex_Foxp2_C130074G19Rik,Ex_Foxp2_C130074G19Rik,Ex_Foxp2_C130074G19Rik
Ex_Foxp2_C130074G19Rik_3,neuron,Isocortex,VGLUT1_VGLUT2,MC_44:Cortical and piriform upper layer neurons,Ex_Foxp2_C130074G19Rik,Ex_Foxp2_C130074G19Rik_Isocortex,Ex_Foxp2_C130074G19Rik_Isocortex
Ex_Foxp2_Dsc3,neuron,HPF,VGLUT1_VGLUT2,MC_43:Upper layer excitatory neurons (primarily entorhinal and subicular),Ex_Foxp2_Dsc3,Ex_Foxp2_Dsc3_HPF,Ex_Foxp2_Dsc3_HPF
Ex_Fezf2_Cpa6,neuron,Isocortex,VGLUT1,MC_31:Lower layer isocortical neurons,Ex_Fezf2_Cpa6,Ex_Fezf2_Cpa6_Isocortex,Ex_Fezf2_Cpa6_Isocortex
Ex_Foxp2_Col12a1_Ddo,neuron,Isocortex,VGLUT1,MC_31:Lower layer isocortical neurons,Ex_Foxp2_Col12a1_Ddo,Ex_Foxp2_Col12a1_Ddo_Isocortex,Ex_Foxp2_Col12a1_Ddo_Isocortex
Ex_Foxp2_Col12a1_Nxph1,neuron,Isocortex,VGLUT1,MC_31:Lower layer isocortical neurons,Ex_Foxp2_Col12a1_Nxph1,Ex_Foxp2_Col12a1_Nxph1_Isocortex,Ex_Foxp2_Col12a1_Nxph1_Isocortex
Ex_Foxp2_Col5a1,neuron,Isocortex,VGLUT1,MC_31:Lower layer isocortical neurons,Ex_Foxp2_Col5a1,Ex_Foxp2_Col5a1_Isocortex,Ex_Foxp2_Col5a1_Isocortex
Ex_Fezf2_Cknsr3,neuron,Isocortex,VGLUT1,MC_31:Lower layer isocortical neurons,Ex_Fezf2_Cknsr3,Ex_Fezf2_Cknsr3_Isocortex,Ex_Fezf2_Cknsr3_Isocortex
Ex_Fezf2_Cnksr3_C7,neuron,Isocortex,VGLUT1,MC_31:Lower layer isocortical neurons,Ex_Fezf2_Cnksr3_C7,Ex_Fezf2_Cnksr3_C7_Isocortex,Ex_Fezf2_Cnksr3_C7_Isocortex
Ex_Fezf2_Cnksr3_Fos,neuron,Isocortex,VGLUT1,MC_31:Lower layer isocortical neurons,Ex_Fezf2_Cnksr3_Fos,Ex_Fezf2_Cnksr3_Fos_Isocortex,Ex_Fezf2_Cnksr3_Fos_Isocortex
Ex_Fezf2_Cnksr3_Areg,neuron,Isocortex,VGLUT1,MC_31:Lower layer isocortical neurons,Ex_Fezf2_Cnksr3_Areg,Ex_Fezf2_Cnksr3_Areg_Isocortex,Ex_Fezf2_Cnksr3_Areg_Isocortex
Ex_Fezf2_Col6a1_Tg,neuron,Isocortex,VGLUT1,MC_34:Layer 6 isocortical neurons,Ex_Fezf2_Col6a1_Tg,Ex_Fezf2_Col6a1_Tg_Isocortex,Ex_Fezf2_Col6a1_Tg_Isocortex_L6
Ex_Fezf2_Col6a1_Gpr139,neuron,Isocortex,VGLUT1,MC_31:Lower layer isocortical neurons,Ex_Fezf2_Col6a1_Gpr139,Ex_Fezf2_Col6a1_Gpr139_Isocortex,Ex_Fezf2_Col6a1_Gpr139_Isocortex
Ex_Fezf2_Col6a1_Gp139_Fos,neuron,Isocortex,VGLUT1,MC_31:Lower layer isocortical neurons,Ex_Fezf2_Col6a1_Gp139_Fos,Ex_Fezf2_Col6a1_Gp139_Fos_Isocortex,Ex_Fezf2_Col6a1_Gp139_Fos_Isocortex
Ex_Fezf2_Sebox,neuron,Isocortex,VGLUT1,MC_31:Lower layer isocortical neurons,Ex_Fezf2_Sebox,Ex_Fezf2_Sebox_Isocortex,Ex_Fezf2_Sebox_Isocortex
Ex_Fezf2_Urah_Shisa9_1,neuron,Isocortex,VGLUT1_VGLUT2,MC_31:Lower layer isocortical neurons,Ex_Fezf2_Urah_Shisa9,Ex_Fezf2_Urah_Shisa9_Isocortex,Ex_Fezf2_Urah_Shisa9_Isocortex
Ex_Fezf2_Urah_Sntb1,neuron,Isocortex,VGLUT1_VGLUT2,MC_31:Lower layer isocortical neurons,Ex_Fezf2_Urah_Sntb1,Ex_Fezf2_Urah_Sntb1_Isocortex,Ex_Fezf2_Urah_Sntb1_Isocortex
Ex_Fezf2_Urah_Shisa9_2,neuron,Isocortex,VGLUT1_VGLUT2,MC_31:Lower layer isocortical neurons,Ex_Fezf2_Urah_Shisa9,Ex_Fezf2_Urah_Shisa9_Isocortex,Ex_Fezf2_Urah_Shisa9_Isocortex
Ex_Fezf2_Urah_Shisa9_3,neuron,Isocortex,VGLUT1_VGLUT2,MC_31:Lower layer isocortical neurons,Ex_Fezf2_Urah_Shisa9,Ex_Fezf2_Urah_Shisa9_Isocortex,Ex_Fezf2_Urah_Shisa9_Isocortex
Ex_Fezf2_Urah_Alcam,neuron,Isocortex,VGLUT1,MC_31:Lower layer isocortical neurons,Ex_Fezf2_Urah_Alcam,Ex_Fezf2_Urah_Alcam_Isocortex,Ex_Fezf2_Urah_Alcam_Isocortex
Ex_Fezf2_Kit_Sostdc1,neuron,Isocortex,VGLUT1,MC_31:Lower layer isocortical neurons,Ex_Fezf2_Kit_Sostdc1,Ex_Fezf2_Kit_Sostdc1_Isocortex,Ex_Fezf2_Kit_Sostdc1_Isocortex
Ex_Nxph4_Moxd1_Igfbp4,neuron,Isocortex,VGLUT1,MC_34:Layer 6 isocortical neurons,Ex_Nxph4_Moxd1_Igfbp4,Ex_Nxph4_Moxd1_Igfbp4_Isocortex,Ex_Nxph4_Moxd1_Igfbp4_Isocortex_L6
Ex_Nxph4_Kynu,neuron,Isocortex,VGLUT1,MC_34:Layer 6 isocortical neurons,Ex_Nxph4_Kynu,Ex_Nxph4_Kynu_Isocortex,Ex_Nxph4_Kynu_Isocortex_L6
Ex_Nxph4_Lman1l_Pdgfc,neuron,Isocortex,VGLUT1,MC_34:Layer 6 isocortical neurons,Ex_Nxph4_Lman1l_Pdgfc,Ex_Nxph4_Lman1l_Pdgfc_Isocortex,Ex_Nxph4_Lman1l_Pdgfc_Isocortex_L6
Ex_Nxph4_Lman1l_Chrm2,neuron,Isocortex,VGLUT1,MC_34:Layer 6 isocortical neurons,Ex_Nxph4_Lman1l_Chrm2,Ex_Nxph4_Lman1l_Chrm2_Isocortex,Ex_Nxph4_Lman1l_Chrm2_Isocortex_L6
Ex_Nxph4_Kcnj5,neuron,Isocortex,VGLUT1,MC_34:Layer 6 isocortical neurons,Ex_Nxph4_Kcnj5,Ex_Nxph4_Kcnj5_Isocortex,Ex_Nxph4_Kcnj5_Isocortex_L6
Ex_Nxph4_Moxd1_Htr2c,neuron,Isocortex,VGLUT1,MC_34:Layer 6 isocortical neurons,Ex_Nxph4_Moxd1_Htr2c,Ex_Nxph4_Moxd1_Htr2c_Isocortex,Ex_Nxph4_Moxd1_Htr2c_Isocortex_L6
Ex_Nxph4_Sema5a,neuron,Isocortex,VGLUT1,MC_34:Layer 6 isocortical neurons,Ex_Nxph4_Sema5a,Ex_Nxph4_Sema5a_Isocortex,Ex_Nxph4_Sema5a_Isocortex_L6
Ex_Nxph4_Lman1l,neuron,Isocortex,VGLUT1,MC_34:Layer 6 isocortical neurons,Ex_Nxph4_Lman1l,Ex_Nxph4_Lman1l_Isocortex,Ex_Nxph4_Lman1l_Isocortex_L6
Ex_Nxph4_Ror1,neuron,Isocortex,VGLUT1,MC_34:Layer 6 isocortical neurons,Ex_Nxph4_Ror1,Ex_Nxph4_Ror1_Isocortex,Ex_Nxph4_Ror1_Isocortex_L6
Ex_Nxph4_Olfr110_Cplx3,neuron,Isocortex,VGLUT1,MC_34:Layer 6 isocortical neurons,Ex_Nxph4_Olfr110_Cplx3,Ex_Nxph4_Olfr110_Cplx3_Isocortex,Ex_Nxph4_Olfr110_Cplx3_Isocortex_L6
Ex_Nxph4_Olfr110_Crhr1,neuron,Isocortex,VGLUT1_VGLUT3,MC_34:Layer 6 isocortical neurons,Ex_Nxph4_Olfr110_Crhr1,Ex_Nxph4_Olfr110_Crhr1_Isocortex,Ex_Nxph4_Olfr110_Crhr1_Isocortex_L6
Ex_Nxph4_Pmfbp1,neuron,Isocortex,VGLUT1,MC_34:Layer 6 isocortical neurons,Ex_Nxph4_Pmfbp1,Ex_Nxph4_Pmfbp1_Isocortex,Ex_Nxph4_Pmfbp1_Isocortex_L6
Ex_Cplx3_Samd9l,neuron,HPF,VGLUT1,MC_35:Entorhinal and endopiriform neurons,Ex_Cplx3_Samd9l,Ex_Cplx3_Samd9l_HPF,Ex_Cplx3_Samd9l_HPF
Ex_Ccn2_Nmbr_1,neuron,HPF,VGLUT1,MC_35:Entorhinal and endopiriform neurons,Ex_Ccn2_Nmbr,Ex_Ccn2_Nmbr_HPF,Ex_Ccn2_Nmbr_HPF
Ex_Ccn2_Nmbr_2,neuron,HPF,VGLUT1,MC_35:Entorhinal and endopiriform neurons,Ex_Ccn2_Nmbr,Ex_Ccn2_Nmbr_HPF,Ex_Ccn2_Nmbr_HPF
Ex_Ccn2_Nmbr_3,neuron,HPF,VGLUT1,MC_35:Entorhinal and endopiriform neurons,Ex_Ccn2_Nmbr,Ex_Ccn2_Nmbr_HPF,Ex_Ccn2_Nmbr_HPF
Ex_Ccn2_Nmbr_4,neuron,HPF,VGLUT1,MC_35:Entorhinal and endopiriform neurons,Ex_Ccn2_Nmbr,Ex_Ccn2_Nmbr_HPF,Ex_Ccn2_Nmbr_HPF
Ex_Ccn2_Prph,neuron,Isocortex,VGLUT1,MC_35:Entorhinal and endopiriform neurons,Ex_Ccn2_Prph,Ex_Ccn2_Prph_Isocortex,Ex_Ccn2_Prph_Isocortex
Ex_Nmbr_Cobll1,neuron,HPF,VGLUT1,MC_35:Entorhinal and endopiriform neurons,Ex_Nmbr_Cobll1,Ex_Nmbr_Cobll1_HPF,Ex_Nmbr_Cobll1_HPF
Ex_Nxph4_Megf6,neuron,HPF,VGLUT1,MC_35:Entorhinal and endopiriform neurons,Ex_Nxph4_Megf6,Ex_Nxph4_Megf6_HPF,Ex_Nxph4_Megf6_HPF
Ex_Nxph4_Nmbr,neuron,CTXsp,VGLUT1,MC_35:Entorhinal and endopiriform neurons,Ex_Nxph4_Nmbr,Ex_Nxph4_Nmbr_CTXsp,Ex_Nxph4_Nmbr_CTXsp
Ex_Fezf2_Slc9a4,neuron,Isocortex,VGLUT1,MC_33:Layer 6 isocortical neurons,Ex_Fezf2_Slc9a4,Ex_Fezf2_Slc9a4_Isocortex,Ex_Fezf2_Slc9a4_Isocortex_L6
Ex_Fezf2_Slc9a4_Fos,neuron,Isocortex,VGLUT1,MC_33:Layer 6 isocortical neurons,Ex_Fezf2_Slc9a4_Fos,Ex_Fezf2_Slc9a4_Fos_Isocortex,Ex_Fezf2_Slc9a4_Fos_Isocortex_L6
Ex_Rorb_Cobll1,neuron,Isocortex,VGLUT1,MC_33:Layer 6 isocortical neurons,Ex_Rorb_Cobll1,Ex_Rorb_Cobll1_Isocortex,Ex_Rorb_Cobll1_Isocortex_L6
Ex_Fezf2_Kl_1,neuron,Isocortex,VGLUT1,MC_32:Subicular neurons,Ex_Fezf2_Kl,Ex_Fezf2_Kl_Isocortex,Ex_Fezf2_Kl_Isocortex
Ex_Fezf2_Kl_2,neuron,Isocortex,VGLUT1,MC_32:Subicular neurons,Ex_Fezf2_Kl,Ex_Fezf2_Kl_Isocortex,Ex_Fezf2_Kl_Isocortex
Ex_Fezf2_Abca12,neuron,HPF,VGLUT1_VGLUT2,MC_32:Subicular neurons,Ex_Fezf2_Abca12,Ex_Fezf2_Abca12_HPF,Ex_Fezf2_Abca12_HPF
Ex_Fezf2_Pirt_Stum,neuron,HPF,VGLUT1_VGLUT2,MC_32:Subicular neurons,Ex_Fezf2_Pirt_Stum,Ex_Fezf2_Pirt_Stum_HPF,Ex_Fezf2_Pirt_Stum_HPF
Ex_Fezf2_Pirt_Cadps2,neuron,Isocortex,VGLUT1_VGLUT2,MC_32:Subicular neurons,Ex_Fezf2_Pirt_Cadps2,Ex_Fezf2_Pirt_Cadps2_Isocortex,Ex_Fezf2_Pirt_Cadps2_Isocortex
Ex_Rorb_Pirt_Fn1,neuron,Isocortex,VGLUT1_VGLUT2,MC_32:Subicular neurons,Ex_Rorb_Pirt_Fn1,Ex_Rorb_Pirt_Fn1_Isocortex,Ex_Rorb_Pirt_Fn1_Isocortex
Ex_Fezf2_Pirt_Gli2,neuron,HPF,VGLUT1_VGLUT2,MC_32:Subicular neurons,Ex_Fezf2_Pirt_Gli2,Ex_Fezf2_Pirt_Gli2_HPF,Ex_Fezf2_Pirt_Gli2_HPF
Ex_Vwc2l_Gli2,neuron,HPF,VGLUT1_VGLUT2,MC_32:Subicular neurons,Ex_Vwc2l_Gli2,Ex_Vwc2l_Gli2_HPF,Ex_Vwc2l_Gli2_HPF
Ex_Fezf2_Tmem255b_1,neuron,Isocortex,VGLUT1_VGLUT2,MC_34:Layer 6 isocortical neurons,Ex_Fezf2_Tmem255b,Ex_Fezf2_Tmem255b_Isocortex,Ex_Fezf2_Tmem255b_Isocortex_L6
Ex_Fezf2_Tmem255b_2,neuron,Isocortex,VGLUT1,MC_34:Layer 6 isocortical neurons,Ex_Fezf2_Tmem255b,Ex_Fezf2_Tmem255b_Isocortex,Ex_Fezf2_Tmem255b_Isocortex_L6
Ex_Fezf2_Tmem255b_3,neuron,Isocortex,VGLUT1,MC_34:Layer 6 isocortical neurons,Ex_Fezf2_Tmem255b,Ex_Fezf2_Tmem255b_Isocortex,Ex_Fezf2_Tmem255b_Isocortex_L6
Ex_Fezf2_Myzap,neuron,Isocortex,VGLUT1_VGLUT2,MC_31:Lower layer isocortical neurons,Ex_Fezf2_Myzap,Ex_Fezf2_Myzap_Isocortex,Ex_Fezf2_Myzap_Isocortex
Ex_Fezf2_Pvalb_Pirt,neuron,Isocortex,VGLUT1_VGLUT2,MC_31:Lower layer isocortical neurons,Ex_Fezf2_Pvalb_Pirt,Ex_Fezf2_Pvalb_Pirt_Isocortex,Ex_Fezf2_Pvalb_Pirt_Isocortex
Ex_Fezf2_Pvalb_Chn2,neuron,Isocortex,VGLUT1_VGLUT2,MC_31:Lower layer isocortical neurons,Ex_Fezf2_Pvalb_Chn2,Ex_Fezf2_Pvalb_Chn2_Isocortex,Ex_Fezf2_Pvalb_Chn2_Isocortex
Ex_Fezf2_Hmga2_Cdh6,neuron,Isocortex,VGLUT1_VGLUT2,MC_31:Lower layer isocortical neurons,Ex_Fezf2_Hmga2_Cdh6,Ex_Fezf2_Hmga2_Cdh6_Isocortex,Ex_Fezf2_Hmga2_Cdh6_Isocortex
Ex_Fezf2_Hmga2_Ttc6,neuron,Isocortex,VGLUT1_VGLUT2,MC_31:Lower layer isocortical neurons,Ex_Fezf2_Hmga2_Ttc6,Ex_Fezf2_Hmga2_Ttc6_Isocortex,Ex_Fezf2_Hmga2_Ttc6_Isocortex
Ex_Fezf2_Hmga2_Gfra2,neuron,Isocortex,VGLUT1_VGLUT2,MC_31:Lower layer isocortical neurons,Ex_Fezf2_Hmga2_Gfra2,Ex_Fezf2_Hmga2_Gfra2_Isocortex,Ex_Fezf2_Hmga2_Gfra2_Isocortex
Ex_Fezf2_Slc17a8_Rxfp2,neuron,Isocortex,VGLUT1_VGLUT3,MC_31:Lower layer isocortical neurons,Ex_Fezf2_Slc17a8_Rxfp2,Ex_Fezf2_Slc17a8_Rxfp2_Isocortex,Ex_Fezf2_Slc17a8_Rxfp2_Isocortex
Ex_Fezf2_Slc17a8_Rxfp1,neuron,Isocortex,VGLUT1_VGLUT2_VGLUT3,MC_31:Lower layer isocortical neurons,Ex_Fezf2_Slc17a8_Rxfp1,Ex_Fezf2_Slc17a8_Rxfp1_Isocortex,Ex_Fezf2_Slc17a8_Rxfp1_Isocortex
Ex_Dsp_Moxd1_1,neuron,HPF,VGLUT1,MC_217:Dentate principal neurons,Ex_Dsp_Moxd1,Ex_Dsp_Moxd1_HPF,Ex_Dsp_Moxd1_HPF
Ex_Dsp_Moxd1_2,neuron,HPF,VGLUT1,MC_217:Dentate principal neurons,Ex_Dsp_Moxd1,Ex_Dsp_Moxd1_HPF,Ex_Dsp_Moxd1_HPF
Ex_Dsp_Moxd1_3,neuron,HPF,VGLUT1,MC_217:Dentate principal neurons,Ex_Dsp_Moxd1,Ex_Dsp_Moxd1_HPF,Ex_Dsp_Moxd1_HPF
Ex_Dsp_Moxd1_4,neuron,HPF,VGLUT1,MC_217:Dentate principal neurons,Ex_Dsp_Moxd1,Ex_Dsp_Moxd1_HPF,Ex_Dsp_Moxd1_HPF
Ex_Dsp_Gsg1l,neuron,HPF,VGLUT1,MC_217:Dentate principal neurons,Ex_Dsp_Gsg1l,Ex_Dsp_Gsg1l_HPF,Ex_Dsp_Gsg1l_HPF
Ex_Crlf1_Ntn5_1,neuron,HPF,VGLUT1,MC_217:Dentate principal neurons,Ex_Crlf1_Ntn5,Ex_Crlf1_Ntn5_HPF,Ex_Crlf1_Ntn5_HPF
Ex_Crlf1_Ntn5_2,neuron,Isocortex,VGLUT1,MC_217:Dentate principal neurons,Ex_Crlf1_Ntn5,Ex_Crlf1_Ntn5_Isocortex,Ex_Crlf1_Ntn5_Isocortex
NG_Draxin_1,NG,HPF,none,MC_59:Immature olfactory bulb neurons,NG_Draxin,NG_Draxin_HPF,NG_Draxin_HPF
NG_Draxin_2,NG,HPF,none,MC_59:Immature olfactory bulb neurons,NG_Draxin,NG_Draxin_HPF,NG_Draxin_HPF
NG_Draxin_3,NG,Isocortex,none,MC_59:Immature olfactory bulb neurons,NG_Draxin,NG_Draxin_Isocortex,NG_Draxin_Isocortex
NG_Draxin_4,NG,HPF,none,MC_59:Immature olfactory bulb neurons,NG_Draxin,NG_Draxin_HPF,NG_Draxin_HPF
NG_Draxin_5,NG,HPF,none,MC_59:Immature olfactory bulb neurons,NG_Draxin,NG_Draxin_HPF,NG_Draxin_HPF
NG_Draxin_6,NG,HPF,none,MC_59:Immature olfactory bulb neurons,NG_Draxin,NG_Draxin_HPF,NG_Draxin_HPF
NG_Draxin_7,NG,HPF,none,MC_59:Immature olfactory bulb neurons,NG_Draxin,NG_Draxin_HPF,NG_Draxin_HPF
NG_Draxin_8,NG,,none,MC_59:Immature olfactory bulb neurons,NG_Draxin,NG_Draxin,NG_Draxin
Ex_Dsp_Atf3_1,neuron,HPF,VGLUT1,MC_217:Dentate principal neurons,Ex_Dsp_Atf3,Ex_Dsp_Atf3_HPF,Ex_Dsp_Atf3_HPF
Ex_Dsp_Atf3_2,neuron,HPF,VGLUT1,MC_217:Dentate principal neurons,Ex_Dsp_Atf3,Ex_Dsp_Atf3_HPF,Ex_Dsp_Atf3_HPF
Ex_Dsp_Atf3_3,neuron,HPF,VGLUT1,MC_217:Dentate principal neurons,Ex_Dsp_Atf3,Ex_Dsp_Atf3_HPF,Ex_Dsp_Atf3_HPF
Inh_Vip_Grpr,neuron,Isocortex,GABA,MC_26:CGE interneurons,Inh_Vip_Grpr,Inh_Vip_Grpr_Isocortex,Inh_Vip_Grpr_Isocortex
Inh_Vip_Glp1r_Kcnh5,neuron,Isocortex,GABA,MC_26:CGE interneurons,Inh_Vip_Glp1r_Kcnh5,Inh_Vip_Glp1r_Kcnh5_Isocortex,Inh_Vip_Glp1r_Kcnh5_Isocortex
Inh_Vip_Glp1r_Egfr,neuron,Isocortex,GABA,MC_26:CGE interneurons,Inh_Vip_Glp1r_Egfr,Inh_Vip_Glp1r_Egfr_Isocortex,Inh_Vip_Glp1r_Egfr_Isocortex
Inh_Vip_Crh_1,neuron,Isocortex,GABA,MC_26:CGE interneurons,Inh_Vip_Crh,Inh_Vip_Crh_Isocortex,Inh_Vip_Crh_Isocortex
Inh_Vip_Crh_2,neuron,HPF,GABA,MC_26:CGE interneurons,Inh_Vip_Crh,Inh_Vip_Crh_HPF,Inh_Vip_Crh_HPF
Inh_Htr3a_Nr2e1_1,neuron,CTXsp,GABA,MC_26:CGE interneurons,Inh_Htr3a_Nr2e1,Inh_Htr3a_Nr2e1_CTXsp,Inh_Htr3a_Nr2e1_CTXsp
Inh_Htr3a_Nr2e1_2,neuron,CTXsp,GABA,MC_26:CGE interneurons,Inh_Htr3a_Nr2e1,Inh_Htr3a_Nr2e1_CTXsp,Inh_Htr3a_Nr2e1_CTXsp
Inh_Htr3a_Tcim_1,neuron,OLF,GABA,MC_26:CGE interneurons,Inh_Htr3a_Tcim,Inh_Htr3a_Tcim_OLF,Inh_Htr3a_Tcim_OLF
Inh_Htr3a_Tcim_2,neuron,OLF,GABA,MC_26:CGE interneurons,Inh_Htr3a_Tcim,Inh_Htr3a_Tcim_OLF,Inh_Htr3a_Tcim_OLF
Inh_Htr3a_Cxcl14_1,neuron,Isocortex,GABA,MC_26:CGE interneurons,Inh_Htr3a_Cxcl14,Inh_Htr3a_Cxcl14_Isocortex,Inh_Htr3a_Cxcl14_Isocortex
Inh_Htr3a_Cxcl14_2,neuron,OLF,GABA,MC_26:CGE interneurons,Inh_Htr3a_Cxcl14,Inh_Htr3a_Cxcl14_OLF,Inh_Htr3a_Cxcl14_OLF
Inh_Sncg_Slc17a8,neuron,HPF,VGLUT3_GABA,MC_28:CGE interneurons of multiple telencephalic areas,Inh_Sncg_Slc17a8,Inh_Sncg_Slc17a8_HPF,Inh_Sncg_Slc17a8_HPF
Inh_Sncg_Sln_Npy,neuron,Isocortex,GABA,MC_28:CGE interneurons of multiple telencephalic areas,Inh_Sncg_Sln_Npy,Inh_Sncg_Sln_Npy_Isocortex,Inh_Sncg_Sln_Npy_Isocortex
Inh_Sncg_Abcb5,neuron,Isocortex,GABA,MC_27:CGE interneurons of isocortex and amygdala,Inh_Sncg_Abcb5,Inh_Sncg_Abcb5_Isocortex,Inh_Sncg_Abcb5_Isocortex
Inh_Sncg_Sln_Plch2_1,neuron,OLF,GABA,MC_28:CGE interneurons of multiple telencephalic areas,Inh_Sncg_Sln_Plch2,Inh_Sncg_Sln_Plch2_OLF,Inh_Sncg_Sln_Plch2_OLF
Inh_Sncg_Sln_Plch2_2,neuron,OLF,GABA,MC_28:CGE interneurons of multiple telencephalic areas,Inh_Sncg_Sln_Plch2,Inh_Sncg_Sln_Plch2_OLF,Inh_Sncg_Sln_Plch2_OLF
Inh_Vip_Sncg_Tac2,neuron,Isocortex,GABA,MC_27:CGE interneurons of isocortex and amygdala,Inh_Vip_Sncg_Tac2,Inh_Vip_Sncg_Tac2_Isocortex,Inh_Vip_Sncg_Tac2_Isocortex
Inh_Sncg_Np2yr_Whrn_1,neuron,Isocortex,GABA,MC_27:CGE interneurons of isocortex and amygdala,Inh_Sncg_Np2yr_Whrn,Inh_Sncg_Np2yr_Whrn_Isocortex,Inh_Sncg_Np2yr_Whrn_Isocortex
Inh_Sncg_Np2yr_Whrn_2,neuron,Isocortex,GABA,MC_27:CGE interneurons of isocortex and amygdala,Inh_Sncg_Np2yr_Whrn,Inh_Sncg_Np2yr_Whrn_Isocortex,Inh_Sncg_Np2yr_Whrn_Isocortex
Inh_Sncg_Np2yr_Fos_1,neuron,Isocortex,GABA,MC_27:CGE interneurons of isocortex and amygdala,Inh_Sncg_Np2yr_Fos,Inh_Sncg_Np2yr_Fos_Isocortex,Inh_Sncg_Np2yr_Fos_Isocortex
Inh_Sncg_Np2yr_Fos_2,neuron,Isocortex,GABA,MC_27:CGE interneurons of isocortex and amygdala,Inh_Sncg_Np2yr_Fos,Inh_Sncg_Np2yr_Fos_Isocortex,Inh_Sncg_Np2yr_Fos_Isocortex
Inh_Sncg_Ror1,neuron,Isocortex,GABA,MC_27:CGE interneurons of isocortex and amygdala,Inh_Sncg_Ror1,Inh_Sncg_Ror1_Isocortex,Inh_Sncg_Ror1_Isocortex
Inh_Vip_Sncg_Yjefn3,neuron,Isocortex,GABA,MC_27:CGE interneurons of isocortex and amygdala,Inh_Vip_Sncg_Yjefn3,Inh_Vip_Sncg_Yjefn3_Isocortex,Inh_Vip_Sncg_Yjefn3_Isocortex
Inh_Vip_Sncg_Slit1,neuron,OLF,GABA,MC_27:CGE interneurons of isocortex and amygdala,Inh_Vip_Sncg_Slit1,Inh_Vip_Sncg_Slit1_OLF,Inh_Vip_Sncg_Slit1_OLF
Inh_Htr3a_Grpr_1,neuron,HPF,GABA,MC_29:CGE interneurons of hippocampus and insula,Inh_Htr3a_Grpr,Inh_Htr3a_Grpr_HPF,Inh_Htr3a_Grpr_HPF
Inh_Htr3a_Grpr_2,neuron,Isocortex,GABA,MC_26:CGE interneurons,Inh_Htr3a_Grpr,Inh_Htr3a_Grpr_Isocortex,Inh_Htr3a_Grpr_Isocortex
Inh_Htr3a_Nxph3,neuron,HPF,GABA,MC_26:CGE interneurons,Inh_Htr3a_Nxph3,Inh_Htr3a_Nxph3_HPF,Inh_Htr3a_Nxph3_HPF
Inh_Htr3a_Grpr_3,neuron,Isocortex,GABA,MC_26:CGE interneurons,Inh_Htr3a_Grpr,Inh_Htr3a_Grpr_Isocortex,Inh_Htr3a_Grpr_Isocortex
Inh_Htr3a_Bmp3_1,neuron,Isocortex,GABA,MC_26:CGE interneurons,Inh_Htr3a_Bmp3,Inh_Htr3a_Bmp3_Isocortex,Inh_Htr3a_Bmp3_Isocortex
Inh_Htr3a_Bmp3_2,neuron,Isocortex,GABA,MC_26:CGE interneurons,Inh_Htr3a_Bmp3,Inh_Htr3a_Bmp3_Isocortex,Inh_Htr3a_Bmp3_Isocortex
Inh_Htr3a_Bmp3_3,neuron,Isocortex,GABA,MC_26:CGE interneurons,Inh_Htr3a_Bmp3,Inh_Htr3a_Bmp3_Isocortex,Inh_Htr3a_Bmp3_Isocortex
Inh_Htr3a_Bmp3_4,neuron,Isocortex,GABA,MC_29:CGE interneurons of hippocampus and insula,Inh_Htr3a_Bmp3,Inh_Htr3a_Bmp3_Isocortex,Inh_Htr3a_Bmp3_Isocortex
Inh_Htr3a_Bmp3_5,neuron,Isocortex,GABA,MC_29:CGE interneurons of hippocampus and insula,Inh_Htr3a_Bmp3,Inh_Htr3a_Bmp3_Isocortex,Inh_Htr3a_Bmp3_Isocortex
Inh_Htr3a_Col5a2,neuron,CTXsp,GABA,MC_29:CGE interneurons of hippocampus and insula,Inh_Htr3a_Col5a2,Inh_Htr3a_Col5a2_CTXsp,Inh_Htr3a_Col5a2_CTXsp
Inh_Htr3a_Bmp3_6,neuron,Isocortex,GABA,MC_29:CGE interneurons of hippocampus and insula,Inh_Htr3a_Bmp3,Inh_Htr3a_Bmp3_Isocortex,Inh_Htr3a_Bmp3_Isocortex
Inh_Htr3a_Prok2,neuron,OLF,GABA,MC_29:CGE interneurons of hippocampus and insula,Inh_Htr3a_Prok2,Inh_Htr3a_Prok2_OLF,Inh_Htr3a_Prok2_OLF
Inh_Vip_Slc17a8,neuron,HPF,GABA,MC_29:CGE interneurons of hippocampus and insula,Inh_Vip_Slc17a8,Inh_Vip_Slc17a8_HPF,Inh_Vip_Slc17a8_HPF
Inh_Htr3a_Pdzph1_1,neuron,CTXsp,VGLUT3_GABA,MC_26:CGE interneurons,Inh_Htr3a_Pdzph1,Inh_Htr3a_Pdzph1_CTXsp,Inh_Htr3a_Pdzph1_CTXsp
Inh_Htr3a_Pdzph1_2,neuron,Isocortex,VGLUT3_GABA,MC_26:CGE interneurons,Inh_Htr3a_Pdzph1,Inh_Htr3a_Pdzph1_Isocortex,Inh_Htr3a_Pdzph1_Isocortex
Inh_Htr3a_Pdzph1_3,neuron,CTXsp,VGLUT3_GABA,MC_26:CGE interneurons,Inh_Htr3a_Pdzph1,Inh_Htr3a_Pdzph1_CTXsp,Inh_Htr3a_Pdzph1_CTXsp
Inh_Htr3a_Pdzph1_4,neuron,CTXsp,GABA,MC_26:CGE interneurons,Inh_Htr3a_Pdzph1,Inh_Htr3a_Pdzph1_CTXsp,Inh_Htr3a_Pdzph1_CTXsp
Inh_Htr3a_Pdzph1_5,neuron,HPF,GABA,MC_29:CGE interneurons of hippocampus and insula,Inh_Htr3a_Pdzph1,Inh_Htr3a_Pdzph1_HPF,Inh_Htr3a_Pdzph1_HPF
Inh_Htr3a_Prom1_1,neuron,Isocortex,GABA,MC_29:CGE interneurons of hippocampus and insula,Inh_Htr3a_Prom1,Inh_Htr3a_Prom1_Isocortex,Inh_Htr3a_Prom1_Isocortex
Inh_Htr3a_Prom1_2,neuron,HPF,GABA,MC_29:CGE interneurons of hippocampus and insula,Inh_Htr3a_Prom1,Inh_Htr3a_Prom1_HPF,Inh_Htr3a_Prom1_HPF
Inh_Htr3a_Prom1_3,neuron,,GABA,MC_29:CGE interneurons of hippocampus and insula,Inh_Htr3a_Prom1,Inh_Htr3a_Prom1,Inh_Htr3a_Prom1
Inh_Htr3a_Prom1_4,neuron,Isocortex,GABA,MC_29:CGE interneurons of hippocampus and insula,Inh_Htr3a_Prom1,Inh_Htr3a_Prom1_Isocortex,Inh_Htr3a_Prom1_Isocortex
Inh_Sncg_Edn3,neuron,Isocortex,GABA,MC_28:CGE interneurons of multiple telencephalic areas,Inh_Sncg_Edn3,Inh_Sncg_Edn3_Isocortex,Inh_Sncg_Edn3_Isocortex
Inh_Vip_Crh_Sema5b,neuron,Isocortex,GABA,MC_28:CGE interneurons of multiple telencephalic areas,Inh_Vip_Crh_Sema5b,Inh_Vip_Crh_Sema5b_Isocortex,Inh_Vip_Crh_Sema5b_Isocortex
Inh_Sncg_Calcb_1,neuron,Isocortex,VGLUT3_GABA,MC_28:CGE interneurons of multiple telencephalic areas,Inh_Sncg_Calcb,Inh_Sncg_Calcb_Isocortex,Inh_Sncg_Calcb_Isocortex
Inh_Sncg_Calcb_2,neuron,Isocortex,GABA,MC_28:CGE interneurons of multiple telencephalic areas,Inh_Sncg_Calcb,Inh_Sncg_Calcb_Isocortex,Inh_Sncg_Calcb_Isocortex
Inh_Sncg_Calcb_3,neuron,Isocortex,GABA,MC_28:CGE interneurons of multiple telencephalic areas,Inh_Sncg_Calcb,Inh_Sncg_Calcb_Isocortex,Inh_Sncg_Calcb_Isocortex
Inh_Sncg_Calcb_5,neuron,Isocortex,GABA,MC_28:CGE interneurons of multiple telencephalic areas,Inh_Sncg_Calcb,Inh_Sncg_Calcb_Isocortex,Inh_Sncg_Calcb_Isocortex
Inh_Sncg_Calcb_6,neuron,HPF,VGLUT3_GABA,MC_29:CGE interneurons of hippocampus and insula,Inh_Sncg_Calcb,Inh_Sncg_Calcb_HPF,Inh_Sncg_Calcb_HPF
Inh_Sncg_Pvalb,neuron,Isocortex,GABA,MC_29:CGE interneurons of hippocampus and insula,Inh_Sncg_Pvalb,Inh_Sncg_Pvalb_Isocortex,Inh_Sncg_Pvalb_Isocortex
Inh_Sncg_Calcb_7,neuron,Isocortex,VGLUT3_GABA,MC_29:CGE interneurons of hippocampus and insula,Inh_Sncg_Calcb,Inh_Sncg_Calcb_Isocortex,Inh_Sncg_Calcb_Isocortex
Inh_Htr3a_Ibsp_1,neuron,Isocortex,GABA,MC_29:CGE interneurons of hippocampus and insula,Inh_Htr3a_Ibsp,Inh_Htr3a_Ibsp_Isocortex,Inh_Htr3a_Ibsp_Isocortex
Inh_Htr3a_Ibsp_2,neuron,HPF,GABA,MC_29:CGE interneurons of hippocampus and insula,Inh_Htr3a_Ibsp,Inh_Htr3a_Ibsp_HPF,Inh_Htr3a_Ibsp_HPF
Inh_Htr3a_Ibsp_3,neuron,Isocortex,VGLUT3_GABA,MC_29:CGE interneurons of hippocampus and insula,Inh_Htr3a_Ibsp,Inh_Htr3a_Ibsp_Isocortex,Inh_Htr3a_Ibsp_Isocortex
Inh_Htr3a_Ibsp_5,neuron,HPF,GABA,MC_29:CGE interneurons of hippocampus and insula,Inh_Htr3a_Ibsp,Inh_Htr3a_Ibsp_HPF,Inh_Htr3a_Ibsp_HPF
Inh_Htr3a_Ibsp_6,neuron,HPF,GABA,MC_29:CGE interneurons of hippocampus and insula,Inh_Htr3a_Ibsp,Inh_Htr3a_Ibsp_HPF,Inh_Htr3a_Ibsp_HPF
Inh_Lamp5_Tnnt1_1,neuron,Isocortex,GABA,"MC_30:CGE isocortical interneurons, primarily layer 1",Inh_Lamp5_Tnnt1,Inh_Lamp5_Tnnt1_Isocortex,Inh_Lamp5_Tnnt1_Isocortex_L1
Inh_Lamp5_Tnnt1_2,neuron,Isocortex,GABA,"MC_30:CGE isocortical interneurons, primarily layer 1",Inh_Lamp5_Tnnt1,Inh_Lamp5_Tnnt1_Isocortex,Inh_Lamp5_Tnnt1_Isocortex_L1
Inh_Vip_Drd2,neuron,Isocortex,GABA,"MC_30:CGE isocortical interneurons, primarily layer 1",Inh_Vip_Drd2,Inh_Vip_Drd2_Isocortex,Inh_Vip_Drd2_Isocortex_L1
Inh_Lamp5_Ndnf_Fmo1_1,neuron,Isocortex,GABA,"MC_30:CGE isocortical interneurons, primarily layer 1",Inh_Lamp5_Ndnf_Fmo1,Inh_Lamp5_Ndnf_Fmo1_Isocortex,Inh_Lamp5_Ndnf_Fmo1_Isocortex_L1
Inh_Lamp5_Ndnf_Fmo1_2,neuron,Isocortex,GABA,"MC_30:CGE isocortical interneurons, primarily layer 1",Inh_Lamp5_Ndnf_Fmo1,Inh_Lamp5_Ndnf_Fmo1_Isocortex,Inh_Lamp5_Ndnf_Fmo1_Isocortex_L1
Inh_Lamp5_Ndnf_Prom1,neuron,Isocortex,GABA,"MC_30:CGE isocortical interneurons, primarily layer 1",Inh_Lamp5_Ndnf_Prom1,Inh_Lamp5_Ndnf_Prom1_Isocortex,Inh_Lamp5_Ndnf_Prom1_Isocortex_L1
Inh_Lamp5_Ndnf_Adam12,neuron,Isocortex,GABA,"MC_30:CGE isocortical interneurons, primarily layer 1",Inh_Lamp5_Ndnf_Adam12,Inh_Lamp5_Ndnf_Adam12_Isocortex,Inh_Lamp5_Ndnf_Adam12_Isocortex_L1
Inh_Lamp5_Ndnf_Tgfbi,neuron,Isocortex,GABA,MC_27:CGE interneurons of isocortex and amygdala,Inh_Lamp5_Ndnf_Tgfbi,Inh_Lamp5_Ndnf_Tgfbi_Isocortex,Inh_Lamp5_Ndnf_Tgfbi_Isocortex
Inh_Lamp5_Egln3_Tgfbi,neuron,Isocortex,GABA,MC_27:CGE interneurons of isocortex and amygdala,Inh_Lamp5_Egln3_Tgfbi,Inh_Lamp5_Egln3_Tgfbi_Isocortex,Inh_Lamp5_Egln3_Tgfbi_Isocortex
Inh_Lamp5_Ndnf_Tac2_Htr2c,neuron,Isocortex,GABA,MC_27:CGE interneurons of isocortex and amygdala,Inh_Lamp5_Ndnf_Tac2_Htr2c,Inh_Lamp5_Ndnf_Tac2_Htr2c_Isocortex,Inh_Lamp5_Ndnf_Tac2_Htr2c_Isocortex
Inh_Lamp5_Ndnf_Tac2,neuron,Isocortex,GABA,MC_27:CGE interneurons of isocortex and amygdala,Inh_Lamp5_Ndnf_Tac2,Inh_Lamp5_Ndnf_Tac2_Isocortex,Inh_Lamp5_Ndnf_Tac2_Isocortex
Inh_Sp8_Abcb5_Krt73,neuron,Isocortex,GABA,"MC_30:CGE isocortical interneurons, primarily layer 1",Inh_Sp8_Abcb5_Krt73,Inh_Sp8_Abcb5_Krt73_Isocortex,Inh_Sp8_Abcb5_Krt73_Isocortex_L1
Inh_Sp8_Abcb5_Runx1t1,neuron,Isocortex,GABA,"MC_30:CGE isocortical interneurons, primarily layer 1",Inh_Sp8_Abcb5_Runx1t1,Inh_Sp8_Abcb5_Runx1t1_Isocortex,Inh_Sp8_Abcb5_Runx1t1_Isocortex_L1
Inh_Sp8_Tgfbi,neuron,Isocortex,GABA,"MC_30:CGE isocortical interneurons, primarily layer 1",Inh_Sp8_Tgfbi,Inh_Sp8_Tgfbi_Isocortex,Inh_Sp8_Tgfbi_Isocortex_L1
Inh_Sp8_Abcb5,neuron,Isocortex,VGLUT3_GABA,"MC_30:CGE isocortical interneurons, primarily layer 1",Inh_Sp8_Abcb5,Inh_Sp8_Abcb5_Isocortex,Inh_Sp8_Abcb5_Isocortex_L1
Inh_Frmd7_Sema3c,neuron,OLF,GABA,MC_57:Inhibitory olfactory neurons,Inh_Frmd7_Sema3c,Inh_Frmd7_Sema3c_OLF,Inh_Frmd7_Sema3c_OLF
Inh_Frmd7_Tpbg,neuron,OLF,GABA,MC_57:Inhibitory olfactory neurons,Inh_Frmd7_Tpbg,Inh_Frmd7_Tpbg_OLF,Inh_Frmd7_Tpbg_OLF
Inh_Frmd7_Crhbp_1,neuron,OLF,GABA,MC_57:Inhibitory olfactory neurons,Inh_Frmd7_Crhbp,Inh_Frmd7_Crhbp_OLF,Inh_Frmd7_Crhbp_OLF
Inh_Frmd7_Aox3_1,neuron,OLF,GABA,MC_57:Inhibitory olfactory neurons,Inh_Frmd7_Aox3,Inh_Frmd7_Aox3_OLF,Inh_Frmd7_Aox3_OLF
Inh_Frmd7_Aox3_2,neuron,OLF,GABA,MC_57:Inhibitory olfactory neurons,Inh_Frmd7_Aox3,Inh_Frmd7_Aox3_OLF,Inh_Frmd7_Aox3_OLF
Inh_Frmd7_Aox3_3,neuron,OLF,GABA,MC_57:Inhibitory olfactory neurons,Inh_Frmd7_Aox3,Inh_Frmd7_Aox3_OLF,Inh_Frmd7_Aox3_OLF
Inh_Frmd7_Aox3_4,neuron,OLF,GABA,MC_57:Inhibitory olfactory neurons,Inh_Frmd7_Aox3,Inh_Frmd7_Aox3_OLF,Inh_Frmd7_Aox3_OLF
Inh_Frmd7_Fos,neuron,OLF,GABA,MC_57:Inhibitory olfactory neurons,Inh_Frmd7_Fos,Inh_Frmd7_Fos_OLF,Inh_Frmd7_Fos_OLF
Inh_Frmd7_Crhbp_2,neuron,OLF,GABA,MC_57:Inhibitory olfactory neurons,Inh_Frmd7_Crhbp,Inh_Frmd7_Crhbp_OLF,Inh_Frmd7_Crhbp_OLF
Inh_Frmd7_Zar1,neuron,OLF,GABA,MC_57:Inhibitory olfactory neurons,Inh_Frmd7_Zar1,Inh_Frmd7_Zar1_OLF,Inh_Frmd7_Zar1_OLF
Inh_Frmd7_Crhbp_3,neuron,OLF,GABA,MC_57:Inhibitory olfactory neurons,Inh_Frmd7_Crhbp,Inh_Frmd7_Crhbp_OLF,Inh_Frmd7_Crhbp_OLF
Inh_Frmd7_Crhbp_4,neuron,OLF,GABA,MC_57:Inhibitory olfactory neurons,Inh_Frmd7_Crhbp,Inh_Frmd7_Crhbp_OLF,Inh_Frmd7_Crhbp_OLF
Inh_Frmd7_Lamp5,neuron,OLF,GABA,MC_57:Inhibitory olfactory neurons,Inh_Frmd7_Lamp5,Inh_Frmd7_Lamp5_OLF,Inh_Frmd7_Lamp5_OLF
Inh_Frmd7_Atp2b4,neuron,OLF,GABA,MC_57:Inhibitory olfactory neurons,Inh_Frmd7_Atp2b4,Inh_Frmd7_Atp2b4_OLF,Inh_Frmd7_Atp2b4_OLF
Inh_Frmd7_Ror1,neuron,OLF,GABA,MC_57:Inhibitory olfactory neurons,Inh_Frmd7_Ror1,Inh_Frmd7_Ror1_OLF,Inh_Frmd7_Ror1_OLF
Inh_Frmd7_Ano2_1,neuron,OLF,GABA,MC_57:Inhibitory olfactory neurons,Inh_Frmd7_Ano2,Inh_Frmd7_Ano2_OLF,Inh_Frmd7_Ano2_OLF
Inh_Frmd7_Ano2_2,neuron,OLF,GABA,MC_57:Inhibitory olfactory neurons,Inh_Frmd7_Ano2,Inh_Frmd7_Ano2_OLF,Inh_Frmd7_Ano2_OLF
Inh_Frmd7_Stk33_1,neuron,OLF,GABA,MC_57:Inhibitory olfactory neurons,Inh_Frmd7_Stk33,Inh_Frmd7_Stk33_OLF,Inh_Frmd7_Stk33_OLF
Inh_Frmd7_Stk33_2,neuron,OLF,GABA,MC_57:Inhibitory olfactory neurons,Inh_Frmd7_Stk33,Inh_Frmd7_Stk33_OLF,Inh_Frmd7_Stk33_OLF
Inh_Frmd7_Stk33_3,neuron,OLF,GABA,MC_57:Inhibitory olfactory neurons,Inh_Frmd7_Stk33,Inh_Frmd7_Stk33_OLF,Inh_Frmd7_Stk33_OLF
Inh_Frmd7_Trh_1,neuron,OLF,GABA,MC_57:Inhibitory olfactory neurons,Inh_Frmd7_Trh,Inh_Frmd7_Trh_OLF,Inh_Frmd7_Trh_OLF
Inh_Frmd7_Trh_2,neuron,OLF,GABA,MC_57:Inhibitory olfactory neurons,Inh_Frmd7_Trh,Inh_Frmd7_Trh_OLF,Inh_Frmd7_Trh_OLF
Inh_Frmd7_Trim55_1,neuron,OLF,GABA,MC_57:Inhibitory olfactory neurons,Inh_Frmd7_Trim55,Inh_Frmd7_Trim55_OLF,Inh_Frmd7_Trim55_OLF
Inh_Frmd7_Trim55_2,neuron,OLF,GABA,MC_57:Inhibitory olfactory neurons,Inh_Frmd7_Trim55,Inh_Frmd7_Trim55_OLF,Inh_Frmd7_Trim55_OLF
Inh_Frmd7_Calb1_1,neuron,OLF,GABA,MC_57:Inhibitory olfactory neurons,Inh_Frmd7_Calb1,Inh_Frmd7_Calb1_OLF,Inh_Frmd7_Calb1_OLF
Inh_Frmd7_Calb1_2,neuron,OLF,GABA,MC_57:Inhibitory olfactory neurons,Inh_Frmd7_Calb1,Inh_Frmd7_Calb1_OLF,Inh_Frmd7_Calb1_OLF
Inh_Frmd7_Tacr3,neuron,OLF,GABA,MC_57:Inhibitory olfactory neurons,Inh_Frmd7_Tacr3,Inh_Frmd7_Tacr3_OLF,Inh_Frmd7_Tacr3_OLF
Inh_Frmd7_Olfr142_1,neuron,OLF,GABA,MC_57:Inhibitory olfactory neurons,Inh_Frmd7_Olfr142,Inh_Frmd7_Olfr142_OLF,Inh_Frmd7_Olfr142_OLF
Inh_Frmd7_Olfr142_2,neuron,OLF,GABA,MC_57:Inhibitory olfactory neurons,Inh_Frmd7_Olfr142,Inh_Frmd7_Olfr142_OLF,Inh_Frmd7_Olfr142_OLF
Inh_Frmd7_Olfr142_3,neuron,OLF,GABA,MC_57:Inhibitory olfactory neurons,Inh_Frmd7_Olfr142,Inh_Frmd7_Olfr142_OLF,Inh_Frmd7_Olfr142_OLF
Inh_Frmd7_Olfr142_4,neuron,OLF,GABA,MC_57:Inhibitory olfactory neurons,Inh_Frmd7_Olfr142,Inh_Frmd7_Olfr142_OLF,Inh_Frmd7_Olfr142_OLF
Inh_Frmd7_Olfr142_5,neuron,OLF,GABA,MC_57:Inhibitory olfactory neurons,Inh_Frmd7_Olfr142,Inh_Frmd7_Olfr142_OLF,Inh_Frmd7_Olfr142_OLF
Inh_Frmd7_Olfr142_7,neuron,OLF,GABA,MC_57:Inhibitory olfactory neurons,Inh_Frmd7_Olfr142,Inh_Frmd7_Olfr142_OLF,Inh_Frmd7_Olfr142_OLF
Inh_Frmd7_Olfr142_8,neuron,OLF,GABA,MC_57:Inhibitory olfactory neurons,Inh_Frmd7_Olfr142,Inh_Frmd7_Olfr142_OLF,Inh_Frmd7_Olfr142_OLF
Inh_Frmd7_Olfr142_9,neuron,OLF,GABA,MC_57:Inhibitory olfactory neurons,Inh_Frmd7_Olfr142,Inh_Frmd7_Olfr142_OLF,Inh_Frmd7_Olfr142_OLF
Inh_Frmd7_Olfr142_10,neuron,OLF,GABA,MC_57:Inhibitory olfactory neurons,Inh_Frmd7_Olfr142_10,Inh_Frmd7_Olfr142_10_OLF,Inh_Frmd7_Olfr142_10_OLF
Inh_Frmd7_Iigp1,neuron,OLF,GABA,MC_57:Inhibitory olfactory neurons,Inh_Frmd7_Iigp1,Inh_Frmd7_Iigp1_OLF,Inh_Frmd7_Iigp1_OLF
Inh_Frmd7_Col12a1,neuron,OLF,GABA,MC_57:Inhibitory olfactory neurons,Inh_Frmd7_Col12a1,Inh_Frmd7_Col12a1_OLF,Inh_Frmd7_Col12a1_OLF
Inh_Frmd7_Edaradd,neuron,OLF,GABA,MC_57:Inhibitory olfactory neurons,Inh_Frmd7_Edaradd,Inh_Frmd7_Edaradd_OLF,Inh_Frmd7_Edaradd_OLF
Inh_Frmd7_Slc26a7_1,neuron,OLF,GABA,MC_57:Inhibitory olfactory neurons,Inh_Frmd7_Slc26a7,Inh_Frmd7_Slc26a7_OLF,Inh_Frmd7_Slc26a7_OLF
Inh_Frmd7_Slc26a7_2,neuron,OLF,GABA,MC_57:Inhibitory olfactory neurons,Inh_Frmd7_Slc26a7,Inh_Frmd7_Slc26a7_OLF,Inh_Frmd7_Slc26a7_OLF
Inh_Frmd7_Ltbp2_1,neuron,OLF,GABA,MC_57:Inhibitory olfactory neurons,Inh_Frmd7_Ltbp2,Inh_Frmd7_Ltbp2_OLF,Inh_Frmd7_Ltbp2_OLF
Inh_Frmd7_Ltbp2_2,neuron,OLF,GABA,MC_57:Inhibitory olfactory neurons,Inh_Frmd7_Ltbp2,Inh_Frmd7_Ltbp2_OLF,Inh_Frmd7_Ltbp2_OLF
Inh_Frmd7_Ltbp2_3,neuron,OLF,GABA,MC_57:Inhibitory olfactory neurons,Inh_Frmd7_Ltbp2,Inh_Frmd7_Ltbp2_OLF,Inh_Frmd7_Ltbp2_OLF
Inh_Frmd7_Mgam,neuron,OLF,GABA,MC_57:Inhibitory olfactory neurons,Inh_Frmd7_Mgam,Inh_Frmd7_Mgam_OLF,Inh_Frmd7_Mgam_OLF
Inh_Frmd7_Trhr_1,neuron,OLF,GABA,MC_57:Inhibitory olfactory neurons,Inh_Frmd7_Trhr,Inh_Frmd7_Trhr_OLF,Inh_Frmd7_Trhr_OLF
Inh_Frmd7_Trhr_2,neuron,OLF,GABA,MC_57:Inhibitory olfactory neurons,Inh_Frmd7_Trhr,Inh_Frmd7_Trhr_OLF,Inh_Frmd7_Trhr_OLF
Inh_Frmd7_Trhr_3,neuron,OLF,GABA,MC_57:Inhibitory olfactory neurons,Inh_Frmd7_Trhr,Inh_Frmd7_Trhr_OLF,Inh_Frmd7_Trhr_OLF
Inh_Frmd7_Trhr_4,neuron,OLF,GABA,MC_57:Inhibitory olfactory neurons,Inh_Frmd7_Trhr,Inh_Frmd7_Trhr_OLF,Inh_Frmd7_Trhr_OLF
Inh_Frmd7_Trhr_5,neuron,OLF,GABA,MC_57:Inhibitory olfactory neurons,Inh_Frmd7_Trhr,Inh_Frmd7_Trhr_OLF,Inh_Frmd7_Trhr_OLF
Inh_Frmd7_Trhr_6,neuron,OLF,GABA,MC_57:Inhibitory olfactory neurons,Inh_Frmd7_Trhr,Inh_Frmd7_Trhr_OLF,Inh_Frmd7_Trhr_OLF
Inh_Frmd7_Esr2_1,neuron,OLF,GABA,MC_57:Inhibitory olfactory neurons,Inh_Frmd7_Esr2,Inh_Frmd7_Esr2_OLF,Inh_Frmd7_Esr2_OLF
Inh_Frmd7_Esr2_2,neuron,OLF,GABA,MC_57:Inhibitory olfactory neurons,Inh_Frmd7_Esr2,Inh_Frmd7_Esr2_OLF,Inh_Frmd7_Esr2_OLF
Inh_Frmd7_Esr2_3,neuron,OLF,GABA,MC_57:Inhibitory olfactory neurons,Inh_Frmd7_Esr2,Inh_Frmd7_Esr2_OLF,Inh_Frmd7_Esr2_OLF
Inh_Frm7_Otop1_1,neuron,OLF,GABA,MC_57:Inhibitory olfactory neurons,Inh_Frm7_Otop1,Inh_Frm7_Otop1_OLF,Inh_Frm7_Otop1_OLF
Inh_Frm7_Otop1_2,neuron,OLF,GABA,MC_57:Inhibitory olfactory neurons,Inh_Frm7_Otop1,Inh_Frm7_Otop1_OLF,Inh_Frm7_Otop1_OLF
Inh_Frm7_Otop1_3,neuron,OLF,GABA,MC_57:Inhibitory olfactory neurons,Inh_Frm7_Otop1,Inh_Frm7_Otop1_OLF,Inh_Frm7_Otop1_OLF
Inh_Frm7_Epcam_1,neuron,OLF,GABA,MC_57:Inhibitory olfactory neurons,Inh_Frm7_Epcam,Inh_Frm7_Epcam_OLF,Inh_Frm7_Epcam_OLF
Inh_Frm7_Epcam_2,neuron,OLF,GABA,MC_57:Inhibitory olfactory neurons,Inh_Frm7_Epcam,Inh_Frm7_Epcam_OLF,Inh_Frm7_Epcam_OLF
Inh_Frm7_Atp1b4,neuron,OLF,GABA,MC_57:Inhibitory olfactory neurons,Inh_Frm7_Atp1b4,Inh_Frm7_Atp1b4_OLF,Inh_Frm7_Atp1b4_OLF
Inh_Frm7_Kcns3,neuron,OLF,GABA,MC_57:Inhibitory olfactory neurons,Inh_Frm7_Kcns3,Inh_Frm7_Kcns3_OLF,Inh_Frm7_Kcns3_OLF
Inh_Frm7_4930523C07Rik,neuron,OLF,GABA,MC_57:Inhibitory olfactory neurons,Inh_Frm7_4930523C07Rik,Inh_Frm7_4930523C07Rik_OLF,Inh_Frm7_4930523C07Rik_OLF
Inh_Lmo2_Chrna2_1,neuron,,GABA,MC_57:Inhibitory olfactory neurons,Inh_Lmo2_Chrna2,Inh_Lmo2_Chrna2,Inh_Lmo2_Chrna2
Inh_Lmo2_Chrna2_2,neuron,,GABA,MC_57:Inhibitory olfactory neurons,Inh_Lmo2_Chrna2,Inh_Lmo2_Chrna2,Inh_Lmo2_Chrna2
Inh_Lmo2_Dsg3,neuron,,GABA,MC_57:Inhibitory olfactory neurons,Inh_Lmo2_Dsg3,Inh_Lmo2_Dsg3,Inh_Lmo2_Dsg3
Inh_Lmo2_Dsg2_1,neuron,OLF,GABA,MC_57:Inhibitory olfactory neurons,Inh_Lmo2_Dsg2,Inh_Lmo2_Dsg2_OLF,Inh_Lmo2_Dsg2_OLF
Inh_Lmo2_Dsg2_2,neuron,OLF,GABA,MC_57:Inhibitory olfactory neurons,Inh_Lmo2_Dsg2,Inh_Lmo2_Dsg2_OLF,Inh_Lmo2_Dsg2_OLF
Inh_Vcan_St8sia2_1,neuron,OLF,GABA,MC_58:Inhibitory olfactory neurons,Inh_Vcan_St8sia2,Inh_Vcan_St8sia2_OLF,Inh_Vcan_St8sia2_OLF
Inh_Vcan_St8sia2_2,neuron,OLF,GABA,MC_58:Inhibitory olfactory neurons,Inh_Vcan_St8sia2,Inh_Vcan_St8sia2_OLF,Inh_Vcan_St8sia2_OLF
Inh_Vcan_St8sia2_3,neuron,OLF,GABA,MC_58:Inhibitory olfactory neurons,Inh_Vcan_St8sia2,Inh_Vcan_St8sia2_OLF,Inh_Vcan_St8sia2_OLF
Inh_Vcan_St8sia2_4,neuron,OLF,GABA,MC_58:Inhibitory olfactory neurons,Inh_Vcan_St8sia2,Inh_Vcan_St8sia2_OLF,Inh_Vcan_St8sia2_OLF
Inh_Vcan_St8sia2_5,neuron,OLF,GABA,MC_58:Inhibitory olfactory neurons,Inh_Vcan_St8sia2,Inh_Vcan_St8sia2_OLF,Inh_Vcan_St8sia2_OLF
Inh_Prox1_Draxin,neuron,OLF,GABA,MC_58:Inhibitory olfactory neurons,Inh_Prox1_Draxin,Inh_Prox1_Draxin_OLF,Inh_Prox1_Draxin_OLF
Inh_Vcan_St8sia2_6,neuron,OLF,GABA,MC_58:Inhibitory olfactory neurons,Inh_Vcan_St8sia2,Inh_Vcan_St8sia2_OLF,Inh_Vcan_St8sia2_OLF
Inh_Vcan_Cd1d1,neuron,OLF,GABA,MC_58:Inhibitory olfactory neurons,Inh_Vcan_Cd1d1,Inh_Vcan_Cd1d1_OLF,Inh_Vcan_Cd1d1_OLF
NG_Draxin_9,NG,Isocortex,none,MC_59:Immature olfactory bulb neurons,NG_Draxin,NG_Draxin_Isocortex,NG_Draxin_Isocortex
NG_Draxin_10,NG,HPF,none,MC_59:Immature olfactory bulb neurons,NG_Draxin_10,NG_Draxin_10_HPF,NG_Draxin_10_HPF
NG_Draxin_11,NG,,none,MC_59:Immature olfactory bulb neurons,NG_Draxin_11,NG_Draxin_11,NG_Draxin_11
NG_Draxin_12,NG,STR,none,MC_58:Inhibitory olfactory neurons,NG_Draxin_12,NG_Draxin_12_STR,NG_Draxin_12_STR
Inh_Sp8_Draxin,neuron,OLF,GABA,MC_58:Inhibitory olfactory neurons,Inh_Sp8_Draxin,Inh_Sp8_Draxin_OLF,Inh_Sp8_Draxin_OLF
Inh_Frmd7_Hgf_1,neuron,OLF,GABA,MC_58:Inhibitory olfactory neurons,Inh_Frmd7_Hgf,Inh_Frmd7_Hgf_OLF,Inh_Frmd7_Hgf_OLF
Inh_Frmd7_Hgf_2,neuron,OLF,GABA,MC_58:Inhibitory olfactory neurons,Inh_Frmd7_Hgf,Inh_Frmd7_Hgf_OLF,Inh_Frmd7_Hgf_OLF
Inh_Frmd7_Hgf_3,neuron,OLF,GABA,MC_58:Inhibitory olfactory neurons,Inh_Frmd7_Hgf,Inh_Frmd7_Hgf_OLF,Inh_Frmd7_Hgf_OLF
NG_Myoz1_1,neuron,OLF,GABA,MC_57:Inhibitory olfactory neurons,NG_Myoz1,NG_Myoz1_OLF,NG_Myoz1_OLF
NG_Myoz1_2,neuron,OLF,GABA,MC_57:Inhibitory olfactory neurons,NG_Myoz1,NG_Myoz1_OLF,NG_Myoz1_OLF
Inh_Frmd7_Drd2,neuron,OLF,GABA,MC_58:Inhibitory olfactory neurons,Inh_Frmd7_Drd2,Inh_Frmd7_Drd2_OLF,Inh_Frmd7_Drd2_OLF
Inh_Frmd7_Emp2_1,neuron,OLF,GABA,MC_58:Inhibitory olfactory neurons,Inh_Frmd7_Emp2,Inh_Frmd7_Emp2_OLF,Inh_Frmd7_Emp2_OLF
Inh_Frmd7_Emp2_2,neuron,OLF,GABA,MC_58:Inhibitory olfactory neurons,Inh_Frmd7_Emp2,Inh_Frmd7_Emp2_OLF,Inh_Frmd7_Emp2_OLF
Inh_Vcan_Htr3a,neuron,OLF,GABA,MC_58:Inhibitory olfactory neurons,Inh_Vcan_Htr3a,Inh_Vcan_Htr3a_OLF,Inh_Vcan_Htr3a_OLF
Inh_Frmd7_Slc17a8,neuron,OLF,VGLUT3_GABA,MC_58:Inhibitory olfactory neurons,Inh_Frmd7_Slc17a8,Inh_Frmd7_Slc17a8_OLF,Inh_Frmd7_Slc17a8_OLF
Inh_Vip_Trim55_1,neuron,OLF,GABA,MC_57:Inhibitory olfactory neurons,Inh_Vip_Trim55,Inh_Vip_Trim55_OLF,Inh_Vip_Trim55_OLF
Inh_Vip_Trim55_2,neuron,OLF,GABA,MC_57:Inhibitory olfactory neurons,Inh_Vip_Trim55,Inh_Vip_Trim55_OLF,Inh_Vip_Trim55_OLF
Inh_Vip_Trim55_3,neuron,OLF,GABA,MC_57:Inhibitory olfactory neurons,Inh_Vip_Trim55,Inh_Vip_Trim55_OLF,Inh_Vip_Trim55_OLF
Inh_Vip_Trim55_4,neuron,OLF,GABA,MC_57:Inhibitory olfactory neurons,Inh_Vip_Trim55,Inh_Vip_Trim55_OLF,Inh_Vip_Trim55_OLF
Inh_Vip_Trim55_5,neuron,OLF,GABA,MC_57:Inhibitory olfactory neurons,Inh_Vip_Trim55,Inh_Vip_Trim55_OLF,Inh_Vip_Trim55_OLF
Inh_Vip_Trim55_6,neuron,OLF,GABA,MC_57:Inhibitory olfactory neurons,Inh_Vip_Trim55,Inh_Vip_Trim55_OLF,Inh_Vip_Trim55_OLF
Inh_Vip_Trim55_7,neuron,OLF,GABA,MC_57:Inhibitory olfactory neurons,Inh_Vip_Trim55,Inh_Vip_Trim55_OLF,Inh_Vip_Trim55_OLF
NG_Myoz1_3,neuron,OLF,GABA,MC_57:Inhibitory olfactory neurons,NG_Myoz1,NG_Myoz1_OLF,NG_Myoz1_OLF
NG_Myoz1_5,neuron,OLF,GABA,MC_57:Inhibitory olfactory neurons,NG_Myoz1,NG_Myoz1_OLF,NG_Myoz1_OLF
NG_Myoz1_6,neuron,OLF,GABA,MC_57:Inhibitory olfactory neurons,NG_Myoz1,NG_Myoz1_OLF,NG_Myoz1_OLF
Inh_Etv4_1,neuron,OLF,GABA,MC_58:Inhibitory olfactory neurons,Inh_Etv4,Inh_Etv4_OLF,Inh_Etv4_OLF
Inh_Zfp57_Lypd1,neuron,OLF,GABA,MC_58:Inhibitory olfactory neurons,Inh_Zfp57_Lypd1,Inh_Zfp57_Lypd1_OLF,Inh_Zfp57_Lypd1_OLF
Inh_Etv4_2,neuron,OLF,GABA,MC_58:Inhibitory olfactory neurons,Inh_Etv4,Inh_Etv4_OLF,Inh_Etv4_OLF
Inh_Aqp9_4930523C07Rik,neuron,OLF,GABA,MC_58:Inhibitory olfactory neurons,Inh_Aqp9_4930523C07Rik,Inh_Aqp9_4930523C07Rik_OLF,Inh_Aqp9_4930523C07Rik_OLF
Inh_Vwc2l_Colq,neuron,OLF,GABA,MC_58:Inhibitory olfactory neurons,Inh_Vwc2l_Colq,Inh_Vwc2l_Colq_OLF,Inh_Vwc2l_Colq_OLF
Inh_Vwc2l_Otogl1_1,neuron,OLF,GABA,MC_58:Inhibitory olfactory neurons,Inh_Vwc2l_Otogl1,Inh_Vwc2l_Otogl1_OLF,Inh_Vwc2l_Otogl1_OLF
Inh_Vwc2l_Otogl1_2,neuron,OLF,GABA,MC_58:Inhibitory olfactory neurons,Inh_Vwc2l_Otogl1,Inh_Vwc2l_Otogl1_OLF,Inh_Vwc2l_Otogl1_OLF
Inh_Vwc2l_Otogl1_3,neuron,OLF,GABA,MC_58:Inhibitory olfactory neurons,Inh_Vwc2l_Otogl1,Inh_Vwc2l_Otogl1_OLF,Inh_Vwc2l_Otogl1_OLF
Inh_Tmem200a_Esr2,neuron,OLF,GABA,MC_57:Inhibitory olfactory neurons,Inh_Tmem200a_Esr2,Inh_Tmem200a_Esr2_OLF,Inh_Tmem200a_Esr2_OLF
Inh_Frmd7_Zim1,neuron,OLF,GABA,MC_57:Inhibitory olfactory neurons,Inh_Frmd7_Zim1,Inh_Frmd7_Zim1_OLF,Inh_Frmd7_Zim1_OLF
Inh_Usp43_Pvalb,neuron,OLF,GABA,MC_57:Inhibitory olfactory neurons,Inh_Usp43_Pvalb,Inh_Usp43_Pvalb_OLF,Inh_Usp43_Pvalb_OLF
Inh_Klhl14_Gpr101,neuron,OLF,GABA,MC_57:Inhibitory olfactory neurons,Inh_Klhl14_Gpr101,Inh_Klhl14_Gpr101_OLF,Inh_Klhl14_Gpr101_OLF
Inh_Usp43_Arhgap6,neuron,OLF,GABA,MC_57:Inhibitory olfactory neurons,Inh_Usp43_Arhgap6,Inh_Usp43_Arhgap6_OLF,Inh_Usp43_Arhgap6_OLF
Inh_Plpp4_Cartpt,neuron,OLF,GABA,MC_57:Inhibitory olfactory neurons,Inh_Plpp4_Cartpt,Inh_Plpp4_Cartpt_OLF,Inh_Plpp4_Cartpt_OLF
Inh_Cobll1_Heg1,neuron,OLF,GABA,MC_57:Inhibitory olfactory neurons,Inh_Cobll1_Heg1,Inh_Cobll1_Heg1_OLF,Inh_Cobll1_Heg1_OLF
Inh_Plpp4_Pdgfd,neuron,OLF,GABA,MC_57:Inhibitory olfactory neurons,Inh_Plpp4_Pdgfd,Inh_Plpp4_Pdgfd_OLF,Inh_Plpp4_Pdgfd_OLF
NG_Myoz1_7,neuron,OLF,GABA,MC_57:Inhibitory olfactory neurons,NG_Myoz1,NG_Myoz1_OLF,NG_Myoz1_OLF
NG_Myoz1_8,neuron,OLF,GABA,MC_57:Inhibitory olfactory neurons,NG_Myoz1,NG_Myoz1_OLF,NG_Myoz1_OLF
Inh_Plpp4_Fn1,neuron,OLF,GABA,MC_57:Inhibitory olfactory neurons,Inh_Plpp4_Fn1,Inh_Plpp4_Fn1_OLF,Inh_Plpp4_Fn1_OLF
Inh_Plpp4_Fbln5,neuron,OLF,GABA,MC_58:Inhibitory olfactory neurons,Inh_Plpp4_Fbln5,Inh_Plpp4_Fbln5_OLF,Inh_Plpp4_Fbln5_OLF
Inh_Plpp4_Ret,neuron,OLF,GABA,MC_58:Inhibitory olfactory neurons,Inh_Plpp4_Ret,Inh_Plpp4_Ret_OLF,Inh_Plpp4_Ret_OLF
Inh_Plpp4_Aox3_1,neuron,OLF,GABA,MC_58:Inhibitory olfactory neurons,Inh_Plpp4_Aox3,Inh_Plpp4_Aox3_OLF,Inh_Plpp4_Aox3_OLF
Inh_Plpp4_Aox3_2,neuron,OLF,GABA,MC_58:Inhibitory olfactory neurons,Inh_Plpp4_Aox3,Inh_Plpp4_Aox3_OLF,Inh_Plpp4_Aox3_OLF
Inh_Plpp4_Aox3_3,neuron,OLF,GABA,MC_58:Inhibitory olfactory neurons,Inh_Plpp4_Aox3,Inh_Plpp4_Aox3_OLF,Inh_Plpp4_Aox3_OLF
Inh_Plpp4_Aox3_4,neuron,OLF,GABA,MC_58:Inhibitory olfactory neurons,Inh_Plpp4_Aox3,Inh_Plpp4_Aox3_OLF,Inh_Plpp4_Aox3_OLF
Inh_Plpp4_Aox3_5,neuron,OLF,GABA,MC_58:Inhibitory olfactory neurons,Inh_Plpp4_Aox3,Inh_Plpp4_Aox3_OLF,Inh_Plpp4_Aox3_OLF
Inh_Plpp4_Aox3_6,neuron,OLF,GABA,MC_58:Inhibitory olfactory neurons,Inh_Plpp4_Aox3,Inh_Plpp4_Aox3_OLF,Inh_Plpp4_Aox3_OLF
Inh_Sel1l3_Zfp385c_1,neuron,OLF,GABA,MC_58:Inhibitory olfactory neurons,Inh_Sel1l3_Zfp385c,Inh_Sel1l3_Zfp385c_OLF,Inh_Sel1l3_Zfp385c_OLF
Inh_Sel1l3_Zfp385c_2,neuron,OLF,GABA,MC_58:Inhibitory olfactory neurons,Inh_Sel1l3_Zfp385c,Inh_Sel1l3_Zfp385c_OLF,Inh_Sel1l3_Zfp385c_OLF
Inh_Sel1l3_Zfp385c_3,neuron,OLF,GABA,MC_58:Inhibitory olfactory neurons,Inh_Sel1l3_Zfp385c,Inh_Sel1l3_Zfp385c_OLF,Inh_Sel1l3_Zfp385c_OLF
Inh_Creb5_Ror1_1,neuron,OLF,GABA,MC_57:Inhibitory olfactory neurons,Inh_Creb5_Ror1,Inh_Creb5_Ror1_OLF,Inh_Creb5_Ror1_OLF
Inh_Creb5_Ror1_2,neuron,OLF,GABA,MC_57:Inhibitory olfactory neurons,Inh_Creb5_Ror1,Inh_Creb5_Ror1_OLF,Inh_Creb5_Ror1_OLF
Ex_Iqcj_Ms4a15_1,neuron,OLF,VGLUT1,MC_180:Main olfactory bulb neurons,Ex_Iqcj_Ms4a15,Ex_Iqcj_Ms4a15_OLF,Ex_Iqcj_Ms4a15_OLF
Ex_Iqcj_Ms4a15_2,neuron,OLF,VGLUT1,MC_180:Main olfactory bulb neurons,Ex_Iqcj_Ms4a15,Ex_Iqcj_Ms4a15_OLF,Ex_Iqcj_Ms4a15_OLF
Ex_Iqcj_Ms4a15_3,neuron,OLF,VGLUT1_VGLUT2,MC_180:Main olfactory bulb neurons,Ex_Iqcj_Ms4a15,Ex_Iqcj_Ms4a15_OLF,Ex_Iqcj_Ms4a15_OLF
Ex_Iqcj_Ms4a15_4,neuron,OLF,VGLUT1_VGLUT2,MC_180:Main olfactory bulb neurons,Ex_Iqcj_Ms4a15,Ex_Iqcj_Ms4a15_OLF,Ex_Iqcj_Ms4a15_OLF
Ex_Iqcj_Ms4a15_5,neuron,OLF,VGLUT1_VGLUT2,MC_180:Main olfactory bulb neurons,Ex_Iqcj_Ms4a15,Ex_Iqcj_Ms4a15_OLF,Ex_Iqcj_Ms4a15_OLF
Ex_Iqcj_Ms4a15_6,neuron,OLF,VGLUT1_VGLUT2,MC_180:Main olfactory bulb neurons,Ex_Iqcj_Ms4a15,Ex_Iqcj_Ms4a15_OLF,Ex_Iqcj_Ms4a15_OLF
Ex_Iqcj_Ms4a15_7,neuron,OLF,VGLUT1_VGLUT2,MC_180:Main olfactory bulb neurons,Ex_Iqcj_Ms4a15,Ex_Iqcj_Ms4a15_OLF,Ex_Iqcj_Ms4a15_OLF
Ex_Iqcj_Ms4a15_8,neuron,OLF,VGLUT1_VGLUT2,MC_180:Main olfactory bulb neurons,Ex_Iqcj_Ms4a15,Ex_Iqcj_Ms4a15_OLF,Ex_Iqcj_Ms4a15_OLF
Ex_Gabra6_Gabrd,neuron,CB,VGLUT1,MC_148:Cerebellar and dorsal cochlear interneurons (granule cells and unipolar brush),Ex_Gabra6_Gabrd,Ex_Gabra6_Gabrd_CB,Ex_Gabra6_Gabrd_CB
Inh_Nrk_Kcnmb1_1,neuron,CB,GABA,MC_1:Cerebellar purkinje neurons,Inh_Nrk_Kcnmb1,Inh_Nrk_Kcnmb1_CB,Inh_Nrk_Kcnmb1_CB
Inh_Nrk_Kcnmb1_2,neuron,CB,GABA,MC_1:Cerebellar purkinje neurons,Inh_Nrk_Kcnmb1,Inh_Nrk_Kcnmb1_CB,Inh_Nrk_Kcnmb1_CB
Inh_Nrk_Kcnmb1_3,neuron,CB,GABA,MC_1:Cerebellar purkinje neurons,Inh_Nrk_Kcnmb1,Inh_Nrk_Kcnmb1_CB,Inh_Nrk_Kcnmb1_CB
Inh_Nrk_Gpr176_1,neuron,CB,GABA,MC_1:Cerebellar purkinje neurons,Inh_Nrk_Gpr176,Inh_Nrk_Gpr176_CB,Inh_Nrk_Gpr176_CB
Inh_Nrk_Gpr176_2,neuron,CB,GABA,MC_1:Cerebellar purkinje neurons,Inh_Nrk_Gpr176,Inh_Nrk_Gpr176_CB,Inh_Nrk_Gpr176_CB
Inh_Nrk_Tox2,neuron,CB,GABA,MC_1:Cerebellar purkinje neurons,Inh_Nrk_Tox2,Inh_Nrk_Tox2_CB,Inh_Nrk_Tox2_CB
Inh_Nrk_Kctd16,neuron,CB,GABA,MC_1:Cerebellar purkinje neurons,Inh_Nrk_Kctd16,Inh_Nrk_Kctd16_CB,Inh_Nrk_Kctd16_CB
Ex_Gabra6_Optc,neuron,CB,VGLUT1,MC_148:Cerebellar and dorsal cochlear interneurons (granule cells and unipolar brush),Ex_Gabra6_Optc,Ex_Gabra6_Optc_CB,Ex_Gabra6_Optc_CB
Ex_Lmx1a_Smd3,neuron,CB,VGLUT1,MC_148:Cerebellar and dorsal cochlear interneurons (granule cells and unipolar brush),Ex_Lmx1a_Smd3,Ex_Lmx1a_Smd3_CB,Ex_Lmx1a_Smd3_CB
Inh_Tfap2a_Sla,neuron,CB,GABA,"MC_119:Cerebellar interneurons (MLI, PLI)",Inh_Tfap2a_Sla,Inh_Tfap2a_Sla_CB,Inh_Tfap2a_Sla_CB
Inh_Tfap2a_Cdh1,neuron,CB,GABA,"MC_119:Cerebellar interneurons (MLI, PLI)",Inh_Tfap2a_Cdh1,Inh_Tfap2a_Cdh1_CB,Inh_Tfap2a_Cdh1_CB
Inh_Tfap2a_Aldh1a3,neuron,CB,GABA,"MC_119:Cerebellar interneurons (MLI, PLI)",Inh_Tfap2a_Aldh1a3,Inh_Tfap2a_Aldh1a3_CB,Inh_Tfap2a_Aldh1a3_CB
Inh_Tfap2a_Pthlh_1,neuron,CB,GLY,"MC_119:Cerebellar interneurons (MLI, PLI)",Inh_Tfap2a_Pthlh,Inh_Tfap2a_Pthlh_CB,Inh_Tfap2a_Pthlh_CB
Inh_Tfap2a_Pthlh_2,neuron,,GLY,"MC_119:Cerebellar interneurons (MLI, PLI)",Inh_Tfap2a_Pthlh,Inh_Tfap2a_Pthlh,Inh_Tfap2a_Pthlh
Inh_Tfap2a_Pthlh_3,neuron,,GLY,"MC_119:Cerebellar interneurons (MLI, PLI)",Inh_Tfap2a_Pthlh,Inh_Tfap2a_Pthlh,Inh_Tfap2a_Pthlh
Inh_Tfap2a_Pthlh_4,neuron,MY,GLY,MC_118:Dorsal cochlear nuclei interneurons,Inh_Tfap2a_Pthlh,Inh_Tfap2a_Pthlh_MY,Inh_Tfap2a_Pthlh_MY
Inh_Tfap2a_Prkcd,neuron,MY,GLY,MC_118:Dorsal cochlear nuclei interneurons,Inh_Tfap2a_Prkcd,Inh_Tfap2a_Prkcd_MY,Inh_Tfap2a_Prkcd_MY
Inh_Tfap2a_Frem2,neuron,,GLY,MC_118:Dorsal cochlear nuclei interneurons,Inh_Tfap2a_Frem2,Inh_Tfap2a_Frem2,Inh_Tfap2a_Frem2
Inh_Tfap2a_Slc6a12,neuron,MY,GLY,MC_118:Dorsal cochlear nuclei interneurons,Inh_Tfap2a_Slc6a12,Inh_Tfap2a_Slc6a12_MY,Inh_Tfap2a_Slc6a12_MY
Inh_Tfap2a_Nxf7,neuron,MY,GLY,MC_118:Dorsal cochlear nuclei interneurons,Inh_Tfap2a_Nxf7,Inh_Tfap2a_Nxf7_MY,Inh_Tfap2a_Nxf7_MY
Inh_Tfap2a_Scrg1_1,neuron,CB,GLY,MC_56:Cerebellar golgi neurons,Inh_Tfap2a_Scrg1,Inh_Tfap2a_Scrg1_CB,Inh_Tfap2a_Scrg1_CB
Inh_Tfap2a_Scrg1_2,neuron,CB,GLY,MC_56:Cerebellar golgi neurons,Inh_Tfap2a_Scrg1,Inh_Tfap2a_Scrg1_CB,Inh_Tfap2a_Scrg1_CB
Inh_Tfap2a_Chrdl2_1,neuron,CB,GABA,MC_56:Cerebellar golgi neurons,Inh_Tfap2a_Chrdl2,Inh_Tfap2a_Chrdl2_CB,Inh_Tfap2a_Chrdl2_CB
Inh_Tfap2a_Chrdl2_2,neuron,CB,GLY,MC_56:Cerebellar golgi neurons,Inh_Tfap2a_Chrdl2,Inh_Tfap2a_Chrdl2_CB,Inh_Tfap2a_Chrdl2_CB
Astro_Agt_Sntg1,astro,MY,none,MC_62:Astrocytes,Astro_Agt_Sntg1,Astro_Agt_Sntg1_MY,Astro_Agt_Sntg1_MY
Astro_Fabp7_Wt1,astro,CB,none,MC_62:Astrocytes,Astro_Fabp7_Wt1,Astro_Fabp7_Wt1_CB,Astro_Fabp7_Wt1_CB
Astro_Ephb1_Fzd2,astro,STR,none,MC_62:Astrocytes,Astro_Ephb1_Fzd2,Astro_Ephb1_Fzd2_STR,Astro_Ephb1_Fzd2_STR
Astro_Ephb1_Gfap,astro,Isocortex,none,MC_62:Astrocytes,Astro_Ephb1_Gfap,Astro_Ephb1_Gfap_Isocortex,Astro_Ephb1_Gfap_Isocortex
Astro_Fabp7_Siah3,astro,Isocortex,none,MC_59:Immature olfactory bulb neurons,Astro_Fabp7_Siah3,Astro_Fabp7_Siah3_Isocortex,Astro_Fabp7_Siah3_Isocortex
Astro_Fabp7_Hs3st3a1_1,astro,OLF,none,MC_62:Astrocytes,Astro_Fabp7_Hs3st3a1,Astro_Fabp7_Hs3st3a1_OLF,Astro_Fabp7_Hs3st3a1_OLF
Astro_Fabp7_Hs3st3a1_2,astro,OLF,none,MC_62:Astrocytes,Astro_Fabp7_Hs3st3a1,Astro_Fabp7_Hs3st3a1_OLF,Astro_Fabp7_Hs3st3a1_OLF
Astro_Fabp7_Hs3st3a1_3,astro,OLF,none,MC_62:Astrocytes,Astro_Fabp7_Hs3st3a1,Astro_Fabp7_Hs3st3a1_OLF,Astro_Fabp7_Hs3st3a1_OLF
Astro_Fabp7_Hs3st3a1_4,astro,OLF,none,MC_62:Astrocytes,Astro_Fabp7_Hs3st3a1,Astro_Fabp7_Hs3st3a1_OLF,Astro_Fabp7_Hs3st3a1_OLF
Astro_Fabp7_Hs3st3a1_5,astro,OLF,none,MC_62:Astrocytes,Astro_Fabp7_Hs3st3a1,Astro_Fabp7_Hs3st3a1_OLF,Astro_Fabp7_Hs3st3a1_OLF
Ependymal_Tmem212_Lgi1,ependymal,MB,none,MC_64:Ependymal cells,Ependymal_Tmem212_Lgi1,Ependymal_Tmem212_Lgi1_MB,Ependymal_Tmem212_Lgi1_MB
Ependymal_Tmem212_Ttr,ependymal,,none,MC_64:Ependymal cells,Ependymal_Tmem212_Ttr,Ependymal_Tmem212_Ttr,Ependymal_Tmem212_Ttr
Ependymal_Tmem212_Krt15,ependymal,,none,MC_64:Ependymal cells,Ependymal_Tmem212_Krt15,Ependymal_Tmem212_Krt15,Ependymal_Tmem212_Krt15
Ependymal_Tmem212_Sbpl,ependymal,HY,none,MC_64:Ependymal cells,Ependymal_Tmem212_Sbpl,Ependymal_Tmem212_Sbpl_HY,Ependymal_Tmem212_Sbpl_HY
Ependymal_Tmem212_Dnase2b,ependymal,,none,MC_64:Ependymal cells,Ependymal_Tmem212_Dnase2b,Ependymal_Tmem212_Dnase2b,Ependymal_Tmem212_Dnase2b
Ependymal_Tmem212_Col6a5,ependymal,,none,MC_64:Ependymal cells,Ependymal_Tmem212_Col6a5,Ependymal_Tmem212_Col6a5,Ependymal_Tmem212_Col6a5
Ependymal_Tmem212_Rspo2,ependymal,,none,MC_64:Ependymal cells,Ependymal_Tmem212_Rspo2,Ependymal_Tmem212_Rspo2,Ependymal_Tmem212_Rspo2
Ependymal_Tmem212_Tfr2,ependymal,,none,MC_64:Ependymal cells,Ependymal_Tmem212_Tfr2,Ependymal_Tmem212_Tfr2,Ependymal_Tmem212_Tfr2
Ependymal_Tmem212_Cuzd1,ependymal,CB,none,MC_64:Ependymal cells,Ependymal_Tmem212_Cuzd1,Ependymal_Tmem212_Cuzd1_CB,Ependymal_Tmem212_Cuzd1_CB
Ependymal_Tmem212_1700012P22Rik,ependymal,HY,none,MC_64:Ependymal cells,Ependymal_Tmem212_1700012P22Rik,Ependymal_Tmem212_1700012P22Rik_HY,Ependymal_Tmem212_1700012P22Rik_HY
Ependymal_Tmem212_1700012P22Rik_Sntn,ependymal,MY,none,MC_64:Ependymal cells,Ependymal_Tmem212_1700012P22Rik_Sntn,Ependymal_Tmem212_1700012P22Rik_Sntn_MY,Ependymal_Tmem212_1700012P22Rik_Sntn_MY
Tanycyte_Rax_Ccdc170,ependymal,MB,none,MC_63:Tanycytes,Tanycyte_Rax_Ccdc170,Tanycyte_Rax_Ccdc170_MB,Tanycyte_Rax_Ccdc170_MB
Tanycyte_Rax_Fndc3c1_1,ependymal,HY,none,MC_63:Tanycytes,Tanycyte_Rax_Fndc3c1,Tanycyte_Rax_Fndc3c1_HY,Tanycyte_Rax_Fndc3c1_HY
Tanycyte_Rax_Fndc3c1_2,ependymal,,none,MC_63:Tanycytes,Tanycyte_Rax_Fndc3c1,Tanycyte_Rax_Fndc3c1,Tanycyte_Rax_Fndc3c1
Astro_Emid1_Gdf10,astro,CB,none,MC_62:Astrocytes,Astro_Emid1_Gdf10,Astro_Emid1_Gdf10_CB,Astro_Emid1_Gdf10_CB
Astro_Emid1_Cd38,astro,CB,none,MC_62:Astrocytes,Astro_Emid1_Cd38,Astro_Emid1_Cd38_CB,Astro_Emid1_Cd38_CB
Oligo_Opalin_Synpr,oligo,Isocortex,none,MC_66:Oligodendrcytes,Oligo_Opalin_Synpr,Oligo_Opalin_Synpr_Isocortex,Oligo_Opalin_Synpr_Isocortex
Oligo_Opalin_Enpp6_1,oligo,MY,none,MC_66:Oligodendrcytes,Oligo_Opalin_Enpp6,Oligo_Opalin_Enpp6_MY,Oligo_Opalin_Enpp6_MY
Oligo_Opalin_Enpp6_2,oligo,Isocortex,none,MC_66:Oligodendrcytes,Oligo_Opalin_Enpp6,Oligo_Opalin_Enpp6_Isocortex,Oligo_Opalin_Enpp6_Isocortex
Oligo_Klk6_1,oligo,MY,none,MC_66:Oligodendrcytes,Oligo_Klk6,Oligo_Klk6_MY,Oligo_Klk6_MY
Oligo_Klk6_2,oligo,MY,none,MC_66:Oligodendrcytes,Oligo_Klk6,Oligo_Klk6_MY,Oligo_Klk6_MY
OPC_Cspg5,OPC,Isocortex,none,MC_65:Oligodendrocyte progenitors,OPC_Cspg5,OPC_Cspg5_Isocortex,OPC_Cspg5_Isocortex
Endo_Flt1_Rgs5_Slc19a3_1,Endo,CB,none,MC_69:Endothelial cells,Endo_Flt1_Rgs5_Slc19a3,Endo_Flt1_Rgs5_Slc19a3_CB,Endo_Flt1_Rgs5_Slc19a3_CB
Endo_Flt1_Cysltr1_Slc19a3,Endo,HPF,none,MC_69:Endothelial cells,Endo_Flt1_Cysltr1_Slc19a3,Endo_Flt1_Cysltr1_Slc19a3_HPF,Endo_Flt1_Cysltr1_Slc19a3_HPF
Endo_Flt1_Lrg1_1,Endo,MY,none,MC_69:Endothelial cells,Endo_Flt1_Lrg1,Endo_Flt1_Lrg1_MY,Endo_Flt1_Lrg1_MY
Endo_Flt1_Lrg1_2,Endo,Isocortex,none,MC_69:Endothelial cells,Endo_Flt1_Lrg1,Endo_Flt1_Lrg1_Isocortex,Endo_Flt1_Lrg1_Isocortex
Endo_Flt1_Lrg1_3,Endo,Isocortex,none,MC_69:Endothelial cells,Endo_Flt1_Lrg1,Endo_Flt1_Lrg1_Isocortex,Endo_Flt1_Lrg1_Isocortex
Endo_Flt1_Lrg1_4,Endo,Isocortex,none,MC_69:Endothelial cells,Endo_Flt1_Lrg1,Endo_Flt1_Lrg1_Isocortex,Endo_Flt1_Lrg1_Isocortex
Endo_Flt1_Lrg1_5,Endo,Isocortex,none,MC_69:Endothelial cells,Endo_Flt1_Lrg1,Endo_Flt1_Lrg1_Isocortex,Endo_Flt1_Lrg1_Isocortex
Endo_Flt1_Cytl1,Endo,Isocortex,none,MC_69:Endothelial cells,Endo_Flt1_Cytl1,Endo_Flt1_Cytl1_Isocortex,Endo_Flt1_Cytl1_Isocortex
Endo_Flt1_Ssu2_1,Endo,MY,none,MC_69:Endothelial cells,Endo_Flt1_Ssu2,Endo_Flt1_Ssu2_MY,Endo_Flt1_Ssu2_MY
Endo_Flt1_Ssu2_2,Endo,HPF,none,MC_69:Endothelial cells,Endo_Flt1_Ssu2,Endo_Flt1_Ssu2_HPF,Endo_Flt1_Ssu2_HPF
Endo_Flt1_Ssu2_3,Endo,MY,none,MC_69:Endothelial cells,Endo_Flt1_Ssu2,Endo_Flt1_Ssu2_MY,Endo_Flt1_Ssu2_MY
Endo_Flt1_Exoc3l2_1,Endo,STR,none,MC_69:Endothelial cells,Endo_Flt1_Exoc3l2,Endo_Flt1_Exoc3l2_STR,Endo_Flt1_Exoc3l2_STR
Endo_Flt1_Exoc3l2_2,Endo,Isocortex,none,MC_69:Endothelial cells,Endo_Flt1_Exoc3l2,Endo_Flt1_Exoc3l2_Isocortex,Endo_Flt1_Exoc3l2_Isocortex
Endo_Flt1_Kcnj8,Endo,Isocortex,none,MC_71:Endothelial cells,Endo_Flt1_Kcnj8,Endo_Flt1_Kcnj8_Isocortex,Endo_Flt1_Kcnj8_Isocortex
Endo_Flt1_Kcnj8_Ccl19_1,Endo,Isocortex,none,MC_71:Endothelial cells,Endo_Flt1_Kcnj8_Ccl19,Endo_Flt1_Kcnj8_Ccl19_Isocortex,Endo_Flt1_Kcnj8_Ccl19_Isocortex
Endo_Flt1_Kcnj8_Ccl19_2,Endo,Isocortex,none,MC_71:Endothelial cells,Endo_Flt1_Kcnj8_Ccl19,Endo_Flt1_Kcnj8_Ccl19_Isocortex,Endo_Flt1_Kcnj8_Ccl19_Isocortex
Endo_Flt1_Kcnj8_Slc47a2_1,Endo,Isocortex,none,MC_71:Endothelial cells,Endo_Flt1_Kcnj8_Slc47a2,Endo_Flt1_Kcnj8_Slc47a2_Isocortex,Endo_Flt1_Kcnj8_Slc47a2_Isocortex
Endo_Flt1_Kcnj8_Slc47a2_2,Endo,MY,none,MC_71:Endothelial cells,Endo_Flt1_Kcnj8_Slc47a2,Endo_Flt1_Kcnj8_Slc47a2_MY,Endo_Flt1_Kcnj8_Slc47a2_MY
Endo_Flt1_Acta2_Olfr558_1,Endo,MY,none,MC_71:Endothelial cells,Endo_Flt1_Acta2_Olfr558,Endo_Flt1_Acta2_Olfr558_MY,Endo_Flt1_Acta2_Olfr558_MY
Endo_Flt1_Acta2_Olfr558_2,Endo,Isocortex,none,MC_71:Endothelial cells,Endo_Flt1_Acta2_Olfr558,Endo_Flt1_Acta2_Olfr558_Isocortex,Endo_Flt1_Acta2_Olfr558_Isocortex
Endo_Flt1_Acta2_Olfr558_3,Endo,MY,none,MC_71:Endothelial cells,Endo_Flt1_Acta2_Olfr558,Endo_Flt1_Acta2_Olfr558_MY,Endo_Flt1_Acta2_Olfr558_MY
Endo_Flt1_Actg2,Endo,MY,none,MC_71:Endothelial cells,Endo_Flt1_Actg2,Endo_Flt1_Actg2_MY,Endo_Flt1_Actg2_MY
Fibro_Eya2_Aox3,fibro,OLF,none,MC_70:Fibroblasts,Fibro_Eya2_Aox3,Fibro_Eya2_Aox3_OLF,Fibro_Eya2_Aox3_OLF
Fibro_Eya2_Syt9_1,fibro,CB,none,MC_70:Fibroblasts,Fibro_Eya2_Syt9,Fibro_Eya2_Syt9_CB,Fibro_Eya2_Syt9_CB
Fibro_Eya2_Syt9_2,fibro,MY,none,MC_70:Fibroblasts,Fibro_Eya2_Syt9,Fibro_Eya2_Syt9_MY,Fibro_Eya2_Syt9_MY
Fibro_Eya2_Rspo2,fibro,,none,MC_70:Fibroblasts,Fibro_Eya2_Rspo2,Fibro_Eya2_Rspo2,Fibro_Eya2_Rspo2
Fibro_Eya2_Unc5c_1,fibro,NA - no top TS,none,MC_70:Fibroblasts,Fibro_Eya2_Unc5c,Fibro_Eya2_Unc5c_NA - no top TS,Fibro_Eya2_Unc5c_NA - no top TS
Fibro_Eya2_Unc5c_2,fibro,,none,MC_70:Fibroblasts,Fibro_Eya2_Unc5c,Fibro_Eya2_Unc5c,Fibro_Eya2_Unc5c
Fibro_Eya2_Unc5c_3,fibro,,none,MC_70:Fibroblasts,Fibro_Eya2_Unc5c,Fibro_Eya2_Unc5c,Fibro_Eya2_Unc5c
Fibro_Eya2_Unc5c_4,fibro,HPF,none,MC_70:Fibroblasts,Fibro_Eya2_Unc5c,Fibro_Eya2_Unc5c_HPF,Fibro_Eya2_Unc5c_HPF
Fibro_Eya2_Rbp4_1,fibro,,none,MC_70:Fibroblasts,Fibro_Eya2_Rbp4,Fibro_Eya2_Rbp4,Fibro_Eya2_Rbp4
Fibro_Eya2_Rbp4_2,fibro,,none,MC_70:Fibroblasts,Fibro_Eya2_Rbp4,Fibro_Eya2_Rbp4,Fibro_Eya2_Rbp4
Fibro_Eya2_Rbp4_3,fibro,,none,MC_70:Fibroblasts,Fibro_Eya2_Rbp4,Fibro_Eya2_Rbp4,Fibro_Eya2_Rbp4
Fibro_Eya2_Rbp4_4,fibro,,none,MC_70:Fibroblasts,Fibro_Eya2_Rbp4,Fibro_Eya2_Rbp4,Fibro_Eya2_Rbp4
Fibro_Eya2_Rbp4_5,fibro,,none,MC_70:Fibroblasts,Fibro_Eya2_Rbp4,Fibro_Eya2_Rbp4,Fibro_Eya2_Rbp4
Fibro_Eya2_Ccdc192_1,fibro,OLF,none,MC_70:Fibroblasts,Fibro_Eya2_Ccdc192,Fibro_Eya2_Ccdc192_OLF,Fibro_Eya2_Ccdc192_OLF
Fibro_Eya2_Sh3gl3,fibro,OLF,none,MC_70:Fibroblasts,Fibro_Eya2_Sh3gl3,Fibro_Eya2_Sh3gl3_OLF,Fibro_Eya2_Sh3gl3_OLF
Fibro_Eya2_Ccdc192_2,fibro,Isocortex,none,MC_70:Fibroblasts,Fibro_Eya2_Ccdc192,Fibro_Eya2_Ccdc192_Isocortex,Fibro_Eya2_Ccdc192_Isocortex
Fibro_Eya2_Ccdc192_3,fibro,OLF,none,MC_70:Fibroblasts,Fibro_Eya2_Ccdc192,Fibro_Eya2_Ccdc192_OLF,Fibro_Eya2_Ccdc192_OLF
Fibro_Eya2_Ccdc192_4,fibro,,none,MC_70:Fibroblasts,Fibro_Eya2_Ccdc192,Fibro_Eya2_Ccdc192,Fibro_Eya2_Ccdc192
Fibro_Eya2_Ccdc192_5,fibro,,none,MC_70:Fibroblasts,Fibro_Eya2_Ccdc192,Fibro_Eya2_Ccdc192,Fibro_Eya2_Ccdc192
Fibro_Eya2_Srpx2,fibro,STR,none,MC_70:Fibroblasts,Fibro_Eya2_Srpx2,Fibro_Eya2_Srpx2_STR,Fibro_Eya2_Srpx2_STR
Fibro_Eya2_Meox2,fibro,,none,MC_70:Fibroblasts,Fibro_Eya2_Meox2,Fibro_Eya2_Meox2,Fibro_Eya2_Meox2
Fibro_Eya2_Ccl11,fibro,MY,none,MC_70:Fibroblasts,Fibro_Eya2_Ccl11,Fibro_Eya2_Ccl11_MY,Fibro_Eya2_Ccl11_MY
Fibro_Eya2_Slc47a1_1,fibro,STR,none,MC_70:Fibroblasts,Fibro_Eya2_Slc47a1,Fibro_Eya2_Slc47a1_STR,Fibro_Eya2_Slc47a1_STR
Fibro_Eya2_Slc47a1_2,fibro,OLF,none,MC_70:Fibroblasts,Fibro_Eya2_Slc47a1,Fibro_Eya2_Slc47a1_OLF,Fibro_Eya2_Slc47a1_OLF
Fibro_Eya2_Slc47a1_3,fibro,Isocortex,none,MC_70:Fibroblasts,Fibro_Eya2_Slc47a1,Fibro_Eya2_Slc47a1_Isocortex,Fibro_Eya2_Slc47a1_Isocortex
Fibro_Eya2_Slc47a1_4,fibro,,none,MC_70:Fibroblasts,Fibro_Eya2_Slc47a1,Fibro_Eya2_Slc47a1,Fibro_Eya2_Slc47a1
Fibro_Eya2_Slc47a1_5,fibro,,none,MC_70:Fibroblasts,Fibro_Eya2_Slc47a1,Fibro_Eya2_Slc47a1,Fibro_Eya2_Slc47a1
Fibro_Eya2_Obp1a,fibro,,none,MC_70:Fibroblasts,Fibro_Eya2_Obp1a,Fibro_Eya2_Obp1a,Fibro_Eya2_Obp1a
Fibro_Eya2_Ptgs2,fibro,STR,none,MC_70:Fibroblasts,Fibro_Eya2_Ptgs2,Fibro_Eya2_Ptgs2_STR,Fibro_Eya2_Ptgs2_STR
Fibro_Eya2_Dapl1,fibro,OLF,none,MC_70:Fibroblasts,Fibro_Eya2_Dapl1,Fibro_Eya2_Dapl1_OLF,Fibro_Eya2_Dapl1_OLF
Fibro_Eya2_Lypd2_1,fibro,STR,none,MC_70:Fibroblasts,Fibro_Eya2_Lypd2,Fibro_Eya2_Lypd2_STR,Fibro_Eya2_Lypd2_STR
Fibro_Eya2_Lypd2_2,fibro,OLF,none,MC_70:Fibroblasts,Fibro_Eya2_Lypd2,Fibro_Eya2_Lypd2_OLF,Fibro_Eya2_Lypd2_OLF
Fibro_Eya2_Lypd2_3,fibro,MB,none,MC_70:Fibroblasts,Fibro_Eya2_Lypd2,Fibro_Eya2_Lypd2_MB,Fibro_Eya2_Lypd2_MB
Fibro_Eya2_Inmt,fibro,PAL,none,MC_70:Fibroblasts,Fibro_Eya2_Inmt,Fibro_Eya2_Inmt_PAL,Fibro_Eya2_Inmt_PAL
Fibro_Vdr_Mmp13_1,fibro,,none,MC_70:Fibroblasts,Fibro_Vdr_Mmp13,Fibro_Vdr_Mmp13,Fibro_Vdr_Mmp13
Fibro_Vdr_Mmp13_w,fibro,,none,MC_70:Fibroblasts,Fibro_Vdr_Mmp13_w,Fibro_Vdr_Mmp13_w,Fibro_Vdr_Mmp13_w
Fibro_Vdr_Bglap,fibro,P,none,MC_70:Fibroblasts,Fibro_Vdr_Bglap,Fibro_Vdr_Bglap_P,Fibro_Vdr_Bglap_P
Micro_Selplg_Siglech,micro,Isocortex,none,MC_68:Microglia,Micro_Selplg_Siglech,Micro_Selplg_Siglech_Isocortex,Micro_Selplg_Siglech_Isocortex
Macro_Mrc1_Ms4a4a,macrophage,Isocortex,none,MC_67:Macrophages,Macro_Mrc1_Ms4a4a,Macro_Mrc1_Ms4a4a_Isocortex,Macro_Mrc1_Ms4a4a_Isocortex
Macro_Mrc1_H2-Aa,macrophage,Isocortex,none,MC_67:Macrophages,Macro_Mrc1_H2-Aa,Macro_Mrc1_H2-Aa_Isocortex,Macro_Mrc1_H2-Aa_Isocortex
Macro_Mrc1_Cd209a,macrophage,Isocortex,none,MC_67:Macrophages,Macro_Mrc1_Cd209a,Macro_Mrc1_Cd209a_Isocortex,Macro_Mrc1_Cd209a_Isocortex
